:020000040800F2
:100000000000082409640008014A0008054A0008A5
:10001000414A00087D4A0008B94A00080000000073
:10002000000000000000000000000000F54A000889
:10003000F94A000800000000FD4A0008014B0008D2
:100040005D6400085D6400085D6400085D6400088C
:100050005D6400085D6400085D6400085D6400087C
:100060005D6400085D6400085D6400085D6400086C
:100070005D6400085D6400085D6400085D6400085C
:100080005D6400085D6400085D6400085D6400084C
:100090005D6400085D6400085D6400085D6400083C
:1000A0005D6400085D6400085D6400085D6400082C
:1000B0005D6400085D6400085D6400085D6400081C
:1000C0005D6400085D6400085D6400085D6400080C
:1000D0005D6400085D6400085D6400081D4B000855
:1000E0005D6400085D640008000000005D640008B5
:1000F0005D6400085D6400085D6400085D640008DC
:100100005D6400085D6400085D6400085D640008CB
:100110005D6400085D6400085D6400085D640008BB
:100120005D6400085D6400085D640008054B00081C
:100130005D6400085D6400085D6400085D6400089B
:1001400000000000000000000000000000000000AF
:100150005D6400085D6400085D6400085D6400087B
:100160005D6400085D6400085D6400085D6400086B
:100170005D6400085D640008114B00080000000089
:100180005D6400085D6400085D6400085D6400084B
:100190005D6400085D6400085D6400085D6400083B
:1001A0005D6400085D6400085D6400085D6400082B
:1001B0005D6400085D6400085D6400085D6400081B
:1001C0005D6400085D6400085D6400085D6400080B
:1001D0005D6400085D6400085D6400085D640008FB
:1001E0005D6400085D6400085D6400085D640008EB
:1001F0005D6400085D6400085D6400085D640008DB
:100200005D6400085D6400085D6400085D640008CA
:100210005D6400085D6400085D6400085D640008BA
:100220005D6400085D6400085D6400080000000073
:100230005D6400085D640008000000005D64000863
:100240005D6400085D6400085D6400085D6400088A
:100250005D6400085D6400085D6400085D6400087A
:100260005D6400085D6400085D6400085D6400086A
:100270005D6400085D6400085D6400080000000023
:100280005D6400085D6400085D6400080000000013
:08029000000000005D6400089D
:1002A00010B5054C237833B9044B13B10448AFF3B0
:1002B00000800123237010BD184B002400000000B3
:1002C0001C5E010808B5034B1BB103490348AFF39B
:1002D000008008BD000000001C4B00241C5E0108CB
:1002E00001F0FF01102A2BDB10F0070F08D010F8E7
:1002F000013B013A8B422DD010F0070F42B3F6D1EB
:10030000F0B441EA012141EA014122F007047FF003
:1003100000070023F0E80256083C85EA010586EA5A
:10032000010685FA47F5A3FA87F586FA47F6A5FA96
:1003300087F68EB9EED1F0BC01F0FF0102F00702A2
:1003400032B110F8013B013A83EA010313B1F8D14D
:100350000020704701387047002D06BF354603382E
:10036000073815F0010F07D1013015F4807F02BF67
:10037000013015F4C03F0130F0BC0138704700BFB8
:1003800053B94AB9002908BF00281CBF4FF0FF31FC
:100390004FF0FF3000F0BCB9ADF1080C6DE904CEB0
:1003A00000F03AF8DDF804E0DDE9022304B070471C
:1003B00007EE900AF5EEC07AF1EE10FA01D400F0E3
:1003C0000BB8F1EE677A08B517EE900A00F004F862
:1003D000404261EB410108BD9FED0B6B07EE100A37
:1003E0009FED0B5BB7EEC77A27EE066BBCEEC66BD4
:1003F000B8EE464BA4EE457BFCEEC77B16EE101A1A
:1004000017EE900A704700BF000000000000F03DAA
:10041000000000000000F0412DE9F047089D8E46E5
:1004200004468846002B4AD18A42174662D9B2FA5E
:1004300082F64EB1C6F1200301FA06F820FA03F362
:10044000B74043EA0808B4404FEA174E1FFA87FC4A
:10045000B8FBFEF1230C0EFB118843EA084301FBB5
:100460000CF29A4209D9FB1801F1FF3080F0EA80C2
:100470009A4240F2E78002393B449A1AA3B2B2FB97
:10048000FEF00EFB102243EA024300FB0CFC9C45ED
:1004900009D9FB1800F1FF3280F0D6809C4540F26C
:1004A000D3803B44023840EA0140A3EB0C03002117
:1004B0001DB1F3400022C5E90032BDE8F0878B4250
:1004C00005D90DB1C5E9000100210846F5E7B3FAE9
:1004D00083F1002946D1734502D3824200F205819F
:1004E000841A6EEB030201209046002DE5D0C5E989
:1004F0000048E2E7002A00F09080B2FA82F6002E6F
:1005000040F0A4808A1A030C4FEA174E80B2BCB2A6
:100510000121B2FBFEFC0EFB1C2243EA024304FB5A
:100520000CF29A4207D9FB180CF1FF3802D29A421A
:1005300000F2E080C4469B1AB3FBFEF20EFB1233BE
:1005400040EA034302FB04F49C4207D9FB1802F182
:10055000FF3002D29C4200F2CA8002461B1B42EAD4
:100560000C40A5E7C1F120068B4022FA06F71F4395
:100570000EFA01F420FA06F32EFA06FE4FEA1749A6
:10058000234300FA01F81FFA87FCBEFBF9F01C0CAC
:1005900009FB10EE44EA0E4400FB0CFEA64502FAED
:1005A00001F209D93C1900F1FF3A80F09C80A64580
:1005B00040F2998002383C44A4EB0E041FFA83FEFB
:1005C000B4FBF9F309FB13444EEA044403FB0CFCAF
:1005D000A44508D93C1903F1FF3E80F08280A44570
:1005E0007FD9023B3C4443EA0040A4EB0C04A0FB4F
:1005F00002EC64457346E14662D35FD05DB1B8EB6F
:10060000030264EB090404FA06F622FA01F31E431E
:10061000CC40C5E9006400214FE7B1FBF2FC010CBE
:1006200041EA0E4180B240EA01423B4638463C4630
:10063000B846BE462026B1FBF7F1A2EB080241EA1C
:100640000C4166E7014618E710462CE7C6F1200288
:100650002EFA02F3B740B14020FA02F24FEA174EE9
:100660000A43B3FBFEF8BCB20EFB1833110C41EA8F
:10067000034108FB04F9B04089454FEA104380B2BA
:100680003ED9791808F1FF3C01D289451FD8A1EB6A
:100690000901B1FBFEF909FB04F80EFB191192B236
:1006A00042EA0142424529D2BA1809F1FF31C4D2C7
:1006B0004245C2D2A9F102013A44BEE7F0459DD2BB
:1006C000BEEB02036CEB070C0138E14696E7A7EBA3
:1006D00009094944A8F1020CB1FBFEF909FB04F831
:1006E000DBE773467FE7504666E70846FDE63B4496
:1006F000023A33E7ACF1020C3B441CE749469CE765
:10070000A1EB0901C446B1FBFEF909FB04F8C4E7FB
:10071000704700BF2DE9F0474FF00009DFF8108166
:100720003F4F0D46C1F800901646C2F800900446AF
:1007300088F8009087F8009001F052FE824601F0A0
:1007400053FE49460246504614F040FF03F056F966
:10075000002842D105F0E6FE98F8003081464BB9FA
:1007600005F0E0FEA0EB09039C4240D398F800306E
:10077000002BF5D02B4B1968002943D048684FF463
:1007800000534FF0000CDFF8A4E003E04FF0000C42
:10079000013B0CD002464868DEF804406407F5D4FB
:1007A0009042F3D10CF1010CBCF1400FF0D11E4886
:1007B00006F0C6F83B7803F0FF04FBB9284601F0C9
:1007C00017FE3060E0B12D68054401F00DFE854252
:1007D00088BF05242046BDE8F0870124124806F0B2
:1007E000AFF8142005F0A4FE2046BDE8F0870224EF
:1007F0000D4806F0A5F82046BDE8F0870324E9E798
:100800000424E7E74FF40053084802E00021013BCD
:10081000CDD042685207F9D401314029F7D1C6E75B
:10082000544B00245C4B0024D84B002400000248A9
:10083000554B00242DE9F04F844A0025A5B084498A
:1008400015702F46834A0346DFF830A20CA81570B6
:10085000814ADFF82C82814C0D7060211560804A3E
:10086000ADF82450ADF82650CDE90A5514F05EFEDF
:10087000DAF8006020462E4406F0010606EB8601F9
:10088000B30008EB810258F8211007930691D2E9D2
:1008900001B9D268059206F053F8204605F0C4FF6E
:1008A0000699059A20466F4BC4F810902262C4E95D
:1008B000021BC4E90037C4E90577C4E90977C4E934
:1008C0000B7705F063FF814620B1002D40F0AB802F
:1008D0000125CDE7024605214E2005F065FE4E209C
:1008E00005F09EFE01F07AFD01F07AFD834601F0ED
:1008F0007BFD0146584603F0A3F80DF1260109A837
:1009000003F0A8F8002840F0848003F0D7F800280E
:100910007FD103F003F800287BD1F0214FF4A070C1
:1009200003F022F8002874D103F054F8002870D1A5
:1009300001F054FD01F054FD834601F055FD0146E0
:10094000584603F07DF8962005F0F2FD40F2DC50A9
:100950000BAA0AA9FFF7DEFE00285AD1DDE90AB387
:10096000059301F03DFD10EB0B0252D0059B032BCC
:100970004FD910F80B10FF294BD15178D82948D105
:100980009178FF2945D1D27802F12001C9B20F290F
:100990000AD9DD2A3BD8BF2A3BD940323249D2B2EC
:1009A00021FA02F2D30734D501F01AFD2F4B584437
:1009B0009B68002B47D05A682D4B002A08BF1A4667
:1009C0004FF0FF334FF0B40C0599CDE9003C3223D2
:1009D00001F0F2FCE8B9DDF81CE04A46CAF8006014
:1009E0008146B644BDF826300132194C08EB8E081A
:1009F000009301920CA8D8F81010BDF82430029191
:100A000001211C4A2170602114F090FD17E0FE2A9C
:100A1000CAD0322005F08CFDB9F1000F7FF455AF3C
:100A20004FF0010969E7BDF826404FF00109BDF814
:100A300024306021104A0CA8009414F077FD484639
:100A400025B0BDE8F08F0A4ABAE700BF554B002435
:100A5000404B0024544B00243C4B0024D84B002432
:100A6000985E01080000024815000028444B00244D
:100A700040690024B85E0108F05E0108384B00248C
:100A80006C640108014B01221A707047554B002419
:100A900001230249024A0B7013707047544B002423
:100AA000554B00242DE9F04FBB4D9FB00024BB4AAD
:100AB000BB4B2846DFF81C83BA4F1470ADF81040CA
:100AC000ADF8124088F800401C703C6005F038FF1B
:100AD000204602F0B3FE00286ED1DFF8FC92D9F870
:100AE0000030012B0AD9B04C0023B04A602106A87F
:100AF000009414F01BFD1FB0BDE8F08F03EB8303DF
:100B0000DFF8D8A2064628460AEB83025AF82310DB
:100B1000536803910293D2E902B405F011FF28460D
:100B200005F082FE029B039928462C62A9606E6044
:100B3000C5E9033B9E4BC5E90566C5E90966C5E9FC
:100B40000B662B6005F022FE04460028CBD101F095
:100B500045FC01F045FC064601F046FC01463046E6
:100B600002F06EFF224605214E2005F01DFD4E20AD
:100B700005F056FD8C4A23460324009260218D4ADD
:100B800006A814F0D3FC0DF1120104A802F062FFD4
:100B900003463220DBB105F0CBFC013CF3D1BDF8BC
:100BA00012405021BDF8103006A8834A009414F07A
:100BB000BDFC1FB0BDE8F08F7B4D23467F4A60210E
:100BC00006A8009514F0B2FC1FB0BDE8F08FBDF888
:100BD000123040217A4A06A80093BDF8103014F074
:100BE000A5FC02F06BFF002885D102F097FE0028DB
:100BF00081D1F0214FF4A07002F0B6FE00287FF4FE
:100C00007AAF02F0E7FE044600287FF474AFD9F80B
:100C10000030012B3FF66FAF03EB83035E480AEB16
:100C200083025AF823B0D668D2E901A905F088FEFC
:100C3000594805F0F9FD5E4B57486C60C5F81090B7
:100C40002E622B60C5E90544C5E90944C5E90B449A
:100C5000C5E902BA05F09AFD044600287FF44BAFBF
:100C600001F0BCFB01F0BCFB054601F0BDFB0146F9
:100C70002846032502F0E4FE224605214E2005F019
:100C800093FC4E2005F0CCFC40F2DC5005F050FC0B
:100C9000059401F0A5FB064601F0A0FB01F0A0FBC6
:100CA000044601F0A1FB0146204602F0C9FE78206F
:100CB00005F03EFC06AA05A940F2DC50FFF72AFD2C
:100CC00000285BD1DDE90531032906EB030255D984
:100CD000002A53D0F35CFF2B50D15378D82B4DD141
:100CE0009378FF2B4AD1D37803F12002D2B20F2A96
:100CF0000AD9DD2B40D8BF2B40D94033314ADBB273
:100D000022FA03F3DB0739D500233B6002F006FE2D
:100D100000287FF4F0AE2C4C2C4B227806933ABB83
:100D200006A9201D0CF0A6F810F0FF057FF4E3AE35
:100D3000294660680CF00AF9034629466068A360FA
:100D40000CF012F9A268E060002A3FF4D4AE00284B
:100D50003FF4D1AE5268002A3FF4CDAE4268002A7B
:100D60003FF4C9AE036A002B3FF4C5AE01232370E4
:100D7000012388F80030BEE6FE2BC5D0782005F0B0
:100D8000D7FB013D88D11248FFF754FD0028BDD0A4
:100D900005233B60BAE700BFD84B0024554B002425
:100DA000544B00243C4B0024505F0108585F01085D
:100DB00000000248885F0108BC5F01081C5F010851
:100DC000E85F010815000028444B00244069002416
:100DD000AC5F0108404B0024384B00246C640108D0
:100DE0003D4B1B78002B35D02DE9F04F2DED0A8BB4
:100DF00099B005F097FB0023044606AA05A940F622
:100E0000B8300593FFF786FC68B1344A13680133A4
:100E1000042B13605CD8322005F08AFB19B0BDECBE
:100E20000A8BBDE8F08F01F0DBFA059BBDF8189046
:100E3000C218069D04D0032D02D9C35CFF2B0CD031
:100E4000264A13680133042B1360E4D92448FFF7C2
:100E5000F1FCE0E7642005F06BBB5378D82BEFD1B1
:100E60009378FF2BECD1D37803F12002D2B20F2A72
:100E70000BD9DD2B00F27C82BF2BE1D94033194A1C
:100E8000DBB222FA03F3D807DAD501F0A9FA164F3C
:100E9000059B1844BB68002B00F020825A68134B56
:100EA000002A08BF1A464FF0FF33B421CDE90031C4
:100EB0003223294601F080FA0646E8B1074A136852
:100EC0000133042B1360A6D90948FFF7B3FCA2E74E
:100ED0000848FFF7AFFC9EE7404B00243C4B002442
:100EE0002060010815000028444B002440690024BC
:100EF0002C60010810600108DB4B186005F012FB44
:100F000080467868D7E902120CF03CF8012882D1BB
:100F1000FA685368126A002B3FF47DAF002A3FF451
:100F20007AAF92F900209FEDD17A8032DFEDD07A4E
:100F300008EE902A93F90020063AF8EEE88A0BEEC4
:100F4000902A93F9012068EE878A063AF8EEEBBA08
:100F50000BEE102A93F90220F5EEC08A063AB8EE9D
:100F6000CBBA6BEEA7BA0AEE902A93F9032093F955
:100F700004302BEE27BA063AF8EEEAAA063BF1EE69
:100F800010FA0CEE102ACDED0BBA09EE903A6AEE8B
:100F9000A7AAB8EECCCA8DED0CBAF8EEE99ACDED61
:100FA0000DAA2CEE27CA69EEA79A8DED0ECACDEDDB
:100FB0000F9A00F1C581F7EE007AF4EE678AF1EE40
:100FC00010FA77FEA88AF4EECBBAF1EE10FA40F1EF
:100FD000B381B0EE4B9A0127B4EEEA9AF1EE10FA23
:100FE00002D5B0EE6A9A0227DFEDA27A7CEE277A6C
:100FF000F4EEC97AF1EE10FA02DDB0EE679A03273B
:10100000B4EEE99AF1EE10FA02D5B0EE699A04272F
:101010009FED98AA0DF12C0B4FF0000AB0EE4A8A12
:10102000F0EE4ACABAF1030FBBEC010A00F04881A6
:1010300030EE490A14F052FE574538EE008A0AF1A4
:10104000010A00F04D81BAF1050FEBD1B5EEC08A6F
:101050007B1EF1EE10FACCBF8AEE089A9FED859ABE
:10106000022B00F26781032F40F04B81DFED827A83
:10107000F4EEE78AF1EE10FA80F25C81DFED7F7A20
:10108000F4EEE78AF1EE10FAC0F24C8102230393EA
:1010900005F048FA834605F045FA824601F0A0F9CA
:1010A000059BC31802933FF4B9AE6A1E4FF6FE7358
:1010B0009A423FF6B3AEB5EEC09AF1EE10FA40F2A6
:1010C0004E81F7EE007AB4EEE79AF1EE10FA80F274
:1010D0004981F6EE007A9FED6A7AE9EE077AFCEE36
:1010E000E77A17EE902AD0B2C2F30722F5EEC08A53
:1010F000F1EE10FA40F23081F7EE007AF4EEE78A72
:10110000F1EE10FA80F23181F6EE007A9FED5C7A12
:10111000E8EE877AFCEEE77A17EE903AD9B2C3F39D
:101120000723AAEB040A039CABEB0808B1EE007A94
:101130008DF845404FF6FF74DFED527AA2458DF8E9
:101140004670EBEE877AADF8509028BFA246A045D6
:1011500028BFA046002460F30704FDEEE77A62F39F
:101160000F24002261F317444749ADF8522063F37E
:101170001F6400236AF30703CAF3072A12946AF371
:101180000F2368F31743C8F3072868F31F6313930B
:101190000B6801330B60159317EE903A3B4993426D
:1011A00010914FF001018DF8441003DBFF2BD4BFE9
:1011B000DAB2FF22B1EE007ADFED327A8DF85820F4
:1011C000EBEE077AFDEEE77A17EE903A002BC0F2CD
:1011D000C180FF2B00F3D280DBB2B1EE007ADFEDED
:1011E000297A8DF85930EAEE877AFDEEE77A17EE24
:1011F000903A002BC0F2AC80FF2B00F3C180DBB231
:10120000B1EE007ADFED1F7A8DF85A30ECEE077AF6
:10121000FDEEE77A17EE903A002BC0F29780FF2B95
:1012200000F3AA80DBB2B1EE007ADFED167A8DF81A
:101230005B30E9EE877AFDEEE77A17EE903A002B05
:1012400003DBFF2BD4BFDEB2FF26B2234BF27F427B
:10125000042410A98DF85D300D4BADF85E202022DE
:1012600007934FF0FF3315E03C4B00246876533B67
:10127000B91FD43D00000000713D2A3FD7A3F03EC6
:1012800000007A4400000043344B002441495631A9
:10129000414945313B488DF85C608DF847400AF084
:1012A0008FF8AAB202994FF0FF3336480AF088F857
:1012B0004FF0FF33224607A932480AF081F8ADE526
:1012C00030EE2C0A4FF0040A30EE490A14F006FD05
:1012D000032F38EE008A00FE0AAAA3E62A4AE2E5B6
:1012E000042FB0EE40AA07F1010A7FF49BAEB5EEE1
:1012F000C08AF1EE10FA18DD7B1E80EE089A022BF0
:1013000018D8DFED227AF4EEE78AF1EE10FA1ADA55
:10131000022F7FF4B3AEDFED1E7AF4EEE78AF1EE32
:1013200010FA07DA01230393B2E67B1E9FED199AA8
:10133000022BE6D90397ABE6B0EE6B9A00274BE69B
:10134000DFED148A3FE603230393A1E600236AE757
:10135000002355E7002340E700231946E1E6002279
:101360001046C3E60322E820C0E60323E821D8E6BE
:10137000FE2B7FF465AD88E5FF2354E7FF232CE7C0
:10138000FF233DE79864002440690024713D2A3F13
:10139000D7A3F03E000000002E480178002958D164
:1013A0002D4A2E4B30B4D2F8E04082B0102544F0E4
:1013B0000104C2F8E040D2F8E04004F001040094D7
:1013C000009CD2F8E84044F00104C2F8E840D2F8AA
:1013D000E82002F0010201924FF08042019C1C685B
:1013E00024F00C041C601C6844F008041C605C6859
:1013F00024F002045C609C6844F00C049C60DC688F
:1014000024F00C04DC601C6A24F0F0041C621C6AEA
:1014100044F010041C62092440F2E7331160946226
:101420000124D3629161B421936943F4C043936171
:10143000936943F400639361916315625461136887
:1014400043F081031360064B0470198002B030BC76
:1014500070477047564B0024004402580000025861
:10146000584B002408B50C4800230C492022836106
:101470000363C0E90013C0E90223C0E90433C0E9F3
:101480000833C0E90A3305F081F900B908BDBDE8A9
:10149000084001F0BBB800BFD84B00240000024850
:1014A0005F4B02682DE9F0439A428DB04FF0000483
:1014B000CDE906440894CDE9094402D00DB0BDE859
:1014C000F083584B0D2603270546D3F8DC204FF058
:1014D000020855484FF0010942F00102C3F8DC2030
:1014E000D3F8DC2002F001020092009AD3F8E02049
:1014F00042F00102C3F8E020D3F8E02002F001023C
:101500000192019AD3F8E02042F08002C3F8E02073
:10151000D3F8E02002F080020292029AD3F8E02091
:1015200042F00402C3F8E020D3F8E02002F0040205
:101530000392039AD3F8E02042F00802C3F8E020B7
:10154000D3F8E02002F008020492049AD3F8E020D5
:1015500042F00202C3F8E0204022D3F8E03003F06A
:10156000020305930223059906A9CDE90623CDE9D7
:10157000097607F0C9F84FF4807306A92B480A963C
:10158000CDE90638CDE9084707F0BEF84FF43C63D3
:1015900006A927480693CDF81C80CDF82090CDE908
:1015A000097607F0B1F8082306A922480693CDE989
:1015B0000976CDE9078907F0A7F8802306A91E4818
:1015C0000693CDE90976CDE9078407F09DF84FF43D
:1015D0004073194806A90A960693184E0997CDE953
:1015E000078907F091F8164A4B233046F4613462BC
:1015F000746286E81C004FF480534FF4806273617C
:101600004FF48043C6E90342B36105F027FB20B9DC
:10161000AE64B5630DB0BDE8F08300F0F7FFF7E707
:10162000000002480044025800000258001C025802
:1016300000080258000C0258000402585C4B0024B9
:1016400058040240144B02689A4200D07047134A73
:101650004021D2F8DC3023F0010310B5C2F8DC30B1
:1016600004460F4807F056FA4FF480710D4807F012
:1016700051FA4FF43C610C4807F04CFA08210B4832
:1016800007F048FA0A484FF4607107F043FAA06C7B
:10169000BDE8104005F072BD000002480044025849
:1016A00000000258001C025800080258000C0258A2
:1016B000000402580F4900200F4BD1F8FC2042F0E3
:1016C000807210B4C1F8FC2001F1C84158601A685A
:1016D000A1F56501094C42F00102A1F67D610848BF
:1016E0001A6023685DF8044BA1FB03139B0C036095
:1016F000704700BF00ED00E0001000E0080000248B
:10170000284C002418490B6823BB10B4174CD4F89C
:10171000FC2042F08072C4F8FC20154A154C53603E
:10172000136843F00103136002F1C642236802F517
:10173000DE1202F68362A2FB03230D4A9B0C0B60B0
:1017400003FB00F0516853685B1A8342FBD35DF8DA
:10175000044B7047064A03FB00F0516853685B1A5C
:101760008342FBD3704700BF284C002400ED00E00B
:10177000001000E0080000240C4B00223B20114622
:1017800010B5D3F8D84082B044F00204C3F8D84072
:10179000D3F8D83003F002030193019B04F004FF57
:1017A0003B2002B0BDE8104004F03ABF00440258AC
:1017B00070B5EFF3108672B61C4C00224FF48051C6
:1017C0002368204623F0407343F08073236007F0C2
:1017D000D7FA4FF4F070FFF795FF01224FF48051D4
:1017E000204607F0CDFA2368462023F0407323609B
:1017F000FFF788FF4FF48051204607F0BBFA0546FB
:101800004FF4CD70FFF77EFF01224FF48051204648
:1018100007F0B6FA2368B5FA85F523F040736D0931
:10182000236006B962B6284670BD00BF00040258A6
:10183000234BD3F8E02042F0020210B582B0C3F887
:10184000E020D3F8E0301F4C03F002030193019B2A
:10185000FFF730FF1C4801224FF48051036823F04A
:10186000407343F08073036007F08AFA022117483F
:1018700007F080FAA0F10100154BB0FA80F04009A2
:101880001870FFF795FF0023124A1349C01A0B7016
:1018900018BF0120114910704FF40040104A0B602E
:1018A0001370104A2080136004F03CFE0E4B01219F
:1018B0000E4AA0F57A701170186002B010BD00BF1A
:1018C000004402580000002400040258002002587E
:1018D0003B4C00243A4C0024394C0024344C002466
:1018E000384C0024304C00242C4C00243C4C002468
:1018F00030B5194889B000230222184D0621C36172
:1019000008248362009206920122C4608260402211
:101910000194C0E90053102303614FF480739FEDDD
:101920000C7BC0E905234FF400624FF48053CDE9EE
:10193000021169468DED047BC0E9082309F0DEFC45
:1019400008B909B030BD00F061FE09B030BD00BF7C
:101950000200000002000000484C002440410052F8
:101960003A480023F0B50168B7B0CDE90133CDE9BD
:101970000333059309B137B0F0BD0123A0224FF026
:101980008074002503600EA813F020FE02230522B8
:1019900006A81893CDE90A335023CDE90823042281
:1019A0008023CDE90645CDE90C2308F01DFC002875
:1019B00048D1274B4FF63F0102270026D3F8D42009
:1019C00003250C24234842F48052C3F8D420D3F8D2
:1019D000D430019101A903F4805302970594009338
:1019E000009BCDE9036506F08FFE0D2301A91A487F
:1019F0000193CDE90276CDE9045406F085FE48F264
:101A0000371301A915480193CDE90276CDE90454B5
:101A100006F07AFE4FF6837301A911480193CDE9D0
:101A20000276CDE9045406F06FFE4CF2037301A96F
:101A30000C48029705940193CDE9036506F064FE16
:101A400037B0F0BD00F0E2FDB3E700BF404C00242A
:101A500000440258001402580008025800180258A6
:101A600000100258000C02582DE9F047744B90B05A
:101A70000024744FDFF8D4A148F201110E943846C7
:101A8000714E0125DFF8C881DFF8C891CDE90A441D
:101A9000CDE90C44D3F8E02042F01002C3F8E02076
:101AA000D3F8E02002F010020192019AD3F8E0206E
:101AB00042F02002C3F8E020D3F8E02002F0200238
:101AC0000292029AD3F8E02042F08002C3F8E020AC
:101AD000D3F8E02002F080020392039AD3F8E020CA
:101AE00042F00402C3F8E020D3F8E02002F0040240
:101AF0000492049AD3F8E02042F00102C3F8E020F7
:101B0000D3F8E02002F001020592059AD3F8E02014
:101B100042F00202C3F8E020D3F8E02002F0020213
:101B20000692069AD3F8E02042F04002C3F8E02083
:101B3000D3F8E02002F040020792079AD3F8E020A1
:101B400042F00802C3F8E020D3F8E02002F00802D7
:101B50000892089AD3F8E02042F48072C3F8E0209B
:101B60002246D3F8E03003F480730993099B07F011
:101B700007F922465046242107F002F92246304652
:101B80003A2107F0FDF822464046012107F0F8F817
:101B900001224846802107F0F3F840F201130AA918
:101BA0003846CDE90A35CDE90C4406F0ADFD2423D5
:101BB00050460AA90A930D94CDE90B5406F0A4FDF2
:101BC00022230AA930460A930D94CDE90B5406F05E
:101BD0009BFD0AA94046CDE90A55CDE90C4406F023
:101BE00093FD0222002340460AA90C94CDE90A2362
:101BF00006F08AFD802348460AA90A930323CDE90B
:101C00000B540D9306F080FD4FF4004338460AA9AB
:101C10000D940A93CDE90B5506F076FD18230AA919
:101C200030460A931123CDE90C550B9306F06CFD59
:101C300021464FF0807004F093FC10B0BDE8F087AF
:101C4000004402580000025800040258001C0258C8
:101C500000200258000C025810B5174800231749FD
:101C60000124174A036280E81E00C0E90433C0E97A
:101C7000063307F093F850B900210F4807F0E8F851
:101C800068B900210C4807F00DF980B910BD00F0CB
:101C9000BDFC0021084807F0DBF80028F1D000F077
:101CA000B5FC0021044807F0FDF80028EED0BDE89F
:101CB000104000F0ABBC00BF804C0024001C00585A
:101CC000B17570302DE9F043BBB000210446C0224D
:101CD0000AA80891CDE90411CDE9061113F076FCAC
:101CE000294B22689A4202D03BB0BDE8F083102213
:101CF00000230AA8CDE90A2308F076FA002840D18B
:101D0000224C4FF480584FF012090026D4F8E030EE
:101D10000027042504A943F080031D48C4F8E030DF
:101D2000D4F8E03003F080030193019BD4F8E03055
:101D300043F00803C4F8E030D4F8E030089503F02D
:101D400008030293029BCDE90489CDE9066706F0FA
:101D5000DBFC04A90F480895CDE90489CDE90667A5
:101D600006F0D2FCD4F8F43043F08003C4F8F43029
:101D7000D4F8F43003F080030393039B3BB0BDE839
:101D8000F08300F043FCBBE7001C005800440258FD
:101D9000001C0258000C025838B5456F9DB1D5E9BA
:101DA0000143A3420FD2E41A0846944228BF1446C6
:101DB00029B129682246194413F04CFCAB6823442E
:101DC0002046AB6038BD0024204638BD002964D0D1
:101DD0002DE9F04FB2FA82F785B07F09002A50D082
:101DE000B2F80280B8F5A07F4BD2D388EF2B50D841
:101DF0000D46918814885E1AA8EB0408701C08F13F
:101E0000010342D003EB43000290002B3DD041F28E
:101E1000233A42F2915940F24C7BAC46039660461D
:101E20000025CDE9007C01E0148891884378454580
:101E300090F800E000F10300009E09FB03F310F8A6
:101E400001CC31440AFB0E33154F01EB81010BFB32
:101E50000C3307EB811103F5005329444FEAA333F8
:101E600005F101050B55DFD10399029BDDE9007CEB
:101E70008F429C4407F1010307D01F4614889188C4
:101E8000CDE7002005B0BDE8F08F012005B0BDE82A
:101E9000F08F384605B0BDE8F08F0020704700BFD6
:101EA000B0F103242DE9F04FADF5317D8146884630
:101EB000BF48002102924FF496321F46DFF830B33C
:101EC000BDF9E8429DF8EC5213F080FBDFF824A343
:101ED00000230FAAB749119312A800928BF8003083
:101EE000AAF80030B44ACDE90F98DFF80C93DFF878
:101EF0000C8389F80030A8F800304FF4805302F0CA
:101F000023FF8BF80000002840F03C81BDF86430CE
:101F10000246AA4912A8AAF80030BDF86630A8F80F
:101F2000003003F01FFA804689F80000002840F0D6
:101F30002F8257EA040300F02C81A6469C4BDFF861
:101F4000C0A240F23F140EEB8E0903F5A0700EF113
:101F5000F00B00EB89104FEA89193844AAEB090A03
:101F6000C9F100090AF1FF3ABEF1EF0F9049AAEB5F
:101F70000902A0F5A0738CBF00270127A9EB010679
:101F8000F118A14202D8002F40F09F81013302F8DE
:101F9000015F8342F4D10EF1010E00F5A070A9F5A6
:101FA000A079F345E0D1864EDFF854923378002BC8
:101FB00000F0F680834A09F1270BCDF8109008262F
:101FC00030AB0DF2BE2409277F4D914641460BF5FB
:101FD000A072D846CDF814B0CA46B3460E46039256
:101FE00018464FF40072002113F0F0FAC44603467D
:101FF00008F51650ACF1280111F801EF33F81E2056
:102000008C4502F1010223F81E20F5D10CF5A07CCD
:102010006045EFD10DF1BE024FF0000E114631F8D0
:10202000020F0928A0F1090C01D9E6440F80A14252
:10203000F5D1BEF1000F40F01581D446002032F8F2
:10204000021F0844A242C0EB002101F51671A5FB56
:1020500001E14FEAD1110CF8011FF0D108F1280875
:10206000039A0AF5807A4245BAD131465E46DDF8D8
:1020700014B009F50069013E0BF5165BA7D1DDF838
:102080001090524AC9F100036FF070099446DFF8CE
:1020900074B10393A9EB0209029B3246DFF868A1F1
:1020A000013B0D910C934A4B98461CF8013F1BF8DD
:1020B000015F09EB0C010693C3F11E0318F8014FF1
:1020C00001FB01F1434E0593ED00039BE4000491F5
:1020D00040F62F214048C91A0C9B404F03EB020EDB
:1020E0000296CDF82C90CDE907B8CDE909C210F8D9
:1020F00001CB01F1010891F801B0A1F69F234146FF
:1021000005EB0C08A44417F8012F039E0AEB0828DE
:102110000AEB0C2C3344049E1CF80B9005EB020CCC
:10212000224403FB03630AEB0C2C029E0AEB0222FF
:1021300018F80B801CF80BC012F80B2016F801BF22
:10214000029642F21076B34240F300816FF07F03B3
:102150000EF8013F224B9842C9D1039BDDF82C9029
:10216000A3F5A073DDE909C203931E4BE0329C4541
:10217000DDE907B899D1DDF8348040460DF5317DB1
:10218000BDE8F08F4FF0020840460DF5317DBDE807
:10219000F08F0B4EDFF818903378002B7FF40AAFE6
:1021A000DFF868C09E46104F104DDFF864A04BE08A
:1021B000B0F10324991D00086C530024CD1D0008C4
:1021C000DA4C0024AF850224B5814E1BE34C002479
:1021D000D34D0024DB4F00245C5200241B5100240B
:1021E0003C530024C34D0024EB500024AB4F00248B
:1021F000D94C0024D64C0024D84C0024D44C0024C4
:10220000B0C50224C34E0024B08502242B52002402
:10221000CDCCCCCC6009C4F347140133072804F1BA
:1022200001020CF8014F18BFD0B2AAFB01B2B3F5FE
:10223000A07F4FEA521207F8010F02EB8202A1EBD6
:10224000C20105F8011F51D0A3F11401132BAAFB01
:102250000124DFD801330CF801EF07F801EF05F88E
:1022600001EFF1E75FFA8EFC0DF1BE01CEF30F2E08
:1022700031F8020F7044A1420880F9D1BCF1000F7F
:102280003FF4DBAE4FF4807106926246B1FBFCF185
:10229000C1EBC17E084603EB4E0E3EF810C0013A7A
:1022A0000CF1010C2EF810C014BF4FF0010C4FF0D0
:1022B000000CFF288CBF4FF0000C0CF0010C084400
:1022C000BCF1000FE9D1069AB7E613F8011B98425A
:1022D00002F8011F7FF454AE0EF1010E00F5A0705C
:1022E000A9F5A079F3457FF43FAE5CE600232C4FBF
:1022F0002C4D2D4C9C46DFF8BCE019E00109C0F3E1
:1023000007100133072900F1010A07F8010F18BF70
:102310005FFA8AF1AEFB02BAF02B05F8011F2AF032
:102320000F01A1EB1A11A2EB410204F8012F2CD0EE
:10233000A3F10F020E2BAEFB0210DFD8013307F81A
:1023400001CF05F801CF04F801CFF1E712FB0BF242
:10235000069B1CFB0BFCCBF1280B0BFB09220BFB98
:1023600008CB03FB02F2059B03FB0B2202F516735D
:102370000E4AA2FB03320E4BD2099842A2F1800210
:102380000EF8012F7FF4B3AEE7E60123337011E6B8
:102390004FF0030840460DF5317DBDE8F08F00BFDA
:1023A000BB4E0024CB4D0024DB4C0024B5814E1BDA
:1023B0003C53002489888888002918BF002870B4FD
:1023C000BDF90C509DF8104005D022B1CDE9035461
:1023D00070BCFFF767BD012070BC7047704700BF3D
:1023E00000487047000000304FF48030704700BF55
:1023F00010B44FF6FF73184C1A46013BE15CFF29FD
:1024000006D0002BF8D118BB00205DF8044B7047B4
:10241000A15CD929F5D102F1010CBCF5803FF2D0C5
:102420001146013AA35CFF2B06D0002AEBD01146DF
:10243000013AA35CFF2BF8D1635CD82BF5D100B136
:1024400002606245E0D2ACEB02005DF8044B7047DD
:1024500000230360D8E700BF0000003070B58EB0E5
:10246000054634220E4601A8002113F0AFF84FF4C0
:1024700080724FF080730124069269464FF0FF325C
:102480000A48009509930A9406F082FE10B120468E
:102490000EB070BD4FF0FF323146044806F0E6FE44
:1024A000003818BF0120A040F2E700BFB06300244D
:1024B0002DE9F04F4FF0404C06460F469046002362
:1024C000464C4748474983EA040203448B424CF890
:1024D000042BF8D14FF00009434D444CDFF8FCB019
:1024E000DFF8FCA0BFF34F8FBFF34F8F4FF0404397
:1024F000C5F868322033A342FAD1BFF34F8FBFF340
:102500006F8FBFF34F8F4FF04043C5F85C322033DD
:10251000A342FAD1BFF34F8FBFF36F8FB9F1000F12
:1025200036D000244FF04042DFF8DCE02C4D23464B
:1025300003E00133B3F5806F3DD0106884EA0E01EB
:1025400094462C44814202F10402F2D003F140523D
:1025500009F10D04264D9200DCF800902C60E4B2E5
:10256000DCF800E0DCF800503260224A396041407B
:102570001360214B214A1960214BC8F80000C3F8B1
:102580000090204BC2F800E01D602046BDE8F08FAF
:10259000CE464B464FF0404203E00133B3F5806F27
:1025A0000BD010688EEA0B019446D644884202F1A3
:1025B0000402F2D0CAE70024E7E700234FF0404CC2
:1025C00011484FF001090649DFF818E083EA0002DC
:1025D0000B4473454CF8042BF8D183E7C33C5AA550
:1025E000814020100004028100ED00E0001000C0D6
:1025F000A06300249C63002498630024906300245B
:10260000946300248C6300243CC3A55A00B50023C6
:1026100089B0CDE90233CDE90433069372B6154B88
:102620000224012502A9D3F8E020134842F0020257
:10263000C3F8E020D3F8E030CDE9024500240025BE
:1026400003F00203CDE904450B4D0C4C0093009BB5
:1026500006F05AF80221284606F096FB0023019363
:10266000019BA342F6D8019B01330193019BA34236
:10267000F9D9EFE700440258000402587F8D5B004F
:1026800010B59EB04C2200210AA812F09FFF202214
:10269000002102A812F09AFF022006F02FFC234A24
:1026A0000021234B0191916941F44041916191696D
:1026B00001F440410191D96A41F00101D962DB6A1C
:1026C00003F001030193019B93699B04FCD5012056
:1026D0004FF4803102230022082419931A94CDE983
:1026E0000A0105210AA81591C021CDE91333CDE9CE
:1026F00017331691CDE91B2206F020FF034698B947
:102700003F21402204934FF480630291032102A8E9
:10271000079203910421CDE90542CDE9083207F083
:1027200089FA08B91EB010BDFFF770FF00480258C3
:10273000000400582DE9F04F0023D9B00124CDE961
:102740003833CDE93A3303F08FFF4FF04051464A1A
:102750004FF4807338A8ADF8E0403B93CDE93912CF
:1027600003F0A0FF414A424B4FF0404138A88DF89A
:10277000E1403991CDE93A2303F094FF062003F0BC
:1027800081FF3C4A536913F4003311D1BFF34F8FDB
:10279000BFF36F8FC2F85032BFF34F8FBFF36F8F0D
:1027A000536943F400335361BFF34F8FBFF36F8F0F
:1027B0003048436913F4803324D1C0F88430BFF328
:1027C0004F8FD0F8805043F6E076C5F34E34C5F312
:1027D000C905640104EA06012B4641EA8372013B04
:1027E0005F1CC0F86022F8D1203C14F1200FF1D119
:1027F000BFF34F8F436943F480334361BFF34F8F7F
:10280000BFF36F8F1B4A536923F008035361BFF373
:102810004F8FBFF36F8F03F049FEFFF731FF16496B
:102820000B6843F080030B600B68DE0506D4134B86
:1028300000E01BB10A68013BD505FAD50E4BD3F871
:10284000F42042F00202C3F8F420D3F8F43003F08D
:1028500002031693169B03F08DFE09490B6ADC05F3
:1028600015D4064B0FE000BF0F0001011800000354
:102870000100010100ED00E00044025840420F0059
:10288000000400581BB10A6A013BD005FAD5FFF7D6
:10289000EBF8C14CFEF770FF03F052FCFEF7E2FDCF
:1028A000FFF7DAF903F090FCFFF722F801F05EFF82
:1028B000FEF772FDFEF7BCFF01224FF48071B748AE
:1028C00006F05EFA4FF47A6003F032FE0023C4F89B
:1028D0008430BFF34F8FD4F8805043F6E076C5F3D1
:1028E0004E30C5F3C905400100EA06012B4641EA16
:1028F0008372013BC4F874225A1CF8D1203810F1BD
:10290000200FF1D1BFF34F8FBFF36F8FD4F89C32FC
:1029100043F00403C4F89C32BFF34F8FBFF36F8FB3
:1029200001F0D2FF0023802138A81D931B93ADF83E
:1029300054308DF8563019931C938DF851308DF822
:1029400052308DF85330964ECDE91E33CDE9173312
:102950000123D4F89820C4F89830D4F8A030C4F8F3
:102960009820904A009303F0010312F0DFFDDFF896
:1029700068C233688021DCF8207038A8DCF8205069
:10298000C3F30023D4F89C4207F00107DCF820C011
:10299000C5F30025C4F38004834A0097CDF80CC02A
:1029A0000294019512F0C2FD8048814A802103689B
:1029B000476A8568C3F38143C468C7F30317006996
:1029C000C5F38145C4F38144C0F3402002940390D1
:1029D00038A8CDE9007512F0A9FD33681B0100F19C
:1029E0001C836F4BDD6C15F0030500F01283022D84
:1029F0000CBF1F9F002707F08FF8044607F044FA2A
:102A00006C4A234601248021009038A86A4ECDE903
:102A1000014412F08BFD624A2B4627FA04F5116837
:102A2000306CC1F3C061654A039038A800918021E1
:102A3000CDE9017512F07AFD102700234FF0FF3227
:102A40002AA95F482A942C942D932B9708F080FC98
:102A50000546002800F0E58023465A4A802138A820
:102A600012F064FD342200212BA812F0AFFD4FF4C8
:102A700080734FF0807C4FF0FF3230939F232AA960
:102A800051482A930323CDE933C306F081FB002884
:102A900000F0B4820123029380219DF8563038A8BB
:102AA0004A4A01939DF8553000939DF8543012F036
:102AB0003DFD0DF151010520FFF7D0FC04460DF15D
:102AC00052013520FFF7CAFC04430DF153011520D4
:102AD000E4B2FFF7C3FC9DF8532044EA00038021D1
:102AE000019238A8DBB23A4A02939DF85230009323
:102AF0009DF8513012F01AFD342200212BA812F05B
:102B000065FD08234FF480702AA92F934FF0FF3200
:102B100034935A2330902A934FF480632A48319398
:102B20004FF400532D934FF08073339306F030FB36
:102B3000002800F0588201239DF871109DF86F2045
:102B40009DF86E009DF87040CDE904139DF86D105E
:102B50009DF86C30CDE90010CDE9022480211D4A9A
:102B600038A812F0E3FC01F0D5FE002800F05982ED
:102B700009480023C0F88430BFF34F8FD0F880504D
:102B800043F6E076C5F34E34C5F3C905640104EAA3
:102B900006012B4622E000BF00ED00E000000258D5
:102BA0000044025858600108906001080010025863
:102BB000D06001080C610108004100524461010825
:102BC000484C00245C620108B0630024586301088B
:102BD0007C630108AC6301080004005841EA837279
:102BE000013BC0F874225A1CF8D1203C14F1200F8C
:102BF000CDD1BFF34F8FBFF36F8FD0F89C3223F04E
:102C00000403C0F89C32BFF34F8FBFF36F8FAA4C01
:102C1000FDF748FFFEF7E4F80221204606F0B4F87D
:102C2000F8E7204603F084FC2D9502254FF0FF3293
:102C30002AA9A2482A95CDE92B7408F089FB00281F
:102C400040F0FB81032508232D904FF0FF322AA985
:102C50009A482B972A952C9308F07AFB002840F08D
:102C6000EC814FF408734FF0FF322AA993482D935B
:102C7000CDE92B7404242A9408F06AFB00287FF421
:102C8000EBAE4FF4B9718D4808F082FB8246002804
:102C900040F047824FF0FF090746DFF8688204469C
:102CA000336C23F4C04343EA44333364BFF34F8FA0
:102CB000BFF36F8F19AA18A917A81997CDE917772D
:102CC000FFF7F6FB1999189A0546336C03924A40B0
:102CD00000932346019038A8CDE90412179A802169
:102CE0000292424612F022FC25B9B9F1FF0F08BF4B
:102CF0005FFA84F90134032CD2D1714AB9F1FF0F84
:102D000018BFCA460A94136C23F4C04343EA4A33FB
:102D10001364BFF34F8FBFF36F8F002319AA18A955
:102D200017A81993CDE91733FFF7C2FB05460090AA
:102D3000002840F084810223624A802138A8019350
:102D40000DF1900A604B12F0F1FB604A60490DF101
:102D5000A80E07924FF0404C5E4A74465E480DF153
:102D6000800E0B925D4A089109900E925C495D4875
:102D70005D4A5E4B0C910D9003F110090F9203F127
:102D8000300B5B495B485C4A109111901292DFF85E
:102D900078815A4F5A4E0FCB8EE80F00B9E80F00DA
:102DA0000FC499E80F0084E80F00BBE80F00AAE801
:102DB0000F00464B4FF0400E4B4A1D60444B4E4CAB
:102DC0001D60454BC8F800501D60424B3D601D60C2
:102DD000434B35601D60434B15601D603F4B2560C4
:102DE0001D6019959BE80300CDE917558AE803009B
:102DF0003F4940480D600560ACF800E0ACF8025077
:102E0000ACF80450ACF80650BFF34F8FBFF36F8F90
:102E1000BCF800309BB21360BCF802309BB20B6070
:102E2000BCF804309BB20360BCF806309BB2236050
:102E3000BCF800309BB2402B40F02D81BCF8022042
:102E400092B2002A40F02781BCF8042092B2002AF6
:102E500040F02181BCF8061089B2002940F01B81A6
:102E6000ACF80010ACF80210BFF34F8FBFF36F8FB8
:102E70008CF80030BFF34F8FBFF36F8F9CF800309A
:102E80000B9A13600C9A9CF8013013600D9A9CF811
:102E9000023013600E9A9CF8033013609CF80230E5
:102EA000402BDAB200F0BE8120AD0C4635F8020BA3
:102EB0004FF0404300222DE000040258484C00240B
:102EC00000410052F061010824620108946300246B
:102ED00090630024886300248C6300247C630024B6
:102EE000846300248063002478630024405E01082A
:102EF00074630024706300246C6300249C630024CA
:102F00009863002490610108A06300240132402AE4
:102F100000F009811880023333F8021C89B288421C
:102F2000F4D002F1C0433A60012218905B0048409F
:102F3000C8F80020042217930B46306000928021CD
:102F4000199338A89B4B9C4A12F0F0FA179B002B60
:102F50003FF488AD189A802138A80092199A0192FE
:102F6000964A12F0E3FA31689548964A3B68B1F503
:102F7000803F28BF024638A80093D8F8003001915E
:102F800080210292904A12F0D1FA099B8F4A802147
:102F90001B6838A80193089B1B680093079B1B685C
:102FA00012F0C4FA129B8A4A80211B6838A8029347
:102FB000119B1B680193109B1B6800930F9B1B6860
:102FC00012F0B4FA0E9B834A80211B6838A8029342
:102FD0000D9B1B6801930C9B1B6800930B9B1B684C
:102FE00012F0A4FA3EE54FF0FF321BA97A4806F032
:102FF0003DF9031E18BF01235B009DE54FF0FF3232
:1030000015A9754806F032F9031E18BF01235B00AD
:1030100041E506F039FF0746EDE41DA808F03AF84F
:10302000DFE46E484FF010436D4A60211B6804686E
:1030300038A8009412F07AFA9AE52B460DE50E288E
:1030400055D00123674A8021019338A8594B12F0CB
:103050006DFA584B584A802138A8009512F066FA4C
:10306000614B624E0793624BDFF8B4810893614B6A
:10307000614F0993614B0F93614B1293614B119315
:10308000614B1093614B0B93614B0E93614B0D930E
:10309000614B0C935AE74FF040431A8892B2402A92
:1030A00027D01A8800240C2192B23C600A9482F046
:1030B0004002C8F8001032600A9A0A99B2FA82F205
:1030C00001F1C041520949009201179118921A88E2
:1030D000079992B20A601A88089992B20A601A880F
:1030E000099992B21B880A609BB20C2226E7022340
:1030F000A8E75A8892B262B101230A930A9B0C2274
:103100003B605B00C8F8002003F140431A8892B28C
:10311000D1E79B889BB2002B0A9B18BF02230A931E
:10312000ECE7052399E40134082C7FF4BFAE0020BE
:103130003A4D044680F4B44C4FF040431FFA8CFCE7
:1031400023F8024BAB42FBD1BFF34F8FBFF36F8F1E
:10315000430003F14043A3F800C0BFF34F8FBFF318
:103160006F8F002102E00131402973D04A0088426C
:103170000CBFE6464FF0000E02F1404213889BB2AE
:103180007345F0D041EA00410798396083EA0E01A7
:103190003160118889B201601188089889B2CDE93F
:1031A000172E1288016092B209990A600622C8F8A7
:1031B0000020C3E6E861010828620108786201087E
:1031C0004C60010854600108AC620108E462010827
:1031D0000863010830630108B063002400004090D8
:1031E000E4630108F06101089463002498630024FB
:1031F000906300248C6300249C6300247863002483
:103200006C630024706300247463002488630024CA
:103210007C6300248063002484630024800000C059
:10322000A063002432600B223960C8F800200798A0
:103230009CF80230036008989CF802300360A148B3
:103240009CF80230CDE9170109990B609CF8023017
:10325000DBB273E6013040287FF46CAF2AAD4FF04B
:1032600000094FF04041284613950288448890F8A1
:1032700000C0120A90F802E0240A81F800C04A70E7
:1032800081F802E0CC70BFF34F8FBFF36F8F0D78E2
:10329000043091F801A091F802B0AC45CB785FFA08
:1032A0008AFA5FFA8BFBDBB20A93EBB240F09F80A5
:1032B000524540F09C80DE4540F0B6800A9BE31A00
:1032C00018BF0123002B40F0AF8009F10109B9F1CB
:1032D000080FCAD1139D0DF1A80E9B464FF0404137
:1032E00000221FFA82F9BEF800C0BEF8020089EA87
:1032F0000C0C89EA0009A1F800C0BFF34F8FCDF88C
:1033000068B002E01A9801301A901A98C728F9D9C3
:10331000A1F80290BFF34F8FBFF36F8F0C88B1F805
:1033200002A0A4B21FFA8AFAA44540F04381B9EB87
:103330000A0018BF0120002840F03C81013204310E
:10334000402ACED101330EF1040E082BC6D1864699
:103350000DF1A8094FF04040002108E0BCEB0A0441
:1033600018BF0124ECB90131402900F0B1801FFAE7
:1033700081FCB9F80020B9F802308CEA02028CEA2C
:10338000030C0280A0F802C0BFF34F8FBFF36F8F12
:103390000388043030F802AC9BB21FFA8AFA9A42D2
:1033A000DCD041EA0E409A4238600CBF0120002078
:1033B00000EB41014FF007004FEA4101C8F800005F
:1033C00001F1404100F01D810888079C80B2206017
:1033D0000888089C80B2206082EA03003060088878
:1033E00080B2099CCDE9171220600522A6E59C4514
:1033F0004FEA094934D00A224FF04040C7F8009004
:10340000C8F800208CEA0302079C3260624601780B
:103410002160089C017821600178C9B2099CCDE93E
:10342000170221600A2289E54FEA0949DE4530D0BA
:103430000A234FF0404149F00209079CC8F80030C8
:103440008EEA0B03C7F80090724633605B468878BB
:103450002060089C8878206089781A48C9B2DDE726
:103460005245E3D00A234FF0404149F00109079C3F
:10347000C8F8003082EA0A03C7F800903360534668
:1034800048782060089C4878206049780E48C9B286
:10349000C4E70A980A234FF0404149F00309C8F8ED
:1034A000003084EA0003C7F80090224633600346E8
:1034B000079CC8782060089CC8782060C9780348B9
:1034C000C9B2ABE7020000C0010000C0030000C0A9
:1034D0000EF1010E09F10409BEF1080F7FF43AAFB5
:1034E000A6464FF0404B2C884FF04042688800239E
:1034F00099B20133043284EA010C402B81EA0001C5
:1035000022F804CC22F8021CF2D1BFF34F8FBFF394
:103510006F8FBBF80030BBF802C0B5F802909BB2C9
:103520001FFA8CFCB5F800A0CC4540F0B380B3EB9B
:103530000A0218BF0122002A40F0AC808F490132F4
:10354000402A90B275D00B888AEA0004B1F802C014
:1035500089EA00009BB204311FFA8CFC9C4201D125
:103560006045ECD02146044642EA0E40994238605C
:103570000CBF0120002000EB42024FF005004FEA93
:103580004202C8F8000002F1404200F08780108833
:10359000079C80B220601088089C80B2206081EA7D
:1035A00003003060108880B2099CCDE917212060AB
:1035B0000522C3E442EA0343A44507993B600CBFDC
:1035C0000123002303EB42024FF008034FEA4202BB
:1035D000C8F8003002F1404213889BB20B60138898
:1035E00008999BB20B601CD08CEA040311886046DA
:1035F000336089B22346099CCDE917202160082257
:103600009CE40B88079A9BB213600B88089A9BB2C4
:10361000088813608CEA0A0380B26246336053461E
:10362000DFE689EA0A0311884846336089B25346C7
:10363000E1E70EF1010E0435BEF1080F7FF453AF40
:1036400000234F499A0083EA0100013302F140420E
:10365000B3F5806F1060F5D1BFF34F8FBFF36F8F5D
:103660000022474803E00132B2F5806F26D0930074
:1036700082EA000103F140431C688C42F3D01793A7
:103680001B683A60022218915940C8F800200122B4
:10369000316053E44C465146002265E71388079990
:1036A0009BB20B60138808999BB210880B608CEA60
:1036B000040380B221463360634675E70023314935
:1036C0005A0083EA0100023302F14042B3F5006F71
:1036D0001060F5D1BFF34F8FBFF36F8F00222948E1
:1036E00003E00132B2F5806F12D0930080EA42010C
:1036F00003F140431C688C42F3D017931B683A6077
:10370000032218915940C8F800200222316015E4C4
:1037100024AB00211C4C184650F8042B013102F157
:103720004045062982EA04022A60F5D1BFF34F8F93
:10373000BFF36F8F0021144C53F8042B02F140406B
:103740006240056895420CD101310629F4D100236D
:103750000E4A802138A800930D4B11F0E7FEFFF7C9
:1037600081B9036818925A40396017903260042278
:10377000C8F800200322FFF7E1BB00BF040000C02F
:103780000000A5A500005A5A6824571328620108B2
:103790002462010808B500224FF40041254805F0D5
:1037A000EFFA01222348114605F0EAFA4FF480713E
:1037B0000122204805F0E4FA1E2002F0B9FE1E4B5B
:1037C00000221C481B78012B14BF01214FF480718B
:1037D00005F0D6FA502002F0ABFE00224FF4004173
:1037E000144805F0CDFA1E2002F0A2FE01224FF48B
:1037F0000041104805F0C4FA502002F099FE9620CE
:1038000002F096FE00224FF400410A4805F0B8FA93
:103810001E2002F08DFE01224FF40041054805F004
:10382000AFFA502002F084FE9620BDE8084002F076
:103830007FBE00BF00000258AC630024012801D9FC
:103840000120704738B50122104D114B002411465C
:10385000287010481C7005F093FA4FF48071012213
:103860000C4805F08DFA1E2002F062FE2B782246ED
:103870000848012B14BF01214FF4807105F080FA34
:10388000502002F055FE204638BD00BFAC63002436
:10389000AD6300240000025830B5002383B08DF8DA
:1038A00006308DF8073078B10D4669B10446012223
:1038B000FF21602000F0CCFA30B91C2160200DF10E
:1038C000060200F0E7FB10B1012003B030BD0DF19E
:1038D00007021D21602000F0DDFB0028F4D19DF8D7
:1038E00006100DF106029DF80730602043EA01231F
:1038F0000A21238000F0CEFB0028E5D10DF107025C
:103900000B21602000F0C6FB0028DDD19DF80620C9
:103910009DF8073043EA02232B80D6E738B5104CD8
:1039200004F1100501E0AC4209D0627860202178F2
:10393000023400F08DFA0028F5D0012038BD094C82
:1039400004F10E0501E0A542F8D0627860202178EC
:10395000023400F07DFA0028F5D00120EEE700BF28
:103960000C650108FC640108B0F5A07F12D1B1F12B
:10397000F00218BF01226AB9FF21602008B500F0EB
:1039800067FA28B90422E021602000F061FA18B13A
:10399000012008BD0120704750225A21602000F00C
:1039A00057FA0028F4D13C225B21602000F050FA45
:1039B0000028EDD102465C21602000F049FA002881
:1039C000E6D10246E021602000F042FA003818BF3C
:1039D000012008BD38B5084C04F15C0501E0AC429B
:1039E00008D0627860202178023400F031FA002893
:1039F000F5D0012038BD00BF9464010838B50C4BE8
:103A00001B7893B10B4B1A687AB10B4802210B4B10
:103A100005681B68EC68CB4044F00104EC6002F0E0
:103A20000FFF003818BF012038BD012038BD00BF8E
:103A3000AD630024A8630024D84B0024A4630024B1
:103A4000024A034B10601960704700BFA86300244E
:103A5000A4630024F8B570B3B1FA81F60D46760977
:103A600049B30446032726802E80FFF793FE00F01B
:103A7000A7F90122FF21602000F0EAF9802212213B
:103A8000602000F0E5F9322002F052FD2946204680
:103A9000FFF702FF034647F6A27242F2426C9620FD
:103AA0002BB92188914202D12A88624504D002F0C4
:103AB0003FFD013FD7D101231846F8BD70B5002363
:103AC00082B04D4E0122FF216020ADF80430ADF8E8
:103AD0000630337000F0BCF912218022602000F023
:103AE000B7F9322002F024FD962002F021FD0DF1FD
:103AF000060101A8FFF7D0FE28B9BDF8042047F65B
:103B0000A2739A4237D0FFF745FE00F059F901221F
:103B1000FF21602000F09CF912218022602000F03B
:103B200097F9322002F004FD962002F001FD0DF11C
:103B3000060101A8FFF7B0FE28B9BDF8042047F63A
:103B4000A2739A4202D0012002B070BDBDF80620D7
:103B500042F242639A42F6D1284C04F5B27501E074
:103B6000AC420FD0627860202178023400F070F906
:103B70000028F5D0E7E7BDF8062042F242639A42FA
:103B8000C1D1E9E71E4C04F10A0501E0A54208D0C5
:103B9000627860202178023400F05AF90028F5D0CC
:103BA000D1E7184C04F1100501E0A54208D0627875
:103BB00060202178023400F04BF90028F5D0C2E7EC
:103BC000114C04F10E0501E0A54208D06278602096
:103BD0002178023400F03CF90028F5D0B3E79620B4
:103BE00002F0A6FCF0214FF4A070FFF7BDFE002804
:103BF000A9D101233370A7E7AD6300241C65010838
:103C0000F06401080C650108FC6401082DE9F04F1F
:103C1000664C074685B04FF0070CDFF8A0E14FF087
:103C2000100920780021624E4FF48018614B624DDC
:103C300047FA0CF2D2074CBF08224FF40022CEF80C
:103C4000182000287BD02A68D3F804B0A6FB022AEB
:103C50005A684FEA9A4AA2EB0B020AEB8A0A92458B
:103C60007CD900BF5A68A2EB0B029245F9D82078A4
:103C7000CEF81890002853D02A68D3F804B0A6FBD9
:103C8000022A5A684FEA9A4AA2EB0B020AEB8A0A06
:103C9000924506D900BF5A68A2EB0B029245F9D8AB
:103CA00020780CF1FF3CCEF81880BCF1FF3FBFD16B
:103CB0000823CEF81830002856D03F4D3C4A2B68D8
:103CC0003C49A2FB03324868920C4B6802EB82022B
:103CD0001B1A9A4266D900BF4B681B1A9A42FAD83F
:103CE00021781022354B9A6100294CD0324D304B4F
:103CF0002A683049A3FB02324868920C4B6802EBF9
:103D000082021B1A934204D200BF4B681B1A9A42CC
:103D1000FAD82A4B4FF480129A6105B0BDE8F08FB3
:103D200005200091009A182A06D800BF009A013297
:103D30000092009A182AF8D90138F2D1B0E705208C
:103D40000191019A182A06D800BF019A0132019206
:103D5000019A182AF8D90138F2D188E7174A4FF0AA
:103D6000100AC2F818A087E705220390039B182BBE
:103D700006D800BF039B01330393039B182BF8D98C
:103D8000013AF2D1ACE705220291029B182B06D82A
:103D900000BF029B01330293029B182BF8D9013A12
:103DA000F2D1B6E71023CEF81830A0E7AE630024B6
:103DB00083DE1B43001000E00800002400040258CA
:103DC000F0B51E4B89B000251D4C01260227069533
:103DD0002046D3F8E02042F00202C3F8E02010228F
:103DE000D3F8E03003F0020301931123019902A9F3
:103DF000CDE90223CDE9046704F086FC08221123F3
:103E000002A92046CDE90223CDE9046704F07CFC39
:103E10000C49082210230C48A261A361D1F8FC20B0
:103E20000A4B42F08072C1F8FC2001215D601A68E3
:103E30000A431A60017009B0F0BD00BF0044025887
:103E40000004025800ED00E0AE630024001000E022
:103E50002DE9F0418A4B082486B00D469C61102460
:103E6000804616469C61874C2178002900F0988096
:103E7000854F864A38688649A2FB00C2D1F804C043
:103E8000920CD1F804E002EB8202AEEB0C0E72450C
:103E900040F2F18000BF4B68A3EB0C039A42F9D8C3
:103EA00021784FF40022764B9A61002900F0B78008
:103EB000754F764B3A687649A3FB0232D1F804C0BD
:103EC000920C4B6802EB8202A3EB0C039A4240F285
:103ED000B58000BF4B68A3EB0C039A42F9D84FF4AE
:103EE000801308F0FE00DFF898812778C8F81830B2
:103EF000FFF78CFE2846FFF789FE3046FFF786FE67
:103F00004FF40023C8F81830002F79D05E4F5F4B74
:103F10003A685F49A3FB02324868920C4B6802EB97
:103F200082021B1A9A4240F29E8000BF4B681B1A05
:103F30009A42FAD821781022514B9A61002950D028
:103F4000514F524B3A685249A3FB02324868920CD7
:103F50004B6802EB82021B1A9A4240F2888000BF33
:103F60004B681B1A9A42FAD821780822444B9A616E
:103F700029B3454F454B3A684549A3FB023248688F
:103F8000920C4B6802EB82021B1A9A4204D900BFC2
:103F90004B681B1A9A42FAD8002006B0BDE8F0819F
:103FA00005220291029B182B06D800BF029B013309
:103FB0000293029B182BF8D9013AF2D170E705223F
:103FC0000391039B182B06D800BF039B0133039377
:103FD000039B182BF8D9013AF2D1002006B0BDE8B6
:103FE000F08105220491049B182B06D800BF049B86
:103FF00001330493049B182BF8D9013AF2D1B3E7AB
:1040000005220597059B182B06D800BF059B013399
:104010000593059B182BF8D9013AF2D18AE70522BE
:104020000191019B182B06D800BF019B013301931E
:10403000019B182BF8D9013AF2D150E74FF48013C5
:1040400008F0FE00DFF83880C8F81830FFF7DEFD12
:104050002846FFF7DBFD3046FFF7D8FD4FF400237D
:10406000C8F8183053E7064B10229A6169E7044BF1
:1040700008229A617EE74FF400229A6119E700BF97
:1040800000040258AE6300240800002483DE1B43B2
:10409000001000E0002A00F04C82DFF8E0C20823A4
:1040A0002DE9F04FB14E93B0CCF8183010230746ED
:1040B0000D46CCF8183092463478002C00F0F3818D
:1040C000AB4BAC481A68AC49A0FB02024868920CA2
:1040D000D1F804E002EB8202AEEB000E724540F232
:1040E000F98200BF4B681B1A9A42FAD834784FF411
:1040F0000022A24B9A61002C00F0A1829C4B9D49AA
:104100001A68A1FB02129C49920C4868D1F804C0BD
:1041100002EB8202ACEB000C624540F2108300BF60
:104120004B681B1A9A42FAD84FF48013DFF84C827E
:10413000347807F0FE00C8F81830FFF767FD28460E
:10414000FFF764FD4FF40023C8F81830002C00F08E
:104150006782874B87491A68A1FB02128649920C35
:1041600048684D6802EB82022D1AAA4240F2E382AF
:1041700000BF4B681B1A9A42FAD8347810227F4B42
:104180009A61002C00F09782794B7A491A68A1FB5A
:1041900002127949920C48684D6802EB82022D1A8E
:1041A000AA4240F2C48200BF4B681B1A9A42FAD856
:1041B00034780822714B9A61002C00F06D826C4BB0
:1041C0006C491A68A1FB02126B49920C48684D6851
:1041D00002EB82022D1AAA4240F2A38200BF4B6872
:1041E0001B1A9A42FAD8654B082234789A61102239
:1041F0009A61002C00F041825D4B5E491A68A1FB78
:1042000002125D49920C48684D6802EB82022D1A39
:10421000AA4240F2818200BF4B681B1A9A42FAD828
:1042200034784FF40022554B9A61002C00F016822E
:104230004F4B1A684F4B5049A3FB02324868920C0F
:104240004B6802EB82021B1A9A4205D900BF4B68E9
:104250001B1A9A42FAD8347847F00100474D4FF4C0
:104260008017DFF810814FF01009AF61FFF7CEFC27
:10427000082300214FF0070CAB6108463E4BDFF8E6
:10428000F0E0CDF804A0002C00F01C81DEF8002046
:10429000A8FB02A2D3F804A0D3F804B0920CABEBB5
:1042A0000A0B02EB82025A4540F22A8100BF5C6889
:1042B000A4EB0A04A242F9D83478C5F818902A6908
:1042C000C2F3C00202FA0CF20A43D1B2002C00F091
:1042D0000881DEF80020A8FB02A2D3F804A0D3F8DE
:1042E00004B0920CABEB0A0B02EB82025A4540F28F
:1042F000148100BF5C68A4EB0A04A242F9D80CF157
:10430000FF3C3478AF61BCF1FF3FBCD1DDF804A0C5
:10431000002C00F04F81164B16481A68A0FB0202D1
:104320001548920C4468456802EB82022D1BAA4294
:1043300040F2EE8100BF43681B1B9A42FAD83078E6
:1043400010220E4B9A61002800F02581084B094885
:104350001A68A0FB02020848920C4468456802EB08
:1043600082022D1BAA4240F2CE8109E0AE630024F6
:104370000800002483DE1B43001000E00004025804
:1043800000BF43681B1B9A42FAD830784FF4801262
:10439000974B9A61002800F0EF80964B96481A6878
:1043A000A0FB02029548920C4468456802EB820229
:1043B0002D1BAA4240F2A28100BF43681B1B9A42F8
:1043C000FAD830784FF40022894B9A61002800F027
:1043D000C480884B88481A68A0FB02028748920C68
:1043E0004468456802EB82022D1BAA4240F27F819D
:1043F00000BF43681B1B9A42FAD88AF800104FF49A
:10440000002133787A4A9161002B00F0F980794BD2
:1044100079481A687949A0FB02024868920C4C68F6
:1044200002EB8202241A944280F05D8100BF4B6847
:104430001B1A9A42FAD8317810226D4B9A610029E2
:1044400000F0C7806B4B6C481A686C49A0FB0202F5
:104450004868920C4C6802EB8202241A944280F065
:104460003E8100BF4B681B1A9A42FAD83178082265
:104470005F4B9A6100295ED05E4B1A685E4B5F49C4
:10448000A3FB02324868920C4B6802EB82021B1AB3
:10449000934204D200BF4B681B1A9A42FAD80020FC
:1044A00013B0BDE8F08F05220394039B182B06D8A8
:1044B00000BF039B01330393039B182BF8D9013AE8
:1044C000F2D113E605240990099A182A06D800BFEC
:1044D000099A01320992099A182AF8D9013CF2D1B5
:1044E000EAE605240A900A9A182A06D800BF0A9A12
:1044F00001320A920A9A182AF8D9013CF2D1FEE652
:104500003B4A4FF0100AC2F818A01269C2F3C00269
:1045100002FA0CF20A43D1B2DBE60CF1FF3C344A5A
:104520004FF4801ABCF1FF3FC2F818A07FF4AEAE82
:10453000ECE60120704705220F910F9B182B06D83F
:1045400000BF0F9B01330F930F9B182BF8D9013A33
:10455000F2D1002013B0BDE8F08F05220B900B9B29
:10456000182B06D800BF0B9B01330B930B9B182B0A
:10457000F8D9013AF2D140E705220C900C9B182B98
:1045800006D800BF0C9B01330C930C9B182BF8D959
:10459000013AF2D115E705220D900D9B182B06D894
:1045A00000BF0D9B01330D930D9B182BF8D9013AD9
:1045B000F2D1EAE605220E940E9B182B06D800BF16
:1045C0000E9B01330E930E9B182BF8D9013AF2D1B2
:1045D000B5E605221091109B182B06D800BF109B42
:1045E00001331093109B182BF8D9013AF2D13DE713
:1045F000000402580800002483DE1B43001000E082
:10460000052219461191119B182B06D800BF119B4A
:1046100001331193119B182BF8D9013AF2D10AE713
:1046200005220694069B182B06D800BF069B013373
:104630000693069B182BF8D9013AF2D19DE5052285
:104640000294029B182B06D800BF029B01330293F1
:10465000029B182BF8D9013AF2D165E5052207949F
:10466000079B182B06D800BF079B01330793079BB6
:10467000182BF8D9013AF2D1EDE505220894089BF0
:10468000182B06D800BF089B01330893089B182BF2
:10469000F8D9013AF2D1C3E505220494049B182B02
:1046A00006D800BF049B01330493049B182BF8D950
:1046B000013AF2D197E505220594059B182B06D8FF
:1046C00000BF059B01330593059B182BF8D9013AD0
:1046D000F2D16DE54FF40022CCF818200FE5224A04
:1046E00008219161C9E6204A10219161ABE68AF860
:1046F00000104FF400211C4A916189E61A4A4FF4D8
:104700000020906166E6184A4FF48010906145E6FB
:10471000154A102090611AE6134A4FF40021916166
:1047200087E5114A082191611021916165E50E4AE2
:104730000821916144E50C4A1021916125E54FF46F
:104740008012DFF82480019307F0FE00C8F81820DB
:10475000FFF75CFA2846FFF759FA4FF40022019B55
:10476000C8F81820F6E400BF000402580D480122E2
:104770000D49002310B5C0E90012102204241821AD
:104780008361C2604FF480628460C3610362C0E9E8
:10479000041204F09FFC00B910BDBDE81040FDF705
:1047A00035BF00BFB0630024005000522DE9F04136
:1047B000B8B000210446C02208A80791CDE9031132
:1047C000CDE9051110F002FF3B4B22689A4202D05E
:1047D00038B0BDE8F081022305224FF000740025B7
:1047E0000C9350210A9204220D93802308A80B9168
:1047F000CDE90E232023CDE908451B9305F0F4FCF9
:10480000002856D12D4B0225C0210324D3F8D420F3
:1048100000264FF009082A4842F480420A27C3F8CC
:10482000D420D3F8D42002F480420092009AD3F826
:10483000E02042F02002C3F8E020D3F8E02002F0AC
:1048400020020192019AD3F8E0202A43C3F8E02025
:10485000D3F8E030039103A92B400495CDF81C80D8
:104860000293029BCDE9056403F04EFF4FF44073C1
:1048700003A91348039306940797CDE9045603F060
:1048800043FF042303A90F480393CDE90456CDE960
:10489000064803F039FF4022012303A90948049583
:1048A000039206940593079703F02EFF38B0BDE8F6
:1048B000F081FDF7ABFEA5E700500052004402581E
:1048C000001402580004025800B58FB030220021B5
:1048D00002A810F07BFE4FF480714FF440534FF06C
:1048E000FF32069169460A4803939FED077B8DEDE1
:1048F000007B04F04DFC003818BF01200FB05DF8BC
:1049000004FB00BFAFF30080B70000000000000010
:10491000B063002430B59FB0382200214FF4807579
:1049200010A84FF4405410F051FE0021302204A88A
:10493000CDE9001110F04AFEB722002302A9164863
:1049400008950594CDE902234FF0FF3204F020FCD6
:10495000F0B916954FF0407313946C254FF48064B2
:104960006A46109500251794002410A9CDE9180374
:104970000823CDE91A00CDE91C0007481593CDE9BD
:10498000004504F007FD003818BF01201FB030BDFE
:1049900001201FB030BD00BFB0630024074B82B0C0
:1049A000D3F8F42042F00202C3F8F420D3F8F43034
:1049B00003F002030193019B02B0704700440258C8
:1049C0000C4A034630B5946AB5B0D16A956B04A819
:1049D000526B0191C02103920295074A009410F096
:1049E000A5FD4FF0FF3382B204A9044806F0E8FCAD
:1049F00035B030BD00ED00E010640108986400247B
:104A0000FEE700BF0B4D0C4C0C4800B583B0FFF720
:104A1000D7FF0221284604F0B7F900230193019B38
:104A2000A342F6D8019B01330193019BA342F9D91C
:104A3000EFE700BF000402587F8D5B00546401085B
:104A40000B4D0C4C0C4800B583B0FFF7B9FF0221A9
:104A5000284604F099F900230193019BA342F6D85C
:104A6000019B01330193019BA342F9D9EFE700BFFA
:104A7000000402587F8D5B005C6401080B4D0C4CF8
:104A80000C4800B583B0FFF79BFF0221284604F0D5
:104A90007BF900230193019BA342F6D8019B0133CC
:104AA0000193019BA342F9D9EFE700BF000402582C
:104AB0007F8D5B00606401080B4D0C4C0C4800B509
:104AC00083B0FFF77DFF0221284604F05DF9002343
:104AD0000193019BA342F6D8019B01330193019BF3
:104AE000A342F9D9EFE700BF000402587F8D5B00B5
:104AF00064640108704700BF704700BF704700BF83
:104B000001F004BD014803F05BBA00BF5C4B002418
:104B1000014801F06BBF00BFD84B0024014806F0EC
:104B2000F3BC00BF006400240D4903460D4A086829
:104B300010B50D4C121B20B10344934207D80B60F3
:104B400010BD0A4C20460C6003449342F7D910F084
:104B500055FD0C2203464FF0FF301A6010BD00BF18
:104B6000FC63002400000824002000000000002056
:104B70003049314AD1F8883043F4700310B4C1F899
:104B80008830136803F00F03062B05D8136823F051
:104B90000F0343F007031360284B0024284A1968C9
:104BA000254841F0010119601C6119680A401A602A
:104BB0000368190705D5036823F00F0343F00703C3
:104BC00003601E4B00221F491F48204C9A61DA6186
:104BD0001A629C62D86219635A639963DA63196432
:104BE0005A6419681A4821F4802119601A6603680A
:104BF0006FF30F03B3F1005F03D2164B0122C3F82A
:104C000008210E4BD3F8D420D2040FD4D3F8D420EB
:104C100043F2D200104942F48052C3F8D420086015
:104C2000D3F8D42022F48052C3F8D4205DF8044B8A
:104C3000704700BF00ED00E0002000520044025821
:104C40007FEDF6EA800201010000FF01000202028E
:104C50000010005C0080005100400052044AD368FC
:104C600043F00203D36053689B04FCD5704700BF38
:104C7000004802582DE9F04780460D4690F80C9008
:104C800000244FF0FF0AD0E90076B9F1000F55D1AA
:104C9000002F41D1D8F808604FF40072D8F8703076
:104CA00040463146984700283DD0421E33781FBB0E
:104CB000FF2B19D01B064FEA440448BF44F00104FF
:104CC000013D2DD0174640233278C3F347096400D5
:104CD000134235D1013DD8D13A46204688F80C9090
:104CE000C8E90026BDE8F087002DF6D00127002A8C
:104CF000D0D07378821E0136CBB96400012D86F8BE
:104D000000A044F001040BD06400023D44F0010413
:104D100011D017462023D7E7384601364F46C4E75F
:104D20004FF04009D9E76FF00100BDE8F0876FF060
:104D30000500BDE8F0874FF02009CEE74B46C3E7FA
:104D400044F00104C6E700BF2DE9F04F1F468DB0C7
:104D50000E461546002178228046169C10F036FC3F
:104D6000B7F5007FC8E91A57C8E91C64C0F03A8259
:104D7000A7F5007705F50073C8F80850C8E91A3799
:104D8000002D00F02F8200274FF6D8793C4608E02E
:104D90002B78D8F8706043EA04243346A4B24C451B
:104DA00021D00122294640460137B0470128EFD0E3
:104DB00002200DB0BDE8F08FDB2A00F08C80DD2AE8
:104DC00040F01482BBF5007FF3D8D8F870305A4613
:104DD0002946404698475845EAD12B885BBAA8F83F
:104DE0001A30D8F8703004222946404698470428E3
:104DF000DED16A882B8852BA5BBA92B29BB2022A81
:104E000040F2B580190AFF2940F0B180911CA2F14F
:104E1000020BDAB20F44DA2A00F0F281CCDCA2F104
:104E2000C00398B2192800F2E1810123514A83405E
:104E30001A40002A40F04082042800F0A180D807E0
:104E400040F1D481BBF5007F00F28282D8F8703047
:104E50005A462946404698475845A9D1B5F80330E7
:104E60005BBAA8F81C30B5F801305BBAA8F81E3060
:104E70006A7902F0FD0388F81320012B40F01C82B0
:104E8000EB79A3F12101012902D9112B40F0148201
:104E9000190903F00F0388F80E1088F80F302B7AE9
:104EA000032B88F8103000F20782012A99D0AB7AE0
:104EB000112B40F00182EB7A032B88F8113000F2BD
:104EC000FB816B7B112B40F0F781AB7B032B88F8C8
:104ED000123086D9F0E1BBF5007F3FF66AAFD8F813
:104EE00070305A4629464046984758457FF460AF8F
:104EF000BBF1400F3BD905F10209DFF880E019F85A
:104F0000023C48460F2B32D8D8F86C20FF2A40F2DA
:104F10006981A2F58072D8F86860C8F86C2006F53F
:104F20008072C8F86820002E00F05C8103F0030353
:104F3000114A143302F13F0C48F8236019F8013C80
:104F40005B03336012F8011F10F8013B3EF811407B
:104F5000944504FB03F346F82130F3D1BBF1410B38
:104F60003FF43FAFBBF1400F09F14109C7D806201C
:104F70001FE700BFEEEE0002106B0108906A010807
:104F8000BBF5007F3FF615AFD8F870305A4629467A
:104F90004046984758457FF40BAFBBF1100FE6D958
:104FA000AC463E465A462C469CF8003013F0EE07BD
:104FB000DDD1D8F86C100F2940F214811039D8F8DF
:104FC0006800C8F86C1000F11001C8F868100028DB
:104FD00000F00881190903F00F0301EB430303916B
:104FE00008EB830108629CF8013003709CF80250C2
:104FF00045701D449CF8033083701D449CF80430B8
:10500000C3701D449CF8053003711D449CF80630A4
:1050100043711D449CF8073083711D449CF808308F
:10502000C3711D449CF8093003721D449CF80A307A
:1050300043721D449CF80B3083721D449CF80C3065
:10504000C3721D449CF80D3003731D449CF80E3050
:105050001D4443739CF80F3083732B449CF810500D
:105060002B44C573D8F86C504FEA430E0EF1030E73
:105070002EF0030EAE4500F2B580D8F86890A5EB8F
:105080000E0509EB0E0AC8F86C50C8F868A0B9F113
:10509000000F00F0A78000F1FF3E00F10F0B384633
:1050A000C1F830900A930B94CDE906254546CDE929
:1050B0000416CDE908AC1EF8014F661E002C54D032
:1050C000022E40F2FB80002300F1020CC11C00F113
:1050D00001081A4660F30F036CF30F024FEA940CB9
:1050E00068F31F4361F31F4209EB470101EBCC0C4E
:1050F000CDE901E94FF0000E03F1040AC3F30F49B3
:105100000B604A60083109F10403F1466AF30F0E9F
:105110008C4563F31F4E734602F1040E6EF30F09C4
:10512000C2F30F4E0EF1040E6EF31F494A46E1D151
:1051300024F00303A107184403EB0702A6EB0303C3
:1051400080B2DDE901E90CD0411C29F812005200BF
:1051500089B233B102304A44012B80B2518000D071
:10516000908016FA88F0274480B24000DE4580B275
:10517000A1D1069AA8460A9BA2F11107079D0B9C94
:105180009F42DDE90416DDE908ACFFF4F0AEDA1C5D
:1051900022F00302954225D3AD1A5244C8F86C5050
:1051A000C8F868200CF11102C1F840A0002B00F0F3
:1051B0008A8003990AF1FF3A81F0010003F111019D
:1051C00000F001008C4403E094450AF8011F7BD0F5
:1051D00012F8011B0B29F7D90028F5D0C7E60023E8
:1051E000C8F8603003200DB0BDE8F08FD8F87030FB
:1051F0005A4600214046984758453FF4F2ADD7E55E
:10520000BBF5007F3FF6D5ADD8F870305A46294639
:105210004046984758457FF4CBADB8F81C30002B7A
:105220003FF4A5AEB8F81E30002B3FF4A0AE98F8BE
:1052300013202B7893423FD1002B4BD0AA780AB190
:10524000112A39D1D8F82020002A3FF490AED8F89E
:105250002420002A3FF48BAE98F81020143258F81E
:105260002220002A3FF483AE012B33D02A790AB1E1
:10527000112A21D1D8F82820002A3FF478AED8F896
:105280002C20002A3FF473AE98F81120143258F8FD
:105290002220002A3FF46BAE022B1BD0AA790AB160
:1052A000112A09D198F81220143258F82220002A25
:1052B0003FF45DAE032B0DD008207AE533463A4625
:1052C00000F1010840E79446FA1A47D0102A3FF649
:1052D0006BAE4CE698F80F3098F80E2013FB02F3F3
:1052E000002B3FF444AEDA01D8F86C104032B2F52E
:1052F000807F38BF4FF480728A423FF670AFD8F893
:105300006800891A0244C8F86C10C8F86000C8F830
:10531000682000283FF466AF9B018033994219D37F
:10532000C91AC7F308071344C8F86C10C8E9192351
:1053300047B1D8F87030C7F50072E9194046984770
:10534000C8F80000013F00203D44C8F8045030E593
:1053500004202EE50023C8F8643043E7374625468D
:105360003FE500BF2DE9F04F032A97B00F9100F2FF
:10537000D8861346817B002283464373C900C37BD2
:105380000E91DD00C38B42610283002B00F0868406
:10539000818B0B920A920792002900F079840023F6
:1053A0001095CDF808B00893029B5A8B32B10A9938
:1053B0004B1C8A429BB200F077860A93029DAA7B1F
:1053C000EB7B296E12FB03F36A6E04910C93099236
:1053D000C3F10102013B05920D930D9B059A0C99B7
:1053E0001344994200F27584002A00F09684EB7C05
:1053F000032B40F096849246012305EBC302297BE0
:10540000DC004FF00008D2F820B0D2F83090166CD3
:105410001022CDF804A0009222460C46D5E90037B0
:1054200039461746002C40F0B883002B40F0C1836A
:105430001C46CA46A9684FF400722B6F2846039198
:1054400098470399002800F04F84431E0A78002CE7
:1054500040F0B783FF2A00F03484802040244FEAD4
:105460004808104240F0A2839BF80020002A00F078
:10547000898309EB420904E0CA4506F1010600F000
:1054800081833AF8022B4245F6D13A46DDF804A072
:105490000F46214605EB4A0814462973C5E9003733
:1054A00096F80090B8F91460B9F1000F14D049468D
:1054B0002846FFF7DFFB031EC0F2378609F1FF39EC
:1054C000012202FA09F2134203D15200C2F1010291
:1054D00013441E44A8F81460AA44012704982C44DD
:1054E0009AF81030A846FC220021143355F82330D6
:1054F00006931B6806FB03F33E461B1240F8043B71
:1055000010F064F80394039A4FF0100900960027F6
:10551000D2F824A0546B556C98F80C20D8E90031CF
:105520001646002E40F00983002B40F00B831E46E8
:10553000A346D8F808104FF40072D8F870304046EF
:10554000019198470199002800F0CE83431E0A7804
:10555000002E40F0EA82FF2A00F0E0824026802000
:1055600010424FEA470740F0E6829AF80000002810
:1055700000F0C88204EB400404E0A34505F10105F6
:1055800000F0C0823BF8022BBA42F6D13246009EB0
:1055900088F80C20C8E900312C78002C00F0A88392
:1055A00006EB14153F2D00F2B58214F00F0440F005
:1055B000CD823F2D05F10106A5D145466B7B032B1E
:1055C00000F09A83049B4FF4B559009503F1200B2A
:1055D000196A42F6CF15186E0433D3F8DC20D3F8DD
:1055E0009C708E1A0A44391ADC6B0744D3F8BC004D
:1055F00006EB010C05FB01F141F2511553F8048C47
:10560000091304EB000E05FB06F641F69055361320
:1056100005FB0CFCC1EB2C31C6EB2C3602EB070C66
:10562000D21B271AD86FA1EB0C0109FB07F75B45CA
:1056300008EB0004A8EB0000CEEB273709FB02F2D1
:1056400004EB0E08A4EB0E0400EB070EA0EB070022
:10565000A8EB0C07C1EB223208EB0C0AC3F8DC7094
:105660000EEB0107AEEB0101A6EB020643F804AC1A
:10567000C3F8BC1000EB0201A0EB0200DF61D963AC
:1056800004EB0601A4EB0604C3F89C00D965DC67B3
:105690009ED1DDF824E00EF1400A53F81C4C42F68E
:1056A000CF1553F8146C0EF1080E53F8042C203368
:1056B00053F82C0CA11A2244841B304453F8389C14
:1056C00005FB04F701EB040C41F2511453F8286C6C
:1056D0004FF4B55504FB01F441F69051A9EB060BCC
:1056E000B14401FB0CFC2413391353F8407CC4EB88
:1056F0002C3405FB0BF8C1EB2C3102EB000C121A19
:1057000007F50047A1EB0C0153F8300C05FB02F242
:10571000C9EB28383E18381AC1EB22324FF0000B83
:1057200006EB0907A6EB0906A41A00EB0809A0EB93
:105730000800A6EB04082644C8F30928C6F3092488
:10574000CA4E354616F8086066F3070B07EB0C06E1
:10575000A7EB0C07A0EB020C1044C6F30926CCF310
:10576000092CC7F30927C0F30922AE5D15F80C0018
:1057700009EB010C2C5D60F30F2BA85CA9EB010277
:10578000CCF30921EF5DC2F30922695CAA5C62F3E4
:10579000174B002266F3070267F31F6B61F30F22BA
:1057A0004EF804BC60F3174264F31F624EF8082CF5
:1057B000D6457FF472AF009D059BCDF824A0013340
:1057C000032B05937FF409AE029A0823089DD17B31
:1057D000907B948BCA0010FB03FB079E13FB0053C6
:1057E0000392029A0FB2A34288BF631BD58B4FEA84
:1057F000C10298BF5B463244AA42029A527B8CBFD8
:10580000AD1BCD00D34025FA02F600F03482B6FA83
:1058100086F84FEA5818002E00F02D82089D032AC2
:1058200025FA02F4079DA4B2ADF8504004F1FF340C
:105830001C44ADF8524025FA02F4A4B2ADF854402D
:1058400004F1FF343444ADF85640029C256E00F05C
:10585000C582002900F0C581022800F03B83840145
:10586000424640F29B5A4FF4B0780C9400EB40044F
:1058700040F2167E0996E4000494C4000194840169
:1058800000940446CDE905B3029B02295E6E00F048
:105890002482009B06EB030C06EBC209002C48D0C7
:1058A000019BEE1C0D9409EB030B1392CDE911152E
:1058B0009CF8405040F2DB229CF800100336803DFB
:1058C00019F8010B80390CF1010C0AFB05F408FBF7
:1058D00001F3002C0EFB01F102FB0533634DB8BF51
:1058E00004F2FF34002B00EBA424B8BF03F2FF3313
:1058F0000029C4F30904A0EBA323B8BF01F2FF31D0
:105900002C5DCB45C3F3090306F8064C574CE35C0A
:1059100006F8053C00EBA1235449C3F30903CB5C13
:1059200006F8043CC4D1049B0D9C139ADDE91115C3
:105930001D44009B01320833082A0093A4D120465D
:10594000039C099E082CDDE905B36BD0FC00009098
:10595000139640F29B5A0994402440F2DB294FF4FD
:10596000B07840F2167E2E462046CDF834B0CDE910
:105970001113029B5D6E119B022B00F026820C9B83
:105980001F182F44009B05EB000C002B40D0019BFF
:10599000F51C0CEB030BCDE9056097F8406003356F
:1059A00039780137803E1CF8010B80390AFB06F478
:1059B00008FB01F3002C0EFB01F109FB06332B4E13
:1059C000B8BF04F2FF34002B00EBA424B8BF03F2ED
:1059D000FF330029C4F30904A0EBA323B8BF01F2ED
:1059E000FF31345DE345C3F3090300EBA12005F863
:1059F000064C1E4CC0F30900E35C05F8053C1B4B4C
:105A00001B5C05F8043CC8D1049BDDE905601E441D
:105A10000132099B08309342ABD10098DDF834B0D5
:105A2000DDE9123602994A7B0D6E002A00F0D9801A
:105A30004FF0010C4FF0030E4FEA420A0BFA02F44A
:105A40000CFA02FC0EFA02FE0BEB4B0800270028B2
:105A500000F0C180CDF810A00EF1030E2946B94622
:105A6000DDF808A0CDE9053602E000BF9066010828
:105A700000200997EB1C0C9407461A46634607EB77
:105A80000900D44600EB40000144BBB30024264685
:105A900025462046CDE900B7CF1C01EB0E0B17F8C9
:105AA00003AC0337554417F805AC564417F804AC5B
:105AB000BB455444F3D1013041448342ECD10499B5
:105AC000CD40CE40CC40EDB2F6B2E4B2DDE900B755
:105AD0001F4402F8035C02F8026C1546BB4502F84D
:105AE000014C02F1030240F2DB8007EB0900DCF815
:105AF000601000EB40000144002BC7D11C461E463D
:105B00001D46E5E709F1FF390AF1010A19F0FF091D
:105B10007FF407AD062017B0BDE8F08F0126002BFB
:105B20003FF407AD4A78831E0131002AF2D1FF22EB
:105B30007F0040260A70013717E530460A7876085C
:105B4000A3460DE501311846A346FFE42146404631
:105B5000FFF790F8031EC0F2B681611E012000FA23
:105B600001F10B4202D18140411A0B449A4A515D26
:105B7000069A52F82100049A00FB03F31B1242F824
:105B8000213016E5009A0BF1010B013A12F0FF02E9
:105B90000092BFD0002C3FF448AC20460A7864083D
:105BA000CA4610424FEA48083FF45EAC08F10108CB
:105BB0005AE418460131CA460A78431E002C3FF4C5
:105BC00049AC002AA6D14FEA4808FF22402408F138
:105BD00001080A7048E467440399B942FBD8294692
:105BE0000D462BFA02F293423BD29908D21A03EBEC
:105BF000430AB14601EB41012F4602EB42024FF04E
:105C0000000E4FEA810C23F0030102EB0A0B0A4657
:105C100001EB4108664601310232D44600910192FF
:105C200003F003020392032B7ED8F91CEA1C002028
:105C300012F8034C01300332033101F8064C834261
:105C400012F8054C01F8054C12F8044C01F8044C0C
:105C5000EED80EF1010E67445D44F145E3D8029B96
:105C60001D6E029C14AA29460F9B204698470028C7
:105C700000F06182A48B089B0E9A1344A342089300
:105C8000FFF492ABDDF808B02146109DBBF81E3042
:105C9000079A2A44934207923FF67EAB00203AE7E8
:105CA000099FE2469C460C9C1F44039BA144DAF8E2
:105CB0006010BB423FF6DCAE029ADDE90536527B4E
:105CC0008EE70124002B3FF4B5AB4A78831E0131E7
:105CD00077E700239A46FFF790BB4FEA520C0CF18E
:105CE000200C06EBCC0CD7E5022017B0BDE8F08FF6
:105CF000012E45467FF462AC049B40221B68002BBA
:105D0000B8BFFF33C3F3072383F08001099C20460B
:105D100004F1400A0FF05AFC4EE592461346FFF795
:105D20006CBB40228021F1E732464E46E146944664
:105D300005F10B02D21B162A04D86246CC46B146A6
:105D4000164672E73A462C46281D05F1080107EB76
:105D50000C0A0697CDE9043654F80C7B0C3250F847
:105D60000C6B51F80C3B42F80C7C42F8086C42F882
:105D7000043C9245F0D1039A069FDDE90436EAB16E
:105D800015F8082005EB080107F8082007EB0802C2
:105D90004878507088789070009883420ED9C878FF
:105DA000D07008791071487950710198834205D9F3
:105DB00088799071C879D071097A11720EF1010E4B
:105DC0004F445D447645B3D849E75708203705EB83
:105DD000C7074035D6E500BF106B0108D4F86480D2
:105DE000CC0004FB0BF408EB040718F8044097F808
:105DF0004070803C803F00293FF4F3AE40F29B5E50
:105E000040F2DB224FF4B0710EFB07FE07FB02F2FB
:105E1000BEF1000F01FB0422B8BF0EF2FF3E002AC4
:105E20004FEAAE2EB8BF02F2FF329212574240F252
:105E3000167202FB04F4002CB8BF04F2FF344FEAE0
:105E4000A42C002800F06F814FF00009E91C002409
:105E5000009318F834200D46B84B033102EB0E0ABC
:105E60000834CAF3090AA34513F80AA001F806ACDE
:105E700002EB070A6244CAF3090AC2F3090213F8E3
:105E80000AA09A5C01F805AC01F8042CE1D8009B4B
:105E900009F10809039A4A450CD9029AB9F1080F89
:105EA000D2F864800AD00028D0D109F10809039AF9
:105EB0004A45FAD802994A7B0D6E92E608F18008AD
:105EC0000028C3D1F1E75B42DBB2002B3FF47CAC8E
:105ED000184620E6802440F29B5A3246CDE9000B5A
:105EE00002980229466E00F0D08006EB040906EB0A
:105EF000C80E05F1030C00260692CDE9041399F8AB
:105F000000004FF4B07299F84030082EA0F18000E4
:105F1000F346A3F1800308BF0EF1380B02FB00F13A
:105F200040F2DB2206F0010E013602FB031140F2C3
:105F300016720AFB03F3F144DE4602FB00F0002B6D
:105F40007E4A1EF801BB0CF1030CB8BF03F2FF330D
:105F500000290BEBA323B8BF01F2FF310028C3F3E4
:105F60000903B8BF00F2FF30102ED35C734A0CF85F
:105F7000063CABEBA123C3F30903D35C6F4A0CF8D7
:105F8000053C0BEBA023C3F30903D35C0CF8043CE2
:105F9000B5D108F10108069A30350834B8F1080F78
:105FA000DDE904139CD11646039A082ADDE9000BAB
:105FB0003FF438AD4FEAC709402440F29B5A3246BD
:105FC00002980229466E67D004F1800EB64406EBB3
:105FD000040CEF1C00260692CDE904139EF8000085
:105FE0004FF4B0729EF84030082EA0F18000E346D6
:105FF000A3F1800308BF0CF1380B02FB00F140F263
:10600000DB2206F0010C013602FB031140F216728E
:106010000AFB03F3E644DC4602FB00F0002B474A90
:106020001CF801BB07F10307B8BF03F2FF330029D7
:106030000BEBA323B8BF01F2FF310028C3F3090320
:10604000B8BF00F2FF30102ED35C3C4A07F8063C84
:10605000ABEBA123C3F30903D35C384A07F8053C33
:106060000BEBA023C3F30903D35C07F8043CB5D1C1
:1060700008F10108069A30350834C145DDE90413FA
:106080009ED11646DDE9000BCCE44FEA580909F130
:10609000200906EBC9092AE74FEA580E0EF1200E37
:1060A00006EBCE0E403692E7029F022500244FF405
:1060B00000723846D7E9003601363BB9BE683B6FFF
:1060C00031469847034600283FF40EAE3278012D42
:1060D00003F1FF3342EA042422B2A4B207D001251F
:1060E0004FF4007238460136002BEFD1E6E70299F3
:1060F00022F02702C1E9003630324FF000030B7363
:106100007FF408AD0B9A84EA020313F007037FF4CF
:1061100001AD01324B610B8393B20A950B93FFF7EC
:106120004DB90520F7E48146B2E65B42DBB2002BB5
:106130003FF44AABCCE60120EDE400BF90660108D5
:1061400010B51F4800231F4C4FF461210C228360BF
:10615000C0E90041C0E90333C0E90523C0E90733C2
:10616000C0E9093305F0E6FE70B90021144805F0D6
:1061700039FF88B90021124805F076FFA0B9104810
:1061800005F012FFB8B910BDFCF740FA00210C4829
:1061900005F028FF0028EDD0FCF738FA0021084868
:1061A00005F062FF0028EAD0FCF730FA044805F059
:1061B000FBFE0028E7D0BDE81040FCF727BA00BF7F
:1061C000986400240010014010B51F4800231F4CA4
:1061D0004FF4E1310C228360C0E90041C0E9033390
:1061E000C0E90523C0E90733C0E9093305F0A2FE81
:1061F00070B90021144805F0F5FE88B90021124855
:1062000005F032FFA0B9104805F0CEFEB8B910BDB8
:10621000FCF7FCF900210C4805F0E4FE0028EDD065
:10622000FCF7F4F90021084805F01EFF0028EAD029
:10623000FCF7ECF9044805F0B7FE0028E7D0BDE80C
:106240001040FCF7E3B900BF0064002400480040A0
:1062500010B5BCB000210446C0220CA80A91CDE9BB
:106260000611CDE908110FF0B1F9614A2368934294
:1062700007D0604A934237D05F4A934266D03CB021
:1062800010BD012200230CA8CDE90C2303F0ACFFC4
:10629000002840F09480594B072406A95848D3F8A9
:1062A000F02042F01002C3F8F020D3F8F02002F002
:1062B00010020092009AD3F8E02042F00102C3F8E5
:1062C000E020D3F8E0300A9403F001039FED407B17
:1062D0000193019B8DED067B9FED3F7B8DED087B50
:1062E00002F012FA3CB010BD022200230CA8CDE946
:1062F0000C2303F079FF002864D1404B072406A942
:106300003F48D3F8E82042F40032C3F8E820D3F83D
:10631000E82002F400320292029AD3F8E02042F020
:106320000102C3F8E020D3F8E0300A9403F001033F
:106330009FED2B7B0393039B8DED067B9FED267BCF
:106340008DED087B02F0E0F93CB010BD0222002385
:106350000CA8CDE90C2303F047FFB0BB274B072463
:1063600006A92848D3F8E82042F48022C3F8E820A0
:10637000D3F8E82002F480220492049AD3F8E020B3
:1063800042F002029FED187BC3F8E020D3F8E03022
:106390000A9403F002038DED067B9FED0F7B0593BE
:1063A000059B8DED087B02F0AFF900220521272027
:1063B00000F0FAF8272000F033F93CB010BDFCF7EC
:1063C00025F968E7FCF722F997E7FCF71FF9C5E71D
:1063D00000060000020000000000000000000000B5
:1063E0000C00000002000000000C00000200000091
:1063F00000100140004400400048004000440258A2
:106400000000025800040258DFF838D0FEF726FCDE
:10641000FEF7AEFB0C480D490D4A002302E0D458AC
:10642000C4500433C4188C42F9D30A4A0A4C0023DE
:1064300001E013600432A242FBD30FF0E5F8FCF751
:1064400079F970470000082400000024184B00244C
:10645000A87C0408184B002424690024FEE70000EF
:106460000F4B1B780BB90120704710B504464FF451
:106470007A700C4AB0FBF3F31068B0FBF3F000F055
:10648000DDF80F2C00D808B1012010BD00222146F4
:106490004FF0FF3000F088F8034B00201C6010BD67
:1064A0000C000024080000241000002410B5032074
:1064B000124C00F067F803F02FFB114B11499A6959
:1064C0009B69C2F3032203F00F038A5CCB5C02F0EA
:1064D0001F020D4903F01F03D04020FA03F30860A8
:1064E0000F202360FFF7BCFF10B10124204610BD30
:1064F0000446FEF753FA204610BD00BF04000024F6
:10650000004402588066010808000024034A044B36
:1065100011681B780B441360704700BF2C65002482
:106520000C000024014B1868704700BF2C65002444
:1065300038B50446FFF7F6FF0546631C02D0044B4E
:106540001B781C44FFF7EEFF401BA042FAD338BD76
:106550000C000024014B1868000C70470010005C10
:10656000034A536823EA00030B435360704700BF9C
:1065700000040058024A136A43F001031362704793
:106580000004005806494FF6FF0C0002054BCA688C
:1065900000F4E06002EA0C0210430343CB60704752
:1065A00000ED00E00000FA051A4BDB68C3F302239C
:1065B00000B5C3F1070E03F1040CBEF1040F28BFB0
:1065C0004FF0040EBCF1060F1AD9A3F1030C4FF0E3
:1065D000FF3303FA0CF322EA03024FF0FF330028E3
:1065E00003FA0EF321EA030303FA0CF343EA02036E
:1065F0004FEA0313DBB206DB074A13545DF804FBD2
:1066000000229446E9E700F00F00044A13545DF8B5
:1066100004FB00BF00ED00E000E400E014ED00E04A
:10662000002807DB012300F01F01034A40098B40CB
:1066300042F82030704700BF00E100E0431EB3F194
:10664000807F01D3012070474FF0E02200200549F0
:106650004FF0F00C5361072381F823C09061136160
:10666000704700BF00ED00E0BFF35F8F044B0021D7
:106670005A6A22F480325A62C3F89410704700BFFD
:1066800000ED00E0064B40F00100C3F894005A6AA8
:1066900042F480325A62BFF34F8FBFF36F8F70475F
:1066A00000ED00E0164A4378C2F89830D2F8A030E6
:1066B00023F00103C2F8A0304368C2F89C30C37ACB
:1066C00090F80CC01B06017843EA0C7390F80AC0DE
:1066D0000B43417B43EACC4390F80EC043EA81432D
:1066E000C17B43EA4C4390F809C043EA0143017A75
:1066F00043EA0C2343EA4103C2F8A030704700BFCD
:1067000000ED00E010B5846BA06CA26B03686AB169
:106710001A68A16B120301D5C90732D51A68120392
:1067200023D5226CA36B934209D010BD1968226C4B
:10673000080310D5616CD960A36B9342F5D123682F
:10674000DA6842F00102DA601B689B07EDD501238D
:1067500084F8353010BD19680903E3D4E06B616C2F
:1067600001EB80011961A263DCE71B690122E16B87
:1067700003EBC10101F0BAFFA36B226C013BA363E1
:10678000D0E7DB680022E16BF2E700BF002847D0CA
:1067900070B590F835300446002B3ED00222A36934
:1067A00084F83520002B34D1606A616866690B4338
:1067B0002268102943EA0603E668156843EA0603DF
:1067C000266943EA0603A66843EA0603266A43EA03
:1067D0000603A66A43EA0603E66A43EA0603114E85
:1067E00006EA0506256B166043EA0503156843EAC9
:1067F000050343EA0003136001D1E3699361D368A1
:106800000020012143F01E03D360E06484F83510BA
:1068100070BD002210466262C7E7FAF741FEBDE78D
:106820000120704707F0E0FF10B50446FAF70AFFB1
:106830000020E06484F8340084F8350010BD00BF07
:106840002DE9F041044690F8340082B001286ED062
:10685000256802204FF00108DFF8DCC084F835001D
:10686000B3F5803F84F834802868DFF8D0E040F446
:1068700080402860286820F002002860286841EAEB
:106880000001A06C29604FF00001C0F83CC0016518
:10689000C0F84CE0A1632164E163616430D3C0F8C7
:1068A00044C01646C4F83880E363E36B6264B3F512
:1068B000803F09D3E36B5B08E363A36B5B00A363D7
:1068C000E36BB3F5803FF5D2A36B05F128013246A7
:1068D000023BA363A36B2364E36BE56B06EB8303CB
:1068E000009501F08DFDB0B9216800220B681046BB
:1068F00043F001030B6084F8342002B0BDE8F0815E
:1069000005F1280100F0A8FD0028EDD04023E36444
:1069100084F8358004E040220123E26484F83530B5
:106920000023012084F8343002B0BDE8F081022059
:1069300002B0BDE8F08100BF05670008C569000826
:106940001E4A4FF47A7138B512681D4BA3FB023210
:1069500090F83430520A012B01FB02F22AD0016870
:1069600005460223012085F8353085F834000B6890
:1069700023F001030B6003E00B6813F0010317D051
:10698000013AF9D1EB6C032443F02003EB640B686C
:10699000A86C23F480430B6001F092F8E96C0123AA
:1069A0000022E964204685F8342085F8353038BD6A
:1069B0001C46ECE70224204638BD00BF0800002436
:1069C000D34D6210806B08B5836C5B6D022B06D0D3
:1069D000012380F83530C36C43F04003C364FAF7F9
:1069E00057F808BD704700BF704700BF38B503684F
:1069F00004461D69690737D4AA0725D4EB061CD4C1
:106A0000280713D4E90710D523681A68920703D51D
:106A1000DA6822F01E02DA60DA680121204622F0EC
:106A20000102DA605961FAF72DF838BD23680822AF
:106A300020465A61FFF7D8FFE4E72368102220467A
:106A40005A61FFF7CFFFDBE723680221A06C042225
:106A50005961E36C43F00103E3640A4B84F8352089
:106A6000036501F0E3F9C9E70422806C5A61E36C25
:106A700043F00203E364034B84F83520036501F01F
:106A8000D5F9B9E7C56900083649024603688B4263
:106A900033D01831591AB1FA81F1490969BB32482A
:106AA00083423ED0183083423ED01830834234D0E7
:106AB000183083423BD0183083423ED01830834296
:106AC0002AD000F55670834235D028498B4231D008
:106AD00018318B4234D018318B4234D018318B426C
:106AE00034D018318B4234D018318B4234D0183125
:106AF0008B4234D023F0FF0011E0DBB21C491D486B
:106B0000103BA1FB031310B41B091B4CE15C5DF8A7
:106B1000044BC2E91601704716211848D1659065EB
:106B2000704710211348F9E716211248F6E70621AD
:106B30001248F3E706211248F0E710210F48EDE76D
:106B400010210F48EAE716210D48E7E700210D481C
:106B5000E4E706210B48E1E710210A48DEE71621A9
:106B60000848DBE7100002404000024028040240D1
:106B7000ABAAAAAA00000240506B01080400024020
:106B800000040240040402400268284B284930B443
:106B9000284D294CAA4218BF9A420CBF012300235A
:106BA0008A4208BF43F001032831A24208BF43F0E4
:106BB000010328348A4208BF43F001032831A2426E
:106BC00008BF43F001038A4208BF43F00103D1B27A
:106BD00013B91A4B9A4211D1A1F10803184C194A62
:106BE0000121A4FB0343184C1D0902EB1313A94018
:106BF0009B008166C0E9183430BC7047A1F11003D6
:106C00001249134C1144A4FB0343A8294FEA131360
:106C100008D903F01F040F4A01211A44A1400E4C69
:106C20009300E6E708331C46F5E700BF0854025816
:106C3000305402581C540258445402589454025878
:106C4000CDCCCCCC0096001680580258F0FBFDBF8E
:106C5000ABAAAAAA00820010800802402DE9F04FDA
:106C6000054683B0FFF75EFC002D00F0A1812C6883
:106C70000646AC4BAC4A944218BF9C4202F1180243
:106C80000CBF01230023944208BF43F001031832D4
:106C9000944208BF43F001031832944208BF43F006
:106CA00001031832944208BF43F0010318329442A2
:106CB00008BF43F001031832944208BF43F00103B8
:106CC00002F55672944208BF43F001031832944211
:106CD00008BF43F001031832944208BF43F0010398
:106CE0001832944208BF43F001031832944208BF9F
:106CF00043F001031832944208BF43F001031832F5
:106D0000944208BF43F001031BB9884B9C4240F0FA
:106D100096810023022285F8343085F835202368D7
:106D200023F00103236006E0FFF7FCFB801B05282E
:106D300000F242812C682368DF07F5D4D5E90230E0
:106D400029690343AA6920680B4369690B43E96910
:106D500013430B4376490140286A034375480B43AC
:106D6000696A042900F03D8100686FF30F00B0F1FB
:106D7000005F80F0F1802360636923F007030B4319
:106D800063612846FFF780FEEA6D3F236A4902F0FF
:106D90001F026A4F611A6A4E93406A4AB1FA81F142
:106DA000E71B8360A4EB020A674B49095E4ABAFA03
:106DB0008AFAA4EB03095B4B4FEA5A1AB7FA87F732
:106DC000944218BF9C4202F11802B9FA89F9A4EB67
:106DD00006060CBF012300234FEA5919B6FA86F6BE
:106DE000944208BF43F0010318327F09944208BF60
:106DF00043F0010318327609944208BF43F00103BF
:106E00001832944208BF43F001031832944208BF7D
:106E100043F001031832944208BF43F0010302F526
:106E20005672944208BF43F001031832944208BFDF
:106E300043F001031832944208BF43F001031832B3
:106E4000944208BF43F001031832944208BF43F054
:106E500001031832944208BF43F0010318329442F0
:106E600008BF43F001031832944208BF43F0010306
:106E7000364A4AEA0303A4EB02083C320B43B8FA51
:106E800088F8A4EB020B143249EA03034FEA5818BE
:106E9000BBFA8BFBA21A48EA03034FEA5B1BB2FA68
:106EA00082F23B435209334301925BEA030300D170
:106EB00082B328460091FFF767FEAB680099802BEC
:106EC00000F083806A682B6ED0B2013AD5E9194C84
:106ED000072A1860C4F804C07ED84AEA010A441E92
:106EE00049EA0A0948EA090847EA08073E435BEA13
:106EF000060603D1019B002B00F01D81144A1549A1
:106F00000244920001230020A340C5E91B216B67C6
:106F100010604B6000200123686585F8353003B0B0
:106F2000BDE8F08F1000024028000240B804024083
:106F30003F8010FE0010005C1C5402585854025848
:106F40006C540258085402583054025844540258A1
:106F50003F9600164059025868682E2832D93F38AB
:106F6000132806D87A4E26FA00F0C00701D543F45C
:106F7000801323600429636923F0070343EA0103B4
:106F80007FF4FEAEE86AA96A0B4300283FF4F8AE2E
:106F9000002A38D101294DD031F002027FF4F0AE41
:106FA000C2017FF5EDAE402201236A6585F83530D8
:106FB000012003B0BDE8F08F202203236A6585F825
:106FC0003530F5E72828D4D9D1E70023A96ED5E9D3
:106FD00018026B60036051600023C5E91B336B67C7
:106FE00098E70668D5E90B076FF30F060743B6F17C
:106FF000005F43EA0703AFD22360636923F007030E
:1070000043F00403BFE7B2F5005F04D00229CAD9F8
:107010000329C5D0B4E603293FF6B2AE01A252F867
:1070200021F000BFA76F0008A16F0008A76F00083C
:1070300035700008B0F1C07F7FF4A2AEB3E7454AD7
:107040004549464BA4EB020A611A454FA4EB0309DC
:10705000BAFA8AFA1433B1FA81F14FEA5A1AB9FA34
:1070600089F9A4EB030849094FEA5919E71BB8FA53
:1070700088F84AEA01033B4E78324FEA581849EA49
:107080000303B7FA87F7A61BA4EB020B48EA030336
:107090007F09B6FA86F61432BBFA8BFB3B437609BE
:1070A000A21A4FEA5B1B3343B2FA82F25BEA030394
:1070B0004FEA5212019201D1002A43D00223DFF895
:1070C000B8E085F83530002385F83430AB682268A5
:1070D000402B02EA0E0E33D0A3F18003B3FA83F300
:1070E0005B0998030091D5E9033243EA020C6A690F
:1070F000AB694CEA020C1C4A4CEA030CEB692244D3
:107100004CEA030C2B6A4EEA131343EADC031843E0
:10711000164BA3FB0223206028461B099B00EB654E
:10712000FFF7B2FCEB6D0246009903F01F0001234C
:1071300083405360BDE60E4A0E4902449200E1E6E8
:107140001020CFE7402203236A6585F835302FE70A
:107150000F030F00085402581C54025830540258B0
:10716000585402586C540258F8ABFDA7CDCCCCCC87
:107170003F820010400902400F00FEFF002800F08F
:10718000048138B505680446A24B9D4275D018337A
:107190009D4272D0A04B9D4200F0D98018339D4291
:1071A00000F0DB8018339D4200F0CB8018339D4205
:1071B00000F0E380994B9D4200F0E98018339D4236
:1071C00000F0D18003F556739D4200F0E880944BA7
:1071D0009D4200F0EA8018339D4200F0F1801833A0
:1071E0009D4200F0F3808F4B9D4200F0F5801833F4
:1071F0009D4200F0F78018339D4200F0FB808A4BDF
:107200009D4200F0FF80894B89488A49854218BF1A
:107210009D422A680CBF0123002322F001028D4207
:1072200008BF43F0010314312A608D4208BF43F0C8
:107230000103814A2831954208BF43F001032832F7
:107240008D4208BF43F00103954208BF43F001039C
:107250001BB97A4B9D4240F08E80002320462B6064
:107260006B60AB60EB602B61FFF70EFCE26D0123FE
:1072700002F01F029340436014E02B6823F00103E7
:107280002B600023212220462B606B60AB60EB60FB
:107290002B616A61FFF7F8FBE26D3F2302F01F02EA
:1072A000934083602046FFF76FFC236E23B10021DB
:1072B000626E1960A36E536061684A1E072A10D976
:1072C000002363651846636784F8353084F83430EA
:1072D000C4E91B33C4E90F33C4E91133C4E91333E0
:1072E00038BD524B5248854218BF9D4200F11400F0
:1072F0000CBF01230023854208BF43F00103143073
:10730000854208BF43F001031430854208BF43F0B3
:1073100001031430854208BF43F001031430854255
:1073200008BF43F0010313B9444B9D4243D1444B82
:1073300044480B4499000123934000220A604360B3
:10734000BEE7414A136F23F00103136799E73E4AF2
:10735000136C23F00103136493E73B4A936D23F00E
:10736000010393658DE7384AD2F8B83023F0010362
:10737000C2F8B83085E7012038BD334AD2F88830EA
:1073800023F00103C2F888307BE7012070472E4AC2
:10739000D2F8A03023F00103C2F8A03071E72B4AE5
:1073A000136923F0010313616BE7284A936A23F002
:1073B0000103936265E7264B26480B449900BAE720
:1073C000224A136C23F0010313645AE71F4A936D9A
:1073D00023F00103936554E71C4A136F23F0010364
:1073E00013674EE7194AD2F8883023F00103C2F838
:1073F000883046E7154AD2F8A03023F00103C2F8DE
:10740000A0303EE7114AD2F8B83023F00103C2F8A9
:10741000B83036E71000024040000240A0000240B1
:107420002804024070040240B80402400854025884
:107430001C5402583054025858540258945402585C
:107440003F960016405902580000024000040240D6
:107450003F82001040090240002800F021822DE9FF
:10746000F04790F83440012C00F01782012480F896
:10747000344090F83540012C08D04FF400620023CE
:10748000426580F834300120BDE8F0870224694E5F
:10749000DFF8A8E180F835400024674D44650468B2
:1074A000DFF8AC81744518BFB442DFF8A8C1D0F84A
:1074B00058A00CBF01260026444514BFB14646F033
:1074C0000109AC4218BF64450CBF0125002540F0FE
:1074D000C380D4F800C02CF0010CC4F800C0D0F870
:1074E0006CC0D0E919767E60BCF1000F07D0D0E9FE
:1074F0001C6777601DB9B9F1000F00F03081C76DCE
:107500004FF03F0E07F01F080EFA08FECAF808E019
:10751000276827F48027276063608368402B00F08A
:10752000C181A160E260026C002D40F0A181434B5B
:107530009C4200F0DE8118339C4200F0F681B9F1E4
:10754000000F40F0C7813E4B9C4200F001823D4B52
:107550009C4200F0098218339C4200F0238203F51C
:1075600056739C4200F0338218339C4200F04282F2
:1075700018339C4200F0498218339C4200F050823C
:1075800018339C4200F0578218339C4200F0678207
:1075900018339C4200F0658218339C4200F07582DB
:1075A000236823F00E0343F00A0323601AB1236813
:1075B00043F004032360244B244A944218BF9C42A6
:1075C00002F114020CBF01230023944208BF43F0D0
:1075D00001031432944208BF43F001031432944271
:1075E00008BF43F001031432944208BF43F0010383
:1075F0001432944208BF43F001031432944208BF8E
:1076000043F001037BB1036ED0F86CC01A68D2035B
:1076100000F13E81BCF1000F05D0DCF8003043F4EE
:107620008073CCF800302368002043F0010323600E
:10763000BDE8F08770000240280002404000024090
:1076400088000240A0000240085402581C5402580E
:107650005800024010000240744500F05481444537
:1076600000F05A81B9F1000F40F01F81DFF834C4F7
:10767000644500F064810CF1180C644500F08081D1
:107680000CF1180C644500F084810CF5567C6445BF
:1076900000F094810CF1180C644500F0A2810CF10B
:1076A000180C644500F0B3810CF1180C644500F02F
:1076B000B9810CF1180C644500F0BF810CF1180C75
:1076C000644500F0C3810CF1180C644500F0CB81D7
:1076D0000CF1180C644500F0CF81DFF8CCC3DFF863
:1076E000CCE3744518BF64450EF1280E0CBF4FF073
:1076F000010C4FF0000C744508BF4CF0010C0EF16A
:10770000140E744508BF4CF0010C0EF1140E7445B4
:1077100008BF4CF0010C0EF1140E744508BF4CF07C
:10772000010CD4F800E02EF0010EC4F800E0DFF800
:1077300080E3744508BF4CF0010CBCF1000F03D18D
:10774000DFF870C364454FD1D0F86CC0D0E9196739
:107750007760BCF1000F02D0D0E91C677760DFF8DA
:1077600044E3DFF85483444518BF744508F1180812
:107770000CBF4FF0010E4FF0000E444508BF4EF015
:10778000010E08F55678444508BF4EF0010E08F189
:107790001808444508BF4EF0010E08F1180844458A
:1077A00008BF4EF0010E08F11808444508BF4EF01E
:1077B000010E08F11808444508BF4EF0010E08F10B
:1077C0001808444508BF4EF0010E08F1180844455A
:1077D00008BF4EF0010EBEF1000F7FF490AEDFF84F
:1077E000DCE274453FF48BAEDFF8C0C2DFF8B8E2EC
:1077F000744518BF64450EF1140E0CBF4FF0010C18
:107800004FF0000C744508BF4CF0010C0EF1140E43
:10781000744508BF4CF0010C0EF1140E744508BFFE
:107820004CF0010C0EF1140E744508BF4CF0010C25
:107830000EF1140E744508BF4CF0010CBCF1000FA2
:1078400004D1DFF870C2644540F02581C66D4FF069
:10785000010C06F01F0E0CFA0EFCCAF804C063609F
:107860008368402B00F01381A160E260026C5EE649
:10787000236823F01E0343F0160323601AB1236824
:1078800043F008032360036E1A68D2037FF5C2AE8B
:107890001A6842F480721A60BCE60220BDE8F087E4
:1078A00001207047A260E1603DE6DFF8F0E1DEF81C
:1078B00070C02CF0010CCEF870C0D0F86CC0D0E9CC
:1078C00019677760BCF1000F3FF419AED0E91C676F
:1078D000776014E671490B6F23F01E0343F0160323
:1078E0000B67002A3FF48FAE236843F00803236040
:1078F00089E66A490B6C23F01E0343F016030B6400
:10790000002AF1D17FE6DFF894E1DEF840C02CF0E8
:10791000010CCEF840C0E2E5DFF880E1DEF858C0A7
:107920002CF0010CCEF858C0C7E75C498B6D23F0F2
:107930001E0343F016038B65002AD5D163E6DFF8FA
:107940005CE1DEF888C02CF0010CCEF888C0FBE6C4
:107950005249D1F8883023F01E0343F01603C1F8D2
:107960008830002AC0D14EE64C49D1F8A03023F02F
:107970001E0343F01603C1F8A030002AB4D142E63A
:10798000DFF818E1DEF8A0C02CF0010CCEF8A0C0A2
:10799000DAE6DFF808E1DEF8B8C02CF0010CCEF82A
:1079A000B8C0D1E63D49D1F8B83023F01E0343F00A
:1079B0001603C1F8B830002A96D124E6DFF8E0E0DB
:1079C000DEF810C02CF0010CCEF810C0BCE6344933
:1079D0000B6923F01E0343F016030B61002A83D1C9
:1079E00011E6DFF8BCE0DEF828C02CF0010CCEF880
:1079F00028C0A9E62A498B6A23F01E0343F0160328
:107A00008B62002A7FF470AFFDE5254972E7DFF84D
:107A100090E0DEF840C02CF0010CCEF840C093E6B8
:107A20001F4983E7DFF878E0DEF858C02CF0010C3E
:107A3000CEF858C088E61A494DE7DFF864E0DEF872
:107A400070C02CF0010CCEF870C07DE6DFF850E07D
:107A5000DEF888C02CF0010CCEF888C074E610491E
:107A600077E70F4981E7DFF838E0DEF8A0C02CF0B7
:107A7000010CCEF8A0C067E6DFF824E0DEF8B8C05D
:107A80002CF0010CCEF8B8C05EE605498BE7A26089
:107A9000026CE1604BE5026C55E500BF000002405E
:107AA00000040240880002401C5402580854025846
:107AB0008054025894540258A0000240B804024076
:107AC00070B50446FEF72EFD002C6DD094F83530CD
:107AD000022B64D125680646AD4B9D4266D0183313
:107AE0009D4263D018339D4200F0F38018339D42CD
:107AF00000F01A8118339D4200F0258118339D4211
:107B000000F0FF8018339D4200F02E8118339D4213
:107B100000F04A8103F556739D4200F058811833F6
:107B20009D4200F0638118339D4200F06E8118334E
:107B30009D4200F06C8118339D4200F06A81183339
:107B40009D4200F0688118339D4200F0688118332F
:107B50009D4200F062812B688E4A23F00E0395420D
:107B60002B6000F0BF808C4B9D4200F0BB80143333
:107B70009D4200F0B78014339D4200F0B38014336F
:107B80009D4200F0AF8014339D4200F0AB8014336F
:107B90009D4200F0A78014339D4214D1A2E08022C0
:107BA0000023626584F83430012070BD2B68226E9A
:107BB00023F01E032B606B6923F080036B61136855
:107BC00023F4807313602B6823F001032B6005E01E
:107BD000FEF7A8FC831B052B00F28A802B68DB07CD
:107BE000F6D423686A49E26D8B42A06D02F01F0251
:107BF0005ED018318B425BD018318B4258D018318F
:107C00008B4255D018318B4252D018318B424FD015
:107C100018318B424CD018318B4249D001F5567146
:107C20008B4245D018318B4242D018318B423FD025
:107C300018318B423CD018318B4239D018318B42ED
:107C400036D018318B4233D018318B4230D00121DD
:107C50009140514A41604F485049834218BF934276
:107C600000F13C000CBF012200228B4208BF42F011
:107C700001022831834208BF42F0010228308B42C2
:107C800008BF42F001022831834208BF42F00102DE
:107C90008B4208BF42F001026AB9414A93420AD0BE
:107CA00000230122184684F8352084F8343070BD52
:107CB0003F2393408360E36ED4E919215160002B88
:107CC000EED01A68D4E91C1022F480721A60486061
:107CD000E6E7344B1A6C22F01E021A645A6D22F049
:107CE00080025A65226E136823F4807313606AE77A
:107CF000202103220023616584F8343084F8352084
:107D000052E7284BD3F8882022F01E02C3F88820BF
:107D1000D3F89C2022F08002C3F89C20226E1368C6
:107D200023F4807313604EE71E4B9A6D22F01E02FF
:107D30009A65DA6E22F08002DA66226E136823F406
:107D4000807313603FE7174B1A6F22F01E021A6709
:107D5000D3F8842022F08002C3F88420226E1368B6
:107D600023F4807313602EE70E4BD3F8A02022F08B
:107D70001E02C3F8A020D3F8B42022F08002C3F87A
:107D8000B420226E136823F4807313601BE700BFD6
:107D900010000240085402581C5402583054025833
:107DA00094540258000002401E4BD3F8B82022F031
:107DB0001E02C3F8B820D3F8CC2022F08002C3F80A
:107DC000CC20226E136823F480731360FBE6164BFD
:107DD0001A6922F01E021A615A6A22F080025A625F
:107DE000226E136823F480731360ECE60E4B9A6ADC
:107DF00022F01E029A62DA6B22F08002DA63226EAF
:107E0000136823F480731360DDE6074B62E7064BCB
:107E10008BE7054B98E7044B74E7034BC5E7024B30
:107E2000A3E700BF0000024000040240002862D027
:107E300038B590F83530022B59D10268574B584C61
:107E40005849A24218BF9A4204F130040CBF0123E2
:107E500000238A4208BF43F001033031A24208BF29
:107E600043F0010330348A4208BF43F0010330314C
:107E7000A24208BF43F0010330348A4208BF43F0F6
:107E8000010301F55C71A24208BF43F0010304F550
:107E90005C748A4208BF43F001033031A24208BF3C
:107EA00043F0010330348A4208BF43F0010330310C
:107EB000A24208BF43F0010330348A4208BF43F0B6
:107EC00001033031A24208BF43F001038A4208BFD8
:107ED00043F0010313B9344B9A420ED1042380F8C6
:107EE0003530136823F001031360002038BD802370
:107EF0004365012038BD012070472C4B2C4D116883
:107F0000AA4218BF9A422B4C21F00E0105F13C0504
:107F10000CBF012300231160A24208BF43F00103FC
:107F200011682834AA4208BF43F0010321F001017F
:107F3000A24208BF43F0010314341160A24208BFFB
:107F400043F001031C498A4208BF43F0010313B9FF
:107F50001A4B9A4217D10123856DD0E91714226874
:107F600001F01F0122F480728B4022606B60C36EAF
:107F7000D0E91921516033B11A68D0E91C1422F4F8
:107F800080721A604C6001210022036D80F8351068
:107F900080F83420002BA8D09847A6E710000240B4
:107FA0002800024040000240B80402401C5402581D
:107FB00008540258305402588054025894540258BD
:107FC000F0B50022944B83B0856D07461E68019280
:107FD000924B026892482C68824218BF9A4200F184
:107FE000180029680CBF01230023824208BF43F018
:107FF00001031830824208BF43F001031830824267
:1080000008BF43F001031830824208BF43F0010368
:108010001830824208BF43F001031830824208BF83
:1080200043F0010300F55670824208BF43F001039C
:108030001830824208BF43F001031830824208BF63
:1080400043F001031830824208BF43F001031830A7
:10805000824208BF43F001031830824208BF43F058
:1080600001031830824208BF43F001031BB96D4B76
:108070009A4240F02F81FB6D082103F01F039940C5
:1080800021420BD01068400708D5106820F004008A
:108090001060A960796D41F00101796524FA03F15E
:1080A000C80709D55169090606D501219940A9607B
:1080B000796D41F00201796504219940214207D090
:1080C0001068800704D5A960796D41F004017965D5
:1080D00010219940214200F0B0801068000740F163
:1080E000AC80A960116811F4802F116840F09E8067
:1080F000C90503D4116821F008011160396C002909
:1081000000F09B8038468847FB6D202103F01F0359
:108110009940214253D03A684048414CA24218BF8E
:10812000824204F118040CBF01200020A24208BFC3
:1081300040F001001834A24208BF40F0010018349A
:10814000A24208BF40F001001834A24208BF40F02C
:1081500001001834A24208BF40F001001834A242C6
:1081600008BF40F0010004F55674A24208BF40F079
:1081700001001834A24208BF40F001001834A242A6
:1081800008BF40F001001834A24208BF40F00100CF
:108190001834A24208BF40F001001834A24208BFC0
:1081A00040F001001834A24208BF40F0010000284E
:1081B00047D11C48824244D01068800744D47B6D6C
:1081C000002B70D07B6DDC071ED53A68042187F840
:1081D000351015491368A1FB066123F00103890AD4
:1081E000136002E01368D80704D5019B01338B426A
:1081F0000193F7D91368DB074CBF0323012387F8EA
:108200003530002387F83430FB6C002B4BD03846D8
:1082100003B0BDE8F04018470800002410000240F9
:1082200028000240B8040240B5814E1B08037FF5C8
:1082300065AFB96C00297FF465AF202199400C42ED
:10824000BDD01068C406BAD5A96097F835100429C6
:108250000ED0136813F4802F136826D01D0331D578
:10826000FB6B002BABD0384698477B6DDBB1A9E7A1
:10827000116821F016011160516921F080015161EE
:10828000396C19B3116821F0080111603F220121F6
:1082900002FA03F30022AB603B6D87F8351087F8D4
:1082A0003420002BB3D103B0F0BD13F48073D7D1C9
:1082B000116821F010011160012287F8343087F82D
:1082C0003520CDE77B6C002BCDD178E7B96C002948
:1082D000D8D1DBE7404B4148824218BF9A4200F1B7
:1082E00014000CBF01230023824208BF43F00103A6
:1082F0001430824208BF43F001031430824208BFA9
:1083000043F001031430824208BF43F001031430EC
:10831000824208BF43F0010313B9314B9A42C2D1E4
:10832000F86D0424136800F01F0084400C420BD049
:108330005E0709D519046C6032D5DA0336D4BB6CFC
:10834000002B7FF464AFAEE7022484400C420BD0D4
:108350009E0709D519046C602DD5DA0337D47B6CE0
:10836000002B7FF454AF9EE7082484400C429AD03F
:108370001B0798D51368002123F00E031360012317
:10838000FA6C03FA00F068607B6587F8341087F8B0
:108390003530002A87D0384603B0BDE8F04010479A
:1083A0009B0603D4136823F0040313603B6C002B7B
:1083B0007FF42DAF77E713F0200308D11168012077
:1083C00021F00A01116087F8350087F83430FB6B23
:1083D000002B7FF41CAF66E7085402581C54025867
:1083E0009454025870B485680468402D636003D0CB
:1083F000A160E26070BC7047A260E16070BC704731
:108400002DE9F04F856883B00446802D00F0CC80C4
:1084100090F83450012D00F0508190F8355001262D
:10842000B5425FFA85FA80F8346006D04FF40063F5
:108430004365012003B0BDE8F08F05688C46A44E6B
:108440009646A44FDFF89882BD4218BFB54207F1A7
:108450001807DFF890920CBF01260026BD4208BF26
:1084600046F0010607F55677BD4208BF46F0010603
:108470001837BD4208BF46F001061837BD4208BF95
:1084800046F001061837BD4208BF46F0010618370E
:10849000BD4208BF46F00106A7F58367BD4218BF7D
:1084A000454508F589680CBF01270027454508BFE9
:1084B00046F00106A8F58F684D4518BF454509F1FE
:1084C00048090CBF4FF001084FF000084D4508BFA8
:1084D00047F0010709F586694D4508BF46F00106DA
:1084E00000974FF002093746C66D80F835904FF07F
:1084F000000906F01F0B866DC0F854900196DFF856
:10850000E891009E4D4508BF47F0010758EA06096B
:1085100001D1002F4CD028687246614640F480207B
:1085200028602B613F23019803FA0BF383602046F8
:108530000C9BFFF757FFB8F1000F4AD0D4E919326E
:108540005A60E36E13B1D4E91C325A60226C2B6876
:1085500023F01E0343F016032B606B6943F0800386
:108560006B61002A00F0AB802B6843F008032B609E
:10857000B8F1000F02D1009B002B70D0236E1A6857
:10858000D20303D51A6842F480721A60E36E1BB1FD
:108590001A6842F480721A602B68002043F00103CD
:1085A0002B6003B0BDE8F08F4FF48073436540E764
:1085B000D5F800E048F2200C0AFA0BFA4EEA0C0C4F
:1085C000C5F800C02B61019BC3F804A00C9BFFF70A
:1085D00009FF414A3B46954208BF43F0010314326C
:1085E000954208BF43F001031432954208BF43F09F
:1085F00001031432954208BF43F00103143295423F
:1086000008BF43F001031432954208BF43F0010351
:108610001432954208BF43F001031432954208BF5B
:1086200043F001030BB9009B53B1D4E919325A60EE
:10863000E36E13B1D4E91C325A60B9F1000F85D151
:10864000226C002F83D12B6823F00E0343F00A0322
:108650002B60002A38D02B6843F004032B601E4B9C
:108660001E4A954218BF9D4202F114020CBF01231D
:108670000023954208BF43F001031432954208BF1E
:1086800043F001031432954208BF43F00103143252
:10869000954208BF43F001031432954208BF43F0EE
:1086A00001031432954208BF43F00103002B7FF40D
:1086B00065AF002F7FF462AF6EE70220BAE6A36CCD
:1086C000002B7FF451AF53E7A36C002BC3D1C6E757
:1086D00088000240A0000240085402581C5402586E
:1086E0004000024028000240B8040240006810B474
:1086F00022B9C16000205DF8044B70470161002081
:108700005DF8044B704700BF0B68002B00F0DC8164
:10871000B44A90424FF000022DE9F04F4FF0010BA8
:1087200085B000F005814FF0B04E00930BFA02FCCB
:10873000009B1CEA030A00F04B814D6854000323A0
:1087400005F0030703FA04F607F1FF38F643B8F122
:10875000010F40F25D81032F40F0CF8107FA04F44E
:10876000076815F4403F06EA070644EA0604046079
:1087700000F02E819C4E02F003070F23D6F8F44040
:10878000BF0044F0020403FA07FC984BC6F8F4401B
:10879000D6F8F44022F00306984206F1B04604F001
:1087A000020406F580660394039CB46824EA0C0472
:1087B00000F078818E4B984200F0DE80DFF834C202
:1087C000604500F07B81DFF830C2604500F07D81BC
:1087D000DFF828C2604500F06B81DFF824C26045F5
:1087E00000F07981DFF81CC2604500F07A81DFF883
:1087F00018C2604500F07B81DFF810C260450CBFF5
:108800004FF0090C4FF00A0C0CFA07F73C43B8E0A4
:10881000D0F80890022CCE680AEA090906FA07F88F
:1088200048EA0908C0F80880C5F30018D0F8049099
:1088300008FA02F829EA0E0E48EA0E0EC0F804E023
:10884000D0F80C808E680AEA080806FA07FE4EEA9D
:10885000080EC0F80CE017D102F0070E0E694FEABF
:10886000D2084FEA8E0E00EB880806FA0EF6D8F80A
:10887000209000960F2606FA0EFE009E29EA0E09A9
:1088800046EA090EC8F820E0BC40076815F4403FEE
:1088900007EA0A0744EA0704046045D0524F0F264E
:1088A000D7F8F44044F00204C7F8F440D7F8F44095
:1088B00022F0030704F0020407F1B047039407F520
:1088C0008067039C02F00304D7F808E0A40006FACE
:1088D00004F4EE022EEA0404BC604FF0B0446FEAE8
:1088E0000C07246800F1D2803C404FF0B046346061
:1088F0007468AE0200F1D3803C404FF0B046746023
:10890000D6F88440AE0300F1C7803C404FF0B0463B
:10891000ED03C6F88440D6F8804000F1BA803C40B0
:108920004FF0B045C5F88040013233FA02F455D01B
:108930000BFA02FE13EA0E0CF6D04D685700032620
:1089400005F0030406FA07F86FEA080A04F1FF3895
:10895000B8F1010F7FF65CAF032C95D0DFF884806F
:108960008E68D8F80C9006FA07FE0AEA09094EEA62
:10897000090EC8F80CE087E74FF0020C0CFA07F775
:108980003C43B460EF02DEF800406FEA0A064CBFD9
:108990004AEA04043440AB02CEF80040DEF804405A
:1089A00054BF34404AEA0404AF03CEF80440DEF872
:1089B000844054BF34404AEA0404EB03CEF88440B8
:1089C000DEF8804054BF34404AEA0404CEF88040C8
:1089D0000132009B33FA02F47FF4A8AE05B0BDE883
:1089E000F08F00BF000002580044025800040258F3
:1089F00000080258000C02580010025800140258D7
:108A000000180258001C0258002002580024025886
:108A1000D0F80890022FCB6809EA060903FA04F897
:108A20008B6848EA0908C0F80880C5F30018D0F838
:108A3000049008FA02F829EA0C0C48EA0C0CC0F879
:108A400004C003FA04FCD0F80C8008EA06084CEADB
:108A5000080CC0F80CC07FF481AE02F0070C0B6963
:108A60004FEAD2084FEA8C0C00EB880803FA0CF3AB
:108A7000D8F8209001930F2303FA0CFC019B29EAFC
:108A80000C0943EA090CC8F820C067E644EA0C0464
:108A90002BE744EA0C0443E74CEA040436E744EAD3
:108AA0000C042AE74FF0010C0CFA07F73C4368E787
:108AB0004FF0050C0CFA07F73C4362E74FF0030C4C
:108AC0000CFA07F73C435CE770474FF0040C0CFAD4
:108AD00007F73C4355E74FF0060C0CFA07F73C4309
:108AE0004FE74FF0070C0CFA07F73C4349E74FF00C
:108AF000080C0CFA07F73C4343E7D0F80C808B686E
:108B000008EA060803FA04FC4CEA080CC0F80CC09A
:108B100024E600BF002900F00C818B4B98422DE920
:108B2000F04F00F09A8000234FF00F094FF0030A36
:108B30004FF0B04601229A4012EA010E77D023F09E
:108B4000030503F00304814F05F1B045A400B842CA
:108B500009FA04F8D5F808C405F5806508EA0C0C94
:108B600027D07B4FB8426ED07A4FB84270D07A4F40
:108B7000B84263D0DFF8E8B1584500F0D580DFF89F
:108B8000E4B1584500F0D680DFF8DCB1584500F07C
:108B9000C680DFF8D8B1584500F0D180DFF8D0B1F9
:108BA00058450CBF4FF0090B4FF00A0B0BFA04F4B9
:108BB00002E0012707FA04F4A44517D1D6F8804053
:108BC00024EA0E04C6F88040D6F8844024EA0E0455
:108BD000C6F88440746824EA0E047460346824EA99
:108BE0000E043460AC6824EA0804AC605D000468DC
:108BF0004FEAD30C0AFA05F500EB8C0C2C43046009
:108C000003F00704DCF820E0A40009FA04F42EEADB
:108C10000404CCF82040C46824EA0504C460446815
:108C200024EA02024260826822EA0502826001337D
:108C300031FA03F27FF47EAFBDE8F08F4FF0040B02
:108C40000BFA04F4B8E74FF0020B0BFA04F4B3E7A5
:108C50004FF0030B0BFA04F4AEE700224FF0010CC7
:108C60003E4F0F254FF0B0464FF0030E02F00303C6
:108C70000CFA02F422F003089B0011EA0409B8443C
:108C800005FA03F345D0D8F808A013EA0A0F1DD15E
:108C9000D6F880A02AEA090AC6F880A0D6F884A0EF
:108CA0002AEA090AC6F884A0D6F804A02AEA090A22
:108CB000C6F804A0D6F800A02AEA0909C6F8009070
:108CC000D8F8089029EA0303C8F808304FEA4208A8
:108CD00003684FEAD2090EFA08F800EB890943EA63
:108CE0000803036002F00703D9F820A09B0005FAEF
:108CF00003F32AEA0303C9F82030C36823EA080310
:108D0000C360436823EA04034360836823EA0803DB
:108D10008360013231FA02F3A8D1BDE8F08F4FF041
:108D2000070B0BFA04F447E74FF0050B0BFA04F4BA
:108D300042E770474FF0060B0BFA04F43CE74FF0A4
:108D4000080B0BFA04F437E700000258000402583D
:108D500000080258000C0258001002580004005885
:108D60000014025800180258001C02580020025833
:108D7000002402580369194214BF012000207047E3
:108D800002B9090481617047436901EA030221EADB
:108D9000030141EA02418161704700BF002853D0BE
:108DA00010B590F84130044603F0FF02002B46D086
:108DB00023682421626884F84110196822F07062E7
:108DC000E06821F00101012819601A619A68A16820
:108DD00022F400429A6009D041F4044102289960CB
:108DE00007D15A6842F400625A6006E041F400413B
:108DF00099605A6822F400625A6058684FF0200C5B
:108E00001249226901435960D96821F40041D960AF
:108E1000D4E90501024342EA0122D4E90710DA60ED
:108E20000022014310461960196841F001011960E0
:108E3000626484F841C0226384F8422010BD80F847
:108E40004020F8F73FFFB3E70120704700800002A1
:108E500090F84120202A23D15FFA82FC90F840202C
:108E60000346012A1CD00268242000B583F8410083
:108E70004FF0000E106820F001001060106820F420
:108E8000805010601068014370461160116841F015
:108E90000101116083F841C083F840E05DF804FBF4
:108EA0000220704790F84120202A22D1034600B5C5
:108EB0005FFA82FE90F84020012A1CD0026824202C
:108EC0004FF0000C83F84100106820F001001060A2
:108ED000106820F4706040EA01216046116011685A
:108EE00041F00101116083F841E083F840C05DF872
:108EF00004FB0220704702205DF804FB38B5104CDB
:108F0000E36813F0040FE36805D103F00703181AB0
:108F100018BF012038BD23F007030343E360FDF7CA
:108F200001FB054605E0FDF7FDFA401BB0F57A7F31
:108F300004D863689B04F6D5002038BD012038BDF5
:108F400000480258B2F1406F4B6A2DE9F04301D05E
:108F5000002B56D101F1180494E830406CB3234340
:108F60000468486913434E6B4FEA804C0868D1E9A6
:108F70000B97BEF1000F65D043EA0E0E8B68D1F857
:108F80001080E361002D71D040EA0503C868B2F19A
:108F9000406F43EA090343EA070343EA060343EA4F
:108FA000080343EA000343EA0C0343EA0E03636148
:108FB00068D04B68A361BDE8F083BEF1000F25D0F7
:108FC00043EA0E0304684E6988681343B6044F6B86
:108FD000E0610869D1E90BEC002D60D02843CD6831
:108FE000B2F1406F40EA0E0040EA0C0040EA070090
:108FF00040EA050040EA060043EA00036361D8D175
:1090000040E08C6A0568013C2C61A3E7002D51D03B
:109010002B43CC6A0068B2F1406F43EA020343EA93
:1090200004030C6B43EA04034C6B43EA0403CC686F
:1090300043EA04034C6943EA8443436122D04B680A
:1090400083611FE005B32843CD68B2F1406F40EA69
:10905000090040EA070040EA060040EA050040EA4D
:109060000C0043EA00036361A3D10BE040EA09036B
:109070003B43334343EA080343EA0C0343EA0E034A
:109080006361A561BDE8F08340EA09023A433243D7
:1090900042EA0C0213436361A561BDE8F08340EA34
:1090A0000E0242EA0C023A43324313436361A56164
:1090B000BDE8F083002BE5D0CC6A006823434C6BFD
:1090C00013430A6B13434A69234343EA82434361D0
:1090D0008561D7E770B50446FDF724FA002C50D01F
:1090E00094F841300546002B3CD0A66C2268A1685C
:1090F0001368013923F4F85343EA0123136093689A
:109100009B0604D5701C25D193689906FCD4D4E93C
:109110000750E36811682B4300250343606843EA66
:10912000006319480840616903431360A3695068EC
:109130000B43216943EA01431449014028460B438C
:109140005360136843F0010313600123656484F8DE
:10915000413070BDFDF7E6F9401BB0420AD84EB170
:109160002268CCE72046FBF721FB41F288331E46FC
:10917000A364BBE7042384F84130636C43F001032C
:109180006364012070BD00BF2FFFFF00FEF8E0FF09
:109190002DE9F84304460F461646FDF7C3F994F847
:1091A0004030012B33D0012384F8403094F8413013
:1091B000012B5FFA83F807D04FF0020800234046E6
:1091C00084F84030BDE8F8830023711C8146636455
:1091D0004FF0020384F841301ED12568AA6812F0CE
:1091E0002002FBD139462046FFF7ACFE7B6A2BB14B
:1091F000012384F841304FF00008DFE7AB689A079D
:10920000FCD502220123EA6084F84130F3E74FF0F5
:1092100002084046BDE8F8832568AA6812F02002DB
:109220000FD0FDF77FF9A0EB09039E4201D3002E7A
:10923000F2D1042384F84130636C43F0010363648A
:10924000BCE739462046FFF77DFE7B6A002BCFD175
:10925000AB689B07D5D4FDF765F9A0EB09039E42E7
:10926000E7D3002EE5D02568F2E700BF2DE9F843EB
:10927000044617460E46FDF755F92568AA6994F885
:109280004030012B3CD0012384F8403094F8413029
:10929000012B5FFA83F807D04FF002080023404605
:1092A00084F84030BDE8F883002363646EB3222362
:1092B000814684F841302B690133A3632B6926630F
:1092C000013363636B6923F0406343F080636B6138
:1092D000AA61A36B53B3781C3FD131462A469368E9
:1092E00013F0060FFBD095F820300B70A36B216BA9
:1092F000013B0131A363A36B21635BB12268EEE7FD
:109300004FF002084046BDE8F883636C43F0080361
:109310006364C3E72568AB689A07FCD502234FF066
:109320000008EB60012384F84130B7E7791CF2D0E4
:1093300007E0FDF7F7F8A0EB09039F4205D327B13B
:109340002568AB689B07F4D5E8E7042384F841302F
:10935000636C43F001036364E4E72B4608E0FDF728
:10936000E1F8A0EB09039F42EFD3002FEDD0236873
:109370009B6813F0060FF2D095F82020236B1A702B
:10938000A26B236B013A0133A263A26B2363002A11
:10939000EDD1D5E72DE9F043044683B00F461646DC
:1093A000FDF7C0F894F84030012B30D0012384F849
:1093B000403094F84130012B5FFA83F808D04FF029
:1093C00002080023404684F8403003B0BDE8F08333
:1093D000002381466364822384F84130A36C581CC7
:1093E0001BD12568AB689906FCD42B68726823F002
:1093F0000803082A43EA02032B6024D04FF040629E
:10940000394620464FF00008FFF79CFDD9E74FF0A2
:109410000208404603B0BDE8F0832568AA689206BA
:10942000E3D50193FDF77EF8019BA0EB090293427F
:1094300001D3002BF1D1042384F84130636C43F055
:1094400001036364BDE7326810232A63EB602B6875
:1094500043F480132B60D1E7334B30B4996A9C6A94
:10946000DD6A14F47C7F5A6BC4F3051036D0C2F366
:10947000CC0205F0010501F0030107EE900A05FB9F
:1094800002F20129B8EEE77A06EE902AFAEEE96ACE
:1094900002D0022942D019B3DFED247A87EE876A21
:1094A0001B6BC3F3080307EE903AF7EE005AF8EE91
:1094B000E77A77EEA67A77EEA57A67EE867A1A4B88
:1094C0001B6BC3F34623013307EE103AF8EEC76A6D
:1094D00087EEA67AFCEEC77A17EE900A30BC70478A
:1094E0001A6892061DD51968F7EE005A104A1B6BD0
:1094F000C1F3C101C3F30803CA4007EE903A06EE78
:10950000102AF8EEE77AB8EEC66A77EEA66AC6EEDB
:10951000077A36EEA57A67EE877AD0E7DFED057A2F
:10952000BCE7DFED057AB9E7004402580024744A2D
:109530000090D00320BCBE4B0024744C002800F0E7
:10954000E782F8B503680446D9072ED597490A691A
:10955000896A02F03802102A00F0EE80182A00F022
:10956000E6806368B3F5803F00F01181002B00F0C6
:109570006781B3F5A02F8D4B1A6800F0888222F422
:1095800080321A601A6822F480221A60FCF7CAFF3F
:10959000864E054605E0FCF7C5FF401B642800F237
:1095A0004D8133689B03F6D523689D0770D4D90697
:1095B00033D57E4A1369926A03F03803082B00F012
:1095C000CB80182B00F0C380E369784D002B00F0AE
:1095D0006F812B6843F080032B60FCF7A3FF0646E6
:1095E00005E0FCF79FFF801B022800F227812B6813
:1095F000DB05F6D5FCF7AEFF41F20303984200F21B
:109600006782226A6B68202A23F0F8430CBF43F07C
:10961000804343EA82636B6023681D0716D5636944
:10962000624D002B00F022816B6F43F001036B67EA
:10963000FCF778FF064605E0FCF774FF801B022864
:1096400000F2FC806B6F9807F6D523689A0616D552
:10965000A369564D002B00F01A812B6843F4805308
:109660002B60FCF75FFF064605E0FCF75BFF801B05
:10967000022800F2E3802B689F04F6D5236859077F
:1096800000F18B80636A002B40F0BF800020F8BDA2
:10969000464A1369926A13F038032DD1434BE268AE
:1096A0001B68590701D5002A4FD0404D2B6823F085
:1096B000190313432B60FCF735FF064605E0FCF762
:1096C00031FF801B022800F2B9802B685B07F6D5BA
:1096D000FCF740FF41F20303984200F21081226937
:1096E0006B68402A23F47C330CBF43F4003343EA15
:1096F00002336B6023685AE7182B00F0FC802B4D77
:10970000E2682B68002A00F0E58023F01903134378
:109710002B60FCF707FF064605E0FCF703FF801B04
:10972000022800F28B802B685F07F6D5D0E701F0A6
:10973000030102297FF415AF1C4A126892037FF5DA
:1097400034AF6268002A7FF430AF0120F8BD02F028
:109750000302012A7FF438AF144B1B68DA0502D5E7
:10976000E369802BF1D1FCF7F5FE41F20303984247
:1097700000F2CE80226A202A00F0B9810B494B68A2
:1097800023F0F84343EA82634B60236845E7074AC6
:10979000136843F480331360F8E6054D2B6843F4F7
:1097A00080732B60FCF7BEFE064608E000440258BA
:1097B00000480258FCF7B6FE801B64283ED82B6890
:1097C000DA05F7D5A368012B00F08B81002B00F0A0
:1097D0006681052B854B1A6F00F0928122F0010201
:1097E0001A671A6F22F004021A67FCF79BFE7F4E7D
:1097F00041F28837054604E0FCF794FE401BB8426E
:109800001CD8336F9B07F7D53CE7784D2A6902F0E7
:109810003802182A00F0EE80022B2B6823F08073A8
:109820002B607FD0FCF77EFE04462B689B017FF502
:109830002DAFFCF777FE001B0228F6D90320F8BDF8
:109840006A4D2B6823F480332B602B6823F480232C
:109850002B60FCF767FE064604E0FCF763FE801B06
:109860006428EBD82B689F03F7D49DE66B6F23F039
:1098700001036B67FCF756FE064604E0FCF752FE58
:10988000801B0228DAD86B6F9907F7D4DDE62B68C6
:1098900023F480532B60FCF745FE064604E0FCF7FA
:1098A00041FE801B0228C9D82B689804F7D4E5E64E
:1098B0002B6823F080032B60FCF734FE064604E09F
:1098C000FCF730FE801B0228B8D82B68DF05F7D4E0
:1098D0002368A2E623F001032B60FCF723FE064673
:1098E00004E0FCF71FFE801B0228A7D82B6858074E
:1098F000F7D423685BE690077FF401AFCEE66B6890
:10990000226923F0FE4343EA02636B6023684EE65C
:10991000364A216AD36823F07C5343EA0163D3605B
:1099200023687AE6FCF7FEFD064604E0FCF7FAFD44
:10993000801B022882D82B689901F7D4A96A2C4B86
:10994000A26A0B401343E26A43EA0213AB62216B43
:10995000D4E90D320139013B013AC1F308015B0240
:1099600012049BB202F4FE021343E26B013A0B4372
:10997000120602F0FE4213432B63EB6A23F001034D
:10998000EB626B6BA26C6FF3CF0343EAC2036B63B2
:10999000EB6A226C23F00C031343EB62EB6A626CFC
:1099A00023F002031343EB62EB6A43F48033EB6270
:1099B000EB6A43F40033EB62EB6A43F48023EB621F
:1099C000EB6A43F00103EB622B6843F080732B607A
:1099D000FCF7A8FD054D04462B689A013FF556AEED
:1099E000FCF7A0FD001B0228F6D927E70044025827
:1099F0000CFCFFFF012BAA6A286B3FF4A6AE02F015
:109A00000303A16A8B427FF4A0AEC2F30512E36A9E
:109A10009A427FF49AAE236BC0F30802013B9A424C
:109A20007FF493AE636BC0F34622013B9A427FF40E
:109A30008CAEA36BC0F30642013B9A427FF485AE25
:109A4000E36BC0F30660013B98427FF47EAE6B6B24
:109A5000A26CC3F3CC039A423FF418AE2D4AD36AEA
:109A600023F00103D362FCF75DFD0546FCF75AFDC8
:109A7000A842FBD0274AA16C536B6FF3CF0343EA94
:109A8000C1035363D36A43F00103D362FEE542F49A
:109A900080221A601A6842F480321A6076E51D4D01
:109AA00041F288372B6F23F001032B672B6F23F0D4
:109AB00004032B67FCF736FD064605E0FCF732FD94
:109AC000801BB8423FF6BAAE2B6F9807F6D4D9E5A3
:109AD000EB68226A23F07C5343EA0263EB6023685D
:109AE0009BE50C4A136F43F0010313677DE6094AB7
:109AF000536823F0F84343F08043536023688CE5B8
:109B000042F004021A671A6F42F001021A676CE60B
:109B100001207047004402583F4A136903F038039C
:109B2000102B4FD0182B0AD0002B4DD1136899065B
:109B30004CD513683948C3F3C103D8407047916AC4
:109B400030B4946AD56A14F47C7F536BC4F3051067
:109B500036D0C3F3CC0305F0010501F0030107EE95
:109B6000900A05FB03F30129F8EEE77A06EE903A36
:109B7000FAEEE96A02D0022948D049B39FED287A6B
:109B800087EE276A136BC3F3080307EE103AF7EE6C
:109B9000005AB8EEC77A37EE267A37EE257A27EEE6
:109BA000067A1D4B1B6BC3F34623013307EE903A35
:109BB000F8EEE76AC7EE267AFCEEE77A17EE900A2F
:109BC00030BC7047174870471748704713487047B4
:109BD00013689B061DD51068F7EE005A136B0F49EA
:109BE000C0F3C102C3F30803D14007EE103A06EEFA
:109BF000101AB8EEC77AB8EEC66A77EE266A86EE15
:109C0000277A76EEA57A27EE277ACAE79FED077ABC
:109C1000B6E79FED077AB3E7004402580090D003FF
:109C20000024744A40787D0100093D0020BCBE4BF1
:109C30000024744C002800F00E818D4A136803F054
:109C40000F038B422DE9F04104460D460CD21368F8
:109C500023F00F030B431360136803F00F038B42D1
:109C600002D00120BDE8F081236858070BD5814957
:109C700020698A6902F07002904204D98A6922F050
:109C8000700202438A6119070BD57A496069CA6973
:109C900002F07002904204D9CA6922F070020243B5
:109CA000CA61DA060BD57349A069CA6902F4E06299
:109CB000904204D9CA6922F4E0620243CA619F0655
:109CC0000BD56C49E0690A6A02F07002904204D92F
:109CD0000A6A22F0700202430A629E0703F0010240
:109CE00040F1AB80634EE068B16901F00F0188423A
:109CF00004D9B16921F00F010143B161002A30D0CC
:109D00005C4AA168936923F470630B4393616168B3
:109D10001368022900F0A180032900F0988001292E
:109D200000F0A1805F079CD5524E41F2883833691C
:109D300023F007030B433361FCF7F4FB074605E010
:109D4000FCF7F0FBC01B404500F28B803369626872
:109D500003F03803B3EBC20FF2D123689E0706D598
:109D6000E06844498A6902F00F02904269D3404991
:109D70000A6802F00F02AA420AD90A6822F00F020A
:109D80002A430A600A6802F00F02AA427FF469AF10
:109D900058070BD5374920698A6902F07002904252
:109DA00004D28A6922F0700202438A6119070BD536
:109DB00030496069CA6902F07002904204D2CA69EF
:109DC00022F070020243CA61DA060BD52949A06964
:109DD000CA6902F4E062904204D2CA6922F4E062E5
:109DE0000243CA619B060BD5224AE169136A03F05C
:109DF0007003994204D2136A23F070030B43136279
:109E0000FFF78AFE1B4A03461B4891699269C1F31A
:109E100003211A4D02F00F02194C415C825C01F0E3
:109E20001F01184802F01F02CB4000682B60D3408E
:109E30002360BDE8F041FCF713BB002A7FF460AF5C
:109E400095E78A6922F00F0202438A618FE79A013F
:109E50003FF56AAF05E70120704798033FF564AF0F
:109E6000FFE60320FEE6DB053FF55EAFF9E600BF47
:109E700000200052004402588066010808000024B7
:109E80000400002410000024184A38B5136903F0B8
:109E90003803102B24D0182B09D01BBB13689B064A
:109EA00022D51268124BC2F3C102D34002E0FFF781
:109EB000D3FA03460D490F488A698969C2F3032220
:109EC0000D4C01F00F010D4D825C405C02F01F0251
:109ED00000F01F00D34023FA00F02B60206038BD53
:109EE000074BE7E7074BE5E7014BE3E70044025880
:109EF0000090D003806601080400002408000024BC
:109F000040787D0100093D001C4A38B5136903F013
:109F10003803102B2BD0182B09D053BB13689B068A
:109F200029D51268164BC2F3C102D34002E0FFF7F5
:109F300093FA0346114A13499069134DC0F3032065
:109F4000124C085C00F01F00C340906900F00F0045
:109F50002B60085C00F01F00C3402360D269C2F38D
:109F60000212885C00F01F0023FA00F038BD084B95
:109F7000E0E7084BDEE7024BDCE700BF0044025895
:109F80000090D0038066010808000024040000242B
:109F900040787D0100093D001C4A38B5136903F083
:109FA0003803102B2BD0182B09D053BB13689B06FA
:109FB00029D51268164BC2F3C102D34002E0FFF765
:109FC0004BFA0346114A13499069134DC0F303201D
:109FD000124C085C00F01F00C340906900F00F00B5
:109FE0002B60085C00F01F00C3402360D269C2F3FD
:109FF0000222885C00F01F0023FA00F038BD084BF5
:10A00000E0E7084BDEE7024BDCE700BF0044025804
:10A010000090D0038066010808000024040000249A
:10A0200040787D0100093D00F8B5364C06460F46E4
:10A03000236823F080632360FCF774FA054604E08C
:10A04000FCF770FA401B022856D823681A01F7D48F
:10A05000A36A326823F47C3343EA0233A362D6E96D
:10A060000232013B013A5B0212049BB202F4FE028F
:10A0700013437268013AC2F3080213433269013A8A
:10A08000120602F0FE421343A363E36A726923F0EF
:10A09000C0031343E362E36AB26923F0200313436E
:10A0A000E362E36A23F01003E362E36BF2696FF3A8
:10A0B000CF0343EAC203E363E36A43F01003E362BE
:10A0C000E36ADFB1012F0CBF43F4801343F40013A4
:10A0D000E3620C4C236843F080632360FCF722FAB0
:10A0E000054604E0FCF71EFA401B022804D823684A
:10A0F0001B01F7D50020F8BD0320F8BD43F4002371
:10A10000E362E6E700440258F8B5364C06460F46CF
:10A11000236823F080532360FCF704FA054604E02B
:10A12000FCF700FA401B022856D823689A00F7D49F
:10A13000A36A326823F07C7343EA0253A362D6E930
:10A140000232013B013A5B0212049BB202F4FE02AE
:10A1500013437268013AC2F3080213433269013AA9
:10A16000120602F0FE4213432364E36A726923F489
:10A1700040631343E362E36AB26923F40073134359
:10A18000E362E36A23F48073E362636CF2696FF362
:10A19000CF0343EAC2036364E36A43F48073E36278
:10A1A000E36ADFB1012F0CBF43F4000343F0807377
:10A1B000E3620C4C236843F080532360FCF7B2F950
:10A1C000054604E0FCF7AEF9401B022804D82368DA
:10A1D0009B00F7D50020F8BD0320F8BD43F48003B1
:10A1E000E362E6E7004402582DE9F843D0E9003283
:10A1F00004461D0103F0006624D5816EB1F5001FF1
:10A2000000F0DF8500F2A886002900F0F685B1F5A0
:10A21000801F40F0A586A949896A01F0030103293E
:10A2200000F09E8602210830FFF7FEFE0646D4E9C4
:10A2300000323EB9A16EA14D0026286D20F44010D9
:10A2400001432965D8050AD5A16D042906D8DFE8A0
:10A2500011F0FF036D058205040404040126354650
:10A26000990524D5E16D802900F04B8500F28786A1
:10A27000002900F0BB85402940F088868F49896A13
:10A2800001F00301032900F08186002104F1080098
:10A29000FFF7CAFE0546D4E90032002D40F04385A1
:10A2A000864FE06D396D21F4E071014339655F053A
:10A2B00028D5D4F8A810B1F5800F00F05C8500F225
:10A2C0005286002900F08B85B1F5001F40F05386BF
:10A2D0007A49896A01F00301032900F04C860021C4
:10A2E00004F10800FFF7A0FE0546D4E90032002D76
:10A2F00040F05385714FD4F8A800B96D21F4600186
:10A300000143B965180528D5D4F8AC10B1F1007F28
:10A3100000F0468500F21486002900F0D684B1F1E1
:10A32000807F40F015866549896A01F003010329A1
:10A3300000F00E86002104F10800FFF775FE0546C7
:10A34000D4E90032002D40F0C8845C4FD4F8AC0052
:10A35000B96D21F0E0610143B965990118D5E16C4F
:10A36000202900F0348400F2158639B1102940F01C
:10A3700014865248C16A41F40031C162002D40F098
:10A38000BF834E4FE06CF96C21F030010143F9645A
:10A39000DF0426D5216EB1F5005F00F0A18400F244
:10A3A000C385002900F08684B1F5805F40F0C48544
:10A3B0004249896A01F00301032900F0BD850021AB
:10A3C00004F10800FFF730FE0546D4E90032002D05
:10A3D00040F07884394F206E396D21F4E04101431B
:10A3E0003965980424D5616EB1F5003F00F01584FD
:10A3F00000F2568591B1B1F5803F40F05B852F4961
:10A40000896A01F00301032900F05485012104F158
:10A410000800FFF709FE0546D4E90032002D40F0A0
:10A420008F83264F606E396D21F4E0210143396539
:10A43000590426D5D4F8B010B1F1005F00F026849D
:10A4400000F24A8591B1B1F1805F40F04F851B4920
:10A45000896A01F00301032900F04885012104F114
:10A460000800FFF7E1FD0546D4E90032002D40F079
:10A470005B83124FD4F8B000B96D21F0E041014385
:10A48000B9651F040DD5216FB1F1805F00F06082C6
:10A49000B1F1005F00F09185002900F05E82012695
:10A4A0003546D80115D5A16C032900F2B485DFE843
:10A4B00011F00C000700A1030C0000BF004402587B
:10A4C0003648C16A41F40031C162002D00F01A83A0
:10A4D0002E46590200F17A82DF072FD5E16F282935
:10A4E0002AD8DFE811F057022900290029002900A5
:10A4F00029002900290048022900290029002900F3
:10A50000290029002900B90429002900290029006F
:10A5100029002900290057022900290029002900C3
:10A5200029002900290057022900290029002900B3
:10A5300029002900290057020126354698071ED513
:10A54000A16F052900F25085DFE811F01500060023
:10A5500071041500150015001049896A01F0030106
:10A56000032900F04185012104F10800FFF75CFD9B
:10A570000546D4E90032002D00F0CC822E46590762
:10A5800021D5D4F89410052900F22A85DFE811F0CE
:10A59000170008003C041700170017000044025879
:10A5A000AE49896A01F00301032900F019850121F0
:10A5B00004F10800FFF738FD0546D4E90032002D0C
:10A5C00000F0C2822E469F0626D5D4F89010B1F135
:10A5D000005F00F0C68200F2558491B1B1F1805F56
:10A5E00040F05A849D49896A01F00301032900F073
:10A5F0005384002104F10800FFF716FD0546D4E955
:10A600000032002D40F08E82944FD4F89000796D86
:10A6100021F0E04101437965580626D5D4F89C1015
:10A62000B1F5006F00F0AF8200F2648491B1B1F532
:10A63000806F40F069848949896A01F00301032928
:10A6400000F06284002104F10800FFF7EDFC0546EC
:10A65000D4E90032002D40F06982804FD4F89C008C
:10A66000B96D21F4E0510143B965190626D5D4F836
:10A67000A010B1F5804F00F0988200F21F8491B1D4
:10A68000B1F5005F40F024847449896A01F0030148
:10A69000032900F01D84002104F10800FFF7C4FC29
:10A6A0000546D4E90032002D40F044826B4FD4F8C7
:10A6B000A000B96D21F460410143B9651F070BD5B6
:10A6C000D4F88400B0F5805F00F0D481634F796DD9
:10A6D00021F4405101437965D8060BD5D4F8980090
:10A6E000B0F5807F00F0DB815C4FB96D21F44071E3
:10A6F0000143B965190324D5D4F8A410B1F5803FFE
:10A7000000F0B182B1F5003F10D0002940F0308157
:10A710005248806A00F00300032800F0298104F108
:10A720000800FFF781FC0546D4E90032002D40F017
:10A73000FF814A4FD4F8A400B96D21F440310143A0
:10A74000B9655F030FD5D4F88810B1F5001F00F08C
:10A750007782B1F5401F00F02D81B1F5801F00F028
:10A76000248101263546D80320D5216D002900F02B
:10A77000AA81B1F5803F40F0E8803849896A01F04C
:10A780000301032900F0E180022104F10800FFF732
:10A790004BFC0546D4E90032002D40F09C812F4F40
:10A7A000206DF96C21F480310143F96499000ED5D4
:10A7B0002A49896A01F00301032907D0022104F123
:10A7C0002800FFF7A1FCD4E9003200B101269F0365
:10A7D00000F1AB803546D80206D52048666F016D82
:10A7E00021F0004131430165D90007D51B48D4F859
:10A7F000B860016921F48041314301619F0206D5AF
:10A800001648E66E016D21F08071314301655E00EE
:10A8100009D51249086920F4004008610869D4F894
:10A82000BC6030430861002B06DA0C48666DC16CD1
:10A8300021F040513143C164180207D50749D4F8CB
:10A840008C004B6D23F4400303434B65D10711D5B6
:10A85000024B9B6A03F00303032B01E00044025800
:10A8600000F05C83002104F10800FFF7DDFB626863
:10A8700000B1054693070ED5AF4B9B6A03F0030367
:10A88000032B00F04D83012104F10800FFF7CCFBFE
:10A89000626800B1054657070ED5A74B9B6A03F0C7
:10A8A0000303032B00F03E83022104F10800FFF7AD
:10A8B000BBFB626800B1054616070ED59E4B9B6A2E
:10A8C00003F00303032B00F02383002104F128008D
:10A8D000FFF71AFC626800B10546D0060FD5964B0B
:10A8E0009B6A03F00303032B00F01483012104F19E
:10A8F0002800FFF709FC002840F05983626893069E
:10A900000ED58D4B9B6A03F00303032B00F0B78237
:10A91000022104F12800FFF7F7FB002840F0AF8286
:10A92000281E18BF0120BDE8F883D4F88010B1F5C7
:10A93000807F00F0D28040F2108121F48070B0F569
:10A94000007F00F0CF80012545E7012635462DE741
:10A950007948C16A41F40031C162002D40F0CE80D7
:10A96000754F206F396D21F040510143396598E5ED
:10A9700001263546E5E67049896A01F0030103299D
:10A980003FF4DAAD012104F10800FFF74DFB054665
:10A99000D4E90032002D40F0D580674FE06F796D2B
:10A9A00021F0380101437965C8E56348C16A41F483
:10A9B0000031C162002D40F09F805F4FD4F88800C5
:10A9C000796D21F4401101437965CCE65B4F3B681A
:10A9D00043F480733B60FBF7A5FD804606E0FBF780
:10A9E000A1FDA0EB0800642800F2DB823B68DA05D9
:10A9F000F5D5002D40F0D6824F4AD4F8B430116F0F
:10AA0000594011F4407F0BD0116F106F21F4407149
:10AA100040F480301067106F20F4803010671167A9
:10AA2000B3F5807F00F0FB8203F44072B2F5407F03
:10AA300000F0098340490A6922F47C520A613E48C9
:10AA4000C3F30B01076F3943D4E90032016743E5D3
:10AA50003948C16A41F40031C1623546002D40F0E9
:10AA60007781354FA06D396D21F0070101433965BC
:10AA7000FFF7F6BB3049896A01F00301032900F0B2
:10AA8000BA82022104F12800FFF73EFB002800F003
:10AA9000B582D4F884000126D4E9003216E62649AE
:10AAA000896A01F00301032900F0A282022104F166
:10AAB0002800FFF729FB002840F0A682D4F8980070
:10AAC000D4E9003210E61C48C16A41F40031C16289
:10AAD000002D3FF464AE2E4668E6174FF86A40F446
:10AAE0000030F862002D7FF476AE134D686D20F4CF
:10AAF0004070014369656DE62E4634E62E46D0E48B
:10AB00002E4645E40C4FA06CF96C21F00301014383
:10AB1000F964DEE4084FA06F796D21F0070101436D
:10AB200079652CE52E4677E52E46AAE42E469CE56F
:10AB30002E4606E62E46C1E500440258004802585B
:10AB40002E4675E42E46F9E4C24FD4F89400B96D50
:10AB500021F007010143B96535E500297FF4F3AE23
:10AB6000C0E7BC49896A01F00301032900F0948120
:10AB7000022104F12800FFF7C7FA0546D4E90032A4
:10AB8000002DCFD140E5B349896A01F003010329C3
:10AB900000F0BA81022104F12800FFF7B5FA05465A
:10ABA000D4E90032002DC1D157E5AA49896A01F0E4
:10ABB0000301032900F08C81022104F12800FFF732
:10ABC000A3FA0546D4E90032002DB3D16EE5A149C0
:10ABD000896A01F00301032900F0DF81022104F1F9
:10ABE0000800FFF721FA0546D4E90032002D87D18D
:10ABF000FFF7C7BB9749896A01F00301032900F0F9
:10AC00000A82022104F10800FFF70EFA0546D4E992
:10AC10000032002D7FF45CAC74E78E49896A01F044
:10AC20000301032900F04681012104F12800FFF708
:10AC30006BFA0546D4E90032002D81D1FFF7F1BB54
:10AC40008449896A01F0030103293FF48AAD012197
:10AC500004F12800FFF758FA0546D4E90032002D28
:10AC60007FF44AAFA9E67B49896A01F00301032911
:10AC70003FF47EAE022104F12800FFF745FA0546B5
:10AC8000D4E90032002D7FF453AF52E57149896A4F
:10AC900001F00301032900F02981012104F12800BA
:10ACA000FFF732FA0546D4E90032002D7FF43CAFBD
:10ACB000FFF7DFBB6748C16A41F40031C162002D74
:10ACC0003FF488AB2E46FFF78CBB6248C16A41F463
:10ACD0000031C162002D3FF438AB2E46FFF73DBB7B
:10ACE0005C49896A01F00301032900F025810021F4
:10ACF00004F12800FFF708FA0546D4E90032FFF70F
:10AD000066BB5449896A01F00301032900F03E81C2
:10AD1000002104F12800FFF7F7F90546D4E90032D5
:10AD2000002D3FF4BDAA2E46FFF7C1BA4949896AF2
:10AD300001F0030103293FF491AA002104F1080066
:10AD4000FFF772F90546D4E90032002D3FF489AED1
:10AD50002E46FFF785BA3F49896A01F003010329AE
:10AD60003FF47CAA002104F12800FFF7CDF9054645
:10AD7000D4E9003272E63749896A01F003010329F8
:10AD800000F0F980002104F12800FFF7BDF9054625
:10AD9000D4E90032002D3FF4ADAA2E46FFF7B2BA37
:10ADA0002C49896A01F00301032900F0D1800021B8
:10ADB00004F12800FFF7A8F90546D4E90032FFF7AF
:10ADC000C1BA2449896A01F00301032900F0C8804F
:10ADD00002212830FFF798F90646FFF728BA1D48E8
:10ADE000C16A41F40031C162FFF781BA1948C16AF2
:10ADF00041F40031C162FFF750BA164DE86A40F4E1
:10AE00000030E862FFF717BA1249896A01F00301BE
:10AE1000032900F0E580012104F12800FFF774F90F
:10AE20000546D4E90032002D7FF4CCAB8CE609490D
:10AE3000896A01F00301032900F0D680012104F1A1
:10AE40002800FFF761F90546D4E90032002D7FF4B0
:10AE500095AB5FE6004402588349896A01F003011B
:10AE600003293FF469AB012104F12800FFF74CF9F5
:10AE70000546D4E90032002D7FF464AE8DE5012053
:10AE8000BDE8F88321F08050B0F1804F3FF4B9ABBA
:10AE9000B1F1405F3FF4B5AB01263546FFF7BCBBCF
:10AEA00021F48030B0F5802F3FF4B8AAB1F5403FCF
:10AEB0003FF4B4AA01263546FFF7BABA21F4005090
:10AEC000B0F5004F3FF4EFABB1F5C04F3FF4EBAB43
:10AED00001263546FFF7F2BB21F08050B0F1804FDC
:10AEE0003FF4C4AAB1F1405F3FF4C0AA0126354641
:10AEF000FFF7C7BA21F48060B0F5805F3FF4AAABDA
:10AF0000B1F5406F3FF4A6AB01263546FFF7ADBB68
:10AF10000125E2E49106B2D50125F2E40125A9E478
:10AF20000125B8E40125C7E4B1F5405F3FF44FAA1D
:10AF3000B1F5804F3FF44BAA01263546FFF751BAD1
:10AF4000B1F1407F3FF4FEA9B1F1806F3FF4FAA95F
:10AF500001263546FFF701BAB1F5401F3FF46BA952
:10AF60000126FFF76FB9B1F5C00F3FF4C0A9B1F5E5
:10AF7000000F3FF4BCA901263546FFF7C3B9C0292D
:10AF80003FF48BA9B1F5807F3FF487A901263546B0
:10AF9000FFF78DB930293FF4F1A901263546FFF7B7
:10AFA000F7B903252E46D4E90032FFF795BA636856
:10AFB0009A067FF564AF0546A3E42B49896A01F040
:10AFC000030103293FF46BAA012104F10800FFF7F4
:10AFD0002BF80546D4E90032002D7FF48FADBFE495
:10AFE00001263546FFF7EFBA01263546FFF7C7BA07
:10AFF0000126FFF779BB0126FFF768BBD4F8840070
:10B00000D4E90032FFF762BBD4F898000126D4E9F6
:10B010000032FFF769BB01263546FFF75ABAFBF746
:10B0200081FADFF84480074641F2883904E0FBF7F3
:10B0300079FAC01B484510D8D8F870309B07F6D570
:10B04000D4F8B430F0E40848084A016902EA13125F
:10B0500021F47C510A430261F1E40326D4E9003271
:10B060003546FFF739BA00BF00440258CFFFFF0052
:10B0700008B5FEF709FF054B054A1B6AC3F3021327
:10B08000D35C03F01F03D84008BD00BF0044025842
:10B0900080660108474A70B4946A956AD66A15F4C6
:10B0A0007C3FC5F30533D16B5BD0C1F3CC01C6F354
:10B0B000001604F0030407EE903A06FB01F1012CA0
:10B0C000B8EEE77A06EE901AFAEEE96A03D0022C9F
:10B0D0006AD0002C4AD0DFED387A87EE876A936B0E
:10B0E000C3F3080307EE903AF7EE005AF8EEE77A5A
:10B0F00077EEA67A77EEA57A67EE867A2D4AB7EED6
:10B10000006A936BC3F3462307EE103AB8EEC77A92
:10B1100070BC37EE067AC7EE876AFCEEE66AC0EDD1
:10B12000006A936BC3F3064307EE103AB8EEC77A92
:10B1300037EE067AC7EE876AFCEEE66AC0ED016A72
:10B14000936BC3F3066306EE903AF8EEE66A76EE8A
:10B15000866A87EEA67AFCEEC77A17EE903A83608D
:10B16000704770BCC0E900338360704713689B066A
:10B170001DD51468F7EE005A936B1049C4F3C10251
:10B18000C3F30803D14007EE903A06EE101AF8EE2A
:10B19000E77AB8EEC66A77EEA66AC6EE077A36EEAA
:10B1A000A57A67EE877AA9E7DFED057A95E7DFED07
:10B1B000057A92E7004402580024744A0090D003B4
:10B1C00020BCBE4B0024744C474A70B4946A956A04
:10B1D000D66A15F07C7FC5F30553516C5BD0C1F383
:10B1E000CC01C6F3002604F0030407EE903A06FBF8
:10B1F00001F1012CB8EEE77A06EE901AFAEEE96A50
:10B2000003D0022C6AD0002C4AD0DFED387A87EECA
:10B21000876A136CC3F3080307EE903AF7EE005AFF
:10B22000F8EEE77A77EEA67A77EEA57A67EE867A79
:10B230002D4AB7EE006A136CC3F3462307EE103AAB
:10B24000B8EEC77A70BC37EE067AC7EE876AFCEEB6
:10B25000E66AC0ED006A136CC3F3064307EE103ACA
:10B26000B8EEC77A37EE067AC7EE876AFCEEE66A72
:10B27000C0ED016A136CC3F3066306EE903AF8EE74
:10B28000E66A76EE866A87EEA67AFCEEC77A17EE55
:10B29000903A8360704770BCC0E9003383607047A8
:10B2A00013689B061DD51468F7EE005A136C1049FD
:10B2B000C4F3C102C3F30803D14007EE903A06EE8F
:10B2C000101AF8EEE77AB8EEC66A77EEA66AC6EE0E
:10B2D000077A36EEA57A67EE877AA9E7DFED057A79
:10B2E00095E7DFED057A92E7004402580024744A9E
:10B2F0000090D00320BCBE4B0024744C18B338B56A
:10B3000090F82C3004460D4603F0FF02B3B12146FD
:10B31000022384F82C3051F8040B00F0E7FE626839
:10B320002946206800F018FF084A01210020136810
:10B3300043F00043136084F82C1038BD80F82D20B2
:10B34000F6F70EFBE3E70120704700BF0040005214
:10B3500070B590F82C300546022BD8B204D000F01E
:10B36000FB04012C01D0012070BD02230E46286889
:10B3700085F82C3000F02EFF3368022B03D085F8BF
:10B380002C40002070BD052385F82C30F9E700BF64
:10B3900038B590F82C300446022BD8B205D094F87A
:10B3A0002C30012BDDB201D0012038BD02232068F2
:10B3B00084F82C3000F028FF002084F82C5038BD91
:10B3C0002DE9F8431646D0F88820202A6AD10D4688
:10B3D00000293BD0B6FA86F77F09002E36D0984672
:10B3E00021230446C0F89070C0F88830FBF79AF823
:10B3F000A3688146A4F85460B3F5805FA4F8566052
:10B4000053D0B4F8563022689BB2002B53D0B8F119
:10B41000FF3F2DD1D3691E06FCD5002D3DD015F878
:10B42000013B9362B4F85630013B9BB2A4F856300E
:10B43000B4F856309BB2002BECD1D3695906FCD539
:10B4400020230020C4F88830BDE8F8830120BDE83F
:10B45000F883002D44D015F8013B9362B4F85630C0
:10B46000013B9BB2A4F85630B4F856309BB22BB3D4
:10B47000D3691806EDD4FBF755F8A0EB09039845FE
:10B4800005D3B8F1000F02D022681368F0E720233B
:10B490000320C4F88830BDE8F88337F8023BC3F3D3
:10B4A0000803BEE70220BDE8F8832369002BA8D17A
:10B4B0002F461D46A5E7B8F1FF3FBED0D3695B0616
:10B4C000BED4FBF72FF8A0EB09039845DFD3B8F102
:10B4D000000FDCD022681368D3695B06F1D5AFE7B3
:10B4E00037F8023BC3F30803B7E700BF704700BF5C
:10B4F000704700BF08B5806B0023A0F85E30FFF7EF
:10B50000F7FF08BD704700BF036840F60F0CDA690B
:10B5100012EA0C0F70B51D680446996845D196066D
:10B5200007D505F0200C01F080565CEA060C40F0CF
:10B530002A81E06E012800F0CD80D0021DD41006D3
:10B5400006D501F4000105F08000084340F0228197
:10B5500051061CD56E061AD553E8002F22F0400282
:10B5600043E800210029F7D1202200232046C4F817
:10B570008820A367FFF7BAFF70BD4E02DFD54FF4F6
:10B58000801220461A62BDE8704000F007BD10022C
:10B5900002D5690000F13D81D301EDD5002DEBDA34
:10B5A0002046BDE8704000F0FBBCB948084040F0C0
:10B5B0002581B84E3542BCD0D6071AD5EE0540F1EC
:10B5C000038101261E62D4F8906046F00106C4F89B
:10B5D0009060960740F1FB80CE070AD502261E62D6
:10B5E000D4F8906046F00406C4F89060560700F165
:10B5F000F48016070BD505F02006064307D0082077
:10B600001862D4F8900040F00800C4F890001005CB
:10B610000AD56E0108D54FF400601862D4F8900086
:10B6200040F02000C4F89000D4F890000028A3D087
:10B63000900606D505F0200501F080510D4340F03D
:10B64000D580D4F890109A6801F0280102F04002E9
:10B6500052EA010500F0E28053E8002F22F49072D4
:10B6600043E800210029F7D18B4803F1080252E892
:10B67000002F024003F1080545E800210029F4D11C
:10B68000E26E012A00F08E8000222021C4F88C1086
:10B69000E266996862674A0640F1B78003F10802E2
:10B6A00052E8002F22F0400203F1080040E8002198
:10B6B0000029F3D1D4F88000002800F0A680774B51
:10B6C0000365FCF7B3FB00283FF456AFD4F88000C5
:10B6D000036D5CE0D6067FF530AFE8067FF52DAF51
:10B6E0001022B4F85C501A629A68560640F19C80A9
:10B6F000D4F880000168496889B2002900F0D08040
:10B70000A94280F0CD80C269A4F85E10B2F5807FB6
:10B710002FD053E8002F22F4807243E80021002943
:10B72000F7D103F1080252E8002F22F0010203F1E1
:10B73000080545E800210029F3D103F1080252E889
:10B74000002F22F0400203F1080545E800210029FE
:10B75000F3D12022C4F88C20E16653E8002F22F0B8
:10B76000100243E800210029F7D1FCF7A9F9B4F849
:10B770005C50022320462367B4F85E10691A89B230
:10B78000FFF7C0FE70BD436F002B3FF4F5AEBDE880
:10B7900070401847A36F002B3FF4EEAE2046BDE883
:10B7A0007040184753E8002F22F0100243E80021B0
:10B7B00000293FF469AF53E8002F22F0100243E85C
:10B7C00000210029EED15FE796073FF512AF56073B
:10B7D0007FF50FAFCE077FF50CAF04261E62D4F8BD
:10B7E000906046F00206C4F8906002E7626F002A9B
:10B7F0003FF427AF20469047236822E7D6077FF51E
:10B80000E8AEEE057FF5E5AEDBE62046FFF770FE1D
:10B8100070BD2046BDE8704000F0C4BB2046FFF775
:10B8200067FEC4F8905070BDB4F85E10B4F85E20A6
:10B830006D1A92B2A9B200293FF49EAE002A3FF4DD
:10B840009BAE53E8002F22F4907243E800200028BA
:10B85000F7D1114D03F1080252E8002F2A4003F1FD
:10B86000080646E800200028F4D120226067C4F8CA
:10B870008C20E06653E8002F22F0100243E80020FD
:10B880000028F7D1022320462367FFF73BFE70BD57
:10B890000100001020010004FEFFFFEFF5B40008D6
:10B8A000A9427FF469AEC369B3F5807FEAD070BD69
:10B8B0000169826803680A4370B504461D68C0695F
:10B8C00086B061690A43A04902432940656A0A4378
:10B8D000E1681A605A6822F440520A43A1695A602A
:10B8E0009A4A934200F01981226A9E681143984A4D
:10B8F000324011439960DA6A22F00F022A43DA6279
:10B90000944A934228D0944A93421AD0934A93423D
:10B9100017D0934A934214D0924A934211D0924A3C
:10B92000934219D0914A93420BD0914A934208D046
:10B93000012000234FF001126367A266A36706B0DF
:10B9400070BD8C4B5B6D03F00703052BF0D8DFE86F
:10B9500003F09E7E89915F78864B5B6D03F0380320
:10B96000282BE5D801A252F823F000BFE9BA00085D
:10B9700031B9000831B9000831B9000831B90008FF
:10B9800031B9000831B9000831B900084FBA0008D0
:10B9900031B9000831B9000831B9000831B90008DF
:10B9A00031B9000831B9000831B9000865BA00089A
:10B9B00031B9000831B9000831B9000831B90008BF
:10B9C00031B9000831B9000831B9000875BA00086A
:10B9D00031B9000831B9000831B9000831B900089F
:10B9E00031B9000831B9000831B9000811BA0008AE
:10B9F00031B9000831B9000831B9000831B900087F
:10BA000031B9000831B9000831B9000843BA00085B
:10BA1000B0F5004F584847D0584A636832F81510BF
:10BA20004FF6EF72B0FBF1F000EB5300B0FBF3F018
:10BA3000A0F1100393423FF67BAF2368D86000204B
:10BA400077E7B0F5004F2FD04FF40040E4E7B0F5B2
:10BA5000004F22D06846FFF71DFB01980028EED06A
:10BA6000656AD9E7B0F5004F4FD003A8FFF7ACFBEC
:10BA70000498F3E7B0F5004F3CD03E4B1A689106AE
:10BA80002DD51B683E48C3F3C103D840C4E7B0F5C9
:10BA9000004F26D0FEF738FAE0E76846FFF7FAFADB
:10BAA00001980028CBD0656A344B626833F81510D2
:10BAB0005308B0FBF1F003EB40034FF6EF71B3FB1B
:10BAC000F2F3A3F110028A423FF632AF23F00F02E5
:10BAD000C3F34203216892B21343CB60AFE7284817
:10BAE0009AE7FEF711FADCE7B0F5004F12D0FEF747
:10BAF00053FAB3E71F4B1A68900640F18B801B681E
:10BB00001F48C3F3C103D840CEE703A8FFF75CFB8F
:10BB10000498C6E7FEF740FAC3E798680C4A02406B
:10BB20000A4314499A60DA6A22F00F022A43DA6261
:10BB30008B6D03F00703052B3FF6FAAEDFE803F049
:10BB40005C574E22625F00BFF369FFCF000C0058C4
:10BB5000FFF4FF1100100140004400400048004085
:10BB6000004C0040005000400014014000780040AC
:10BB7000007C00400044025800093D00586B010859
:10BB80000090D003244B1A6892063DD42348244BDE
:10BB9000666833F8152006EB4601B0FBF2F39942D4
:10BBA0003FF6C6AEB3EB063F3FF6C2AE00231946E2
:10BBB000F4F7E6FB32460902030241EA106170081D
:10BBC00018184FF0000341F10001F4F7D9FB154BB1
:10BBD000A0F540729A423FF6ABAE2EE703A8FFF7FE
:10BBE000F3FA049800283FF42AAF656ACFE7684665
:10BBF000FFF750FA0198F5E7FFF73AFAF2E74FF44A
:10BC00000040C4E70848C2E71B680448C3F3C10307
:10BC1000D840BCE7014847E7004402580090D003F1
:10BC2000586B0108FFFC0F0000093D00836A1A07EA
:10BC300010B406D50168846B4A6822F4004222439E
:10BC40004A60DC0706D50168C46A4A6822F40032FB
:10BC500022434A60990706D50168046B4A6822F4BA
:10BC6000803222434A605A0706D50168446B4A680D
:10BC700022F4802222434A60DC0606D50168C46BA8
:10BC80008A6822F4805222438A60990606D50168A8
:10BC9000046C8A6822F4005222438A605A060AD54C
:10BCA0000168446C4A68B4F5801F22F4801242EAAD
:10BCB00004024A600BD01B0606D50268C16C5368AB
:10BCC00023F400230B4353605DF8044B70474A682C
:10BCD000846C22F4C00222434A60ECE738B50023AA
:10BCE0000446C0F89030FAF71DFC22680546136838
:10BCF0001B070FD41368590731D40023202218469C
:10BD0000C4F88820C4F88C20E3662367002384F8F5
:10BD1000843038BDD3699802ECD40CE019681A4617
:10BD2000490705D5D96908074AD4D969090575D4E1
:10BD3000DB699802DED4FAF7F5FB431BB3F1007F11
:10BD40002368EBD353E8002F22F0800243E8002160
:10BD50000029F7D12023C4F888300320D6E7D3691F
:10BD60005B02CAD40DE01A68500707D5DA691107DB
:10BD700000F18280DA69120500F1AC80DB695B02B8
:10BD8000BBD4FAF7CFFB431BB3F1007F2368EAD3A0
:10BD900053E8002F22F4907243E800210029F7D1E4
:10BDA00003F1080252E8002F22F0010203F108001B
:10BDB00040E800210029F3D12023C4F88C30CCE7DF
:10BDC00008221A6253E8002F22F4907243E80021FF
:10BDD0000029F7D1564803F1080252E8002F02402B
:10BDE00003F1080545E800210029F4D1E26E012A9B
:10BDF0000BD0002220200821C4F88C006267E26684
:10BE000084F88420C4F890109CE753E8002F22F0B7
:10BE1000100243E800210029F7D1EAE74FF400625D
:10BE20001A6253E8002F22F4907243E8002100299F
:10BE3000F7D13F4803F1080252E8002F024003F116
:10BE4000080545E800210029F4D1E26E012A0AD054
:10BE5000002220216267C4F88C1084F88420E266F6
:10BE6000C4F890106EE753E8002F22F0100243E868
:10BE700000210029F7D1EBE708221A6253E8002FCE
:10BE800022F4907243E800210029F7D1284803F1F9
:10BE9000080252E8002F024003F1080545E800219E
:10BEA0000029F4D1E26E012A0BD0002220200821C3
:10BEB000C4F88C006267E26684F88420C4F89010AD
:10BEC00066E753E8002F22F0100243E80021002922
:10BED000F7D1EAE74FF400621A6253E8002F22F428
:10BEE000907243E800210029F7D1114803F10802BC
:10BEF00052E8002F024003F1080545E8002100291F
:10BF0000F4D1E26E012A0AD0002220216267C4F82F
:10BF10008C1084F88420E266C4F8901038E753E867
:10BF2000002F22F0100243E800210029F7D1EBE7AF
:10BF3000FEFFFFEF80B3D0F8883010B5044633B36E
:10BF400022682423A16AC4F88830136823F001030F
:10BF50001360C1B92046FFF7ABFC012811D023685C
:10BF600020465A6822F490425A609A6822F02A02C7
:10BF70009A601A6842F00102BDE810401A60FFF7AB
:10BF8000ADBE012010BD2046FFF750FEE2E780F86D
:10BF90008430FAF75DF9D3E701207047704700BF9E
:10BFA000704700BF704700BF90F88420012A17D067
:10BFB000026803462420002130B4C3F888002025FD
:10BFC0001068146820F0005024F0010414605966D1
:10BFD00010600846C3F8885083F8841030BC70475E
:10BFE0000220704790F88420012A37D00268034667
:10BFF000242030B5C3F888001468106820F00100D0
:10C000001060906820F060400143586E916010B35A
:10C0100091689068C1F3426C11494FEA507E114D0E
:10C0200011F80E0011F80C1015F80EE0000115F8CB
:10C030000C500901B0FBFEF0B1FBF5F1A3F868105C
:10C0400020250021A3F86A0014600846C3F8885030
:10C0500083F8841030BD01210846EFE702207047C5
:10C06000786B0108706B010890F88420012A37D0A2
:10C0700002680346242030B5C3F8880014681068AD
:10C0800020F001001060906820F060600143586E5D
:10C09000916010B391689068C1F3426C11494FEA06
:10C0A000507E114D11F80E0011F80C1015F80EE02D
:10C0B000000115F80C500901B0FBFEF0B1FBF5F1E1
:10C0C000A3F8681020250021A3F86A001460084630
:10C0D000C3F8885083F8841030BD01210846EFE78B
:10C0E00002207047786B0108706B01082DE9F04160
:10C0F000D1E9073ED1E900824F6A43EA0E03D1E954
:10C1000002C6D1E904548969B8F1000F0FD13B434D
:10C110001343026843EA0C036FF30E0233432B43CD
:10C1200023430B43134303600020BDE8F08142EA40
:10C130000C023B4332432A4322430A43016821F461
:10C14000F8410B43036043686FF30E0313434360EE
:10C150000020BDE8F08100BFF0B5CC684B69013C20
:10C160008D688F69013B4FEA043E4C680E68013DC3
:10C17000013C1B052D02013E4FEA041C0C69791E8F
:10C18000013C0906240472B94EEA03038268334372
:10C1900002F0704243EA0C032B4323430B43134347
:10C1A00083600020F0BD4EEA030E4CEA0503084A06
:10C1B000334323430B4381680A404EEA0202826004
:10C1C000C26802F070421343C3600020F0BD00BF9C
:10C1D000FF0F0FFF10B4D1E900340246DFF824C08E
:10C1E00000692343D1E9021400EA0C0C002043EA61
:10C1F000442301395DF8044B43EA0C0343EA41133D
:10C20000136170470000C0FF0246002053696FF3BE
:10C210004D0343EA41035361704700BF70B5C04E00
:10C220000A4605460121304600F010FF044600286A
:10C2300000F01483BB49BC4A0868336840F0804072
:10C2400003F51C750860106840F08040C1E90233B6
:10C25000106003F14800B549C2E902000868B44A19
:10C2600040F08040086003F16800C1E902001068F6
:10C27000B04940F08040106003F1B000C2E9020014
:10C280000868AD4A40F08040086003F1D000C1E981
:10C2900002001068A94940F08040106003F58870E2
:10C2A000C2E902000868A64A40F080409560086034
:10C2B00003F59870C1E902001068A24940F080407F
:10C2C0001060D56003F6485508689F4A40F08040EA
:10C2D000086003F54470C1E9020010689B4940F012
:10C2E0008040106003F58F60C2E902000868984A38
:10C2F00040F08040086003F5A360C1E902001068C7
:10C30000944940F08040106003F5F360C2E90200F8
:10C310000868914A40F08040086003F5FB60C1E97D
:10C32000020010688D4940F08040106003F6D8206C
:10C33000C2E9020008688A4A40F08040086003F6BB
:10C340009830C1E902001068864940F08040C2E997
:10C35000025510600868844A40F08040086003F687
:10C360000860C1E902001068804940F08040106018
:10C3700041F208101844C2E9020008687C4A40F003
:10C380008040086041F248101844C1E9020010687A
:10C39000784940F08040106041F248401844C2E9BA
:10C3A00002000868744A40F08040086041F208507A
:10C3B0001844C1E902001068704940F080401060E4
:10C3C00041F6B8101844C2E9020008686C4A40F00F
:10C3D0008040086041F678201844C1E902001068E6
:10C3E00041F6F86140F080401944106041F6587001
:10C3F000C2E9021118446349634A0D68C1E90200A9
:10C40000106845F0804540F080400D605F49106045
:10C4100042F698201844C2E9020008685C4A40F0DD
:10C420008040086042F678401844C1E90200106874
:10C43000584940F08040106043F630001844C2E98B
:10C4400002000868544A40F08040086043F610201B
:10C450001844C1E902001068504940F08040106063
:10C4600044F250501844C2E9020008684C4A40F0B7
:10C470008040086044F2B0501844C1E902001068DE
:10C4800045F2F00140F080401944106045F2D020A0
:10C49000C2E9021118444349434A0D68C1E9020048
:10C4A000106845F0804540F080400D603F491060C5
:10C4B00045F688601844C2E9020008683C4A40F02A
:10C4C0008040086046F268001844C1E90200106824
:10C4D000384940F08040106046F6A8301844C2E960
:10C4E00002000868344A40F08040086046F6084080
:10C4F0001844C1E902001068304940F080401060E3
:10C5000047F208201844C2E9020008682C4A40F0AB
:10C510008040086047F208301844C1E9020051E049
:10C52000D46700243047002420470024104700240B
:10C5300000470024F0460024E0460024D0460024B2
:10C54000C0460024B0460024A046002490460024A3
:10C550008046002470460024604600245046002493
:10C560004046002430460024204600241046002483
:10C5700000460024F0450024E0450024D045002476
:10C58000C0450024B0450024A04500249045002467
:10C590008045002470450024604500245045002457
:10C5A0004045002430450024204500241045002447
:10C5B00000450024F0440024E0440024D04400243A
:10C5C000C0440024106847F6481140F080401944E8
:10C5D000106047F64820C2E902111844A349A44A52
:10C5E0000D68C1E90200106845F0804540F08040C8
:10C5F0000D60A049106048F248001844C2E90200EA
:10C6000008689D4A40F08040086048F2A80018443D
:10C61000C1E902001068994940F08040106048F27A
:10C6200068701844C2E902000868954A40F08040EA
:10C63000086048F688001844C1E902001068914972
:10C6400040F08040106048F690701844C2E9020043
:10C6500008688D4A40F08040086049F2B0001844F4
:10C66000C1E90200106849F2707140F0804019443D
:10C67000106049F2D070C2E9021118448349844A1B
:10C680000D68C1E90200106845F0804540F0804027
:10C690000D60804910604AF250501844C2E902000F
:10C6A00008687D4A40F0804008604AF29070184463
:10C6B000C1E902001068794940F0804010604BF2F7
:10C6C000A0501844C2E902000868754A40F0804052
:10C6D00008604BF2E0701844C1E90200106871492B
:10C6E00040F0804010604DF2E0201844C2E90200A2
:10C6F00008686D4A40F0804008604DF2A030184450
:10C70000C1E902001068694940F080401944106096
:10C710006748C2E9021118446649674A0D68C1E9D1
:10C720000200106845F0804540F080400D6063498C
:10C73000106063481844C2E902000868614A40F08A
:10C740008040086060481844C1E9020010685F49F1
:10C7500040F0804010605E481844C2E9020008685A
:10C760005C4A40F0804008605B481844C1E9020020
:10C7700010685A4940F08040106059481844C2E996
:10C7800002000868574A40F08040086003F5D03046
:10C79000C1E902001068544940F08040194410601B
:10C7A0005248C2E9021118445149524A0D68C1E980
:10C7B0000200106845F0804540F080400D604E4911
:10C7C00010604E481844C2E9020008684C4A40F024
:10C7D000804008604B481844C1E9020010684A498B
:10C7E00040F08040106049481844C2E902000868DF
:10C7F000474A40F08040086046481844C1E90200BA
:10C800001068454940F08040106044481844C2E92F
:10C8100002000868424A40F08040086041481844DD
:10C82000C1E9020040491068194440F08040C2E963
:10C8300002113E4910600D683D483E4A45F0804572
:10C8400018440D60C1E9020010683B4940F0804087
:10C85000194410602046C2E9021170BD1222302135
:10C86000284600F0CBFC204670BD00BFB044002439
:10C87000A0440024904400248044002470440024F8
:10C8800060440024504400244044002430440024E8
:10C89000204400241044002400440024F0430024D9
:10C8A000E0430024D0430024C0430024A009010039
:10C8B000200E0100B0430024A04300249043002434
:10C8C000402A010080430024C02E01007043002450
:10C8D000C0640100604300248065010050430024CF
:10C8E000809B01004043002420BC0100A0C0010047
:10C8F000304300242043002410430024A0F601000C
:10C900000043002460F70100F0420024602D020083
:10C91000E0420024E0310200D0420024E0C10200E5
:10C92000C0420024E0C3020060C60200B0420024FE
:10C9300074C60200A0420024F4C602002DE9F04FA4
:10C94000C94D0A468FB004460121284600F0D6FBA7
:10C950008246002800F067822B6847F2BC55C34A24
:10C960004AF2F428C2485E191A44C24948F2A06546
:10C970009844194441F2305E46F2603948F2703C06
:10C980009E44DFF8FCB399449C444AF64C3746F683
:10C99000F024C0E90222B84848F614621F441C443F
:10C9A0001A44C0E90211B54847F6F471C0E9022201
:10C9B0001944B348B34AC0E902111A44B24847F6D1
:10C9C0003461C0E902221944B04847F6C452C0E9B4
:10C9D00002111A44AE48AF49C0E902221944AE48D8
:10C9E000AE4AC0E902111A44AD4803F52051C0E92E
:10C9F0000222AC4A03F58C60C2E90211AA49AB4A93
:10CA0000C1E902001A44AA49AA48C1E9022203F571
:10CA1000F541A94AC2E9021147F6C032A7491A44B2
:10CA2000C1E902224AF6C042A5491A44C0E90233CC
:10CA3000A4488360C360A4480296C1E90222A349C6
:10CA40001944C0E90211A249A248C1E9022203F532
:10CA5000B071A14AC2E9021143F260229F491A440F
:10CA6000C0E90233C1E902229D4843F2B4429D4924
:10CA70001A44C0E902339C48C1E90222C0E90233EA
:10CA80009A4944F2147245F6D0501A441818C1E974
:10CA900002339749099058194BF274650A90581956
:10CAA00041F65015C1E90222924A5E1945F270051D
:10CAB0000390049642F2907158194BF214051944F0
:10CAC0000B90581941F2B035C2E9023343F6F01227
:10CAD0001A44009241F250429A18019242F2B06216
:10CAE0000590581942F210651A4406905E1945F6F1
:10CAF000305558194BF6D445079603F534760D900A
:10CB0000581903F55565089003F180000C957A4D8E
:10CB1000C5E90288DFF86C82C8E90233DFF8688271
:10CB2000C8E90266DFF86482C8E902EEDFF860E275
:10CB3000CEE90233DFF85CE2CEE90211DFF858E219
:10CB4000CBE90299CEE902CCDFF8509203F6F47BF0
:10CB5000DFF84CC2C9E90233CCE90277DFF844922E
:10CB6000664FC9E902BBC7E90233DFF83C92644F64
:10CB7000C9E90233C7E90266624E009DC6E90211A7
:10CB80006149029EC1E902336049C1E90255604929
:10CB9000C1E902335F49C1E902445F4903F5F87412
:10CBA000C1E902335D49C1E90244019C5C49C1E924
:10CBB00002445C49099CC1E902335B49C1E9022294
:10CBC0005A49C1E902445A49C1E902665949C1E9D1
:10CBD00002335949C1E90222584A03F59351C2E987
:10CBE0000233574A0A9C049EC2E9021103F5C3515D
:10CBF000544AC2E90211544A03F58461C2E902446D
:10CC0000039C524AC2E90244514A0B9CC2E90233D6
:10CC1000504AC2E902110C994F4AC2E902114F4A27
:10CC2000C2E902664E4AC2E90244059C4D4AC2E985
:10CC300002444D4A03F5C074C2E9021106994B4AF9
:10CC4000C2E9021103F5E751494AC2E90211494A12
:10CC5000079E0D99C2E90233474AC2E90266474A74
:10CC6000C2E902110899A1E0D86700249C5501008F
:10CC7000604A00249C19020090420024504A00247B
:10CC8000404A00241416020080420024304A002446
:10CC900070420024C0B80100204A0024C01A0200DB
:10CCA00060420024104A0024004A0024A416020016
:10CCB00050420024F049002440420024E04900246E
:10CCC000D049002430420024C0490024C03F010064
:10CCD000B049002420420024A049002490490024A7
:10CCE000104200246049002400420024D041002466
:10CCF00050490024C04100244049002480410024C0
:10CD0000F0480024E048002470410024D04800246A
:10CD100060410024C048002450410024B048002451
:10CD2000A0480024404100249048002430410024C1
:10CD300080480024204100247048002460480024DA
:10CD400010410024504800240041002440480024A1
:10CD5000F040002430480024E04000242048002413
:10CD6000D040002410480024C04000240048002483
:10CD7000F0470024B0400024E0470024A0400024F5
:10CD800080490024B0410024304900242049002477
:10CD9000A04100241049002490410024F0410024C7
:10CDA0000049002470490024E0410024224AC2E9DD
:10CDB0000211224A03F5CC61C2E90233204AC2E9DA
:10CDC000021103F579611F4AC2E902111E4A03F5F7
:10CDD000C651C2E902331D4AC2E902111C4A03F5D9
:10CDE0009071C2E902331B4AC2E9021103F51071C6
:10CDF000194AC2E902111949194AC1E90233C2E9C3
:10CE0000020003F5DA71174AC2E90211164A1749FE
:10CE1000C2E90200164A5046C1E90244C2E902339F
:10CE20000FB0BDE8F08F13223021204600F0E6F964
:10CE300050460FB0BDE8F08FD0470024904000244A
:10CE4000C0470024B047002480400024A0470024AD
:10CE5000904700248047002470400024704700243D
:10CE600060400024604700245040002450470024C4
:10CE7000404700242DE9F043002391B00524894662
:10CE800016461946304A0746CDE90043012300F013
:10CE9000ABFA10F0FF08054603D0284611B0BDE8F4
:10CEA000F08302A800F070F8002847D0B9F1000F15
:10CEB0000FD0BDF8163063B14446A1B2013405A8C5
:10CEC00059F8212000F0B4F8BDF81620A3B29A4218
:10CED000F3D87EB1BDF80E3063B10024A1B20134A5
:10CEE00003A856F8212000F0A3F8BDF80E20A3B245
:10CEF0009A42F3D8D7F8009002A9484600F0B6FA53
:10CF00000646A0B102A9FFF789F9044602A93046F6
:10CF1000FFF714FD04404846E4B200F049FB34B189
:10CF200028B168F30705284611B0BDE8F0833868DA
:10CF300000F058F905465FFA80F8F2E7386800F02B
:10CF400051F90546A9E700BF1400002408B100F01C
:10CF50005BB9034B034A18461A6000F055B900BF8D
:10CF6000140000240001C0A108B100F0C7B9034BB0
:10CF7000034A18461A6000F0C1B900BF140000242B
:10CF80000001C0A100F040BB0346A0B110B50A4C9F
:10CF900084B094E803006A4608340DF1080C82E876
:10CFA000030094E803008CE803006146184600F093
:10CFB000FFF804B010BD7047885E010848B3154BF8
:10CFC00030B40268144D13408469AB42626803D1E7
:10CFD00011B11F3222F01F02037D4169A3F1010349
:10CFE000C1F31720B3FA83F35B09B3EB112F0CDA0B
:10CFF000012B03D102284FF0020306D054F823106E
:10D000000133984201FB02F2F2D122EAE27030BC15
:10D0100070477047FFFF7F01C000040038B14368CC
:10D0200023B14088003818BF012070471846704768
:10D0300058B1436843B1408838B1C1EBC101012008
:10D0400003EB81035A60704718467047002918BFE8
:10D050000028F8B50CBF01240024002A08BF44F0C2
:10D06000010414B100242046F8BD1646224B126874
:10D0700005460F469A4224D070680028F2D0066810
:10D080009E4206D0A1F101042860B4FA84F4640938
:10D09000E9E7043D0146234604E0013345F8042F47
:10D0A0009F4203D951F8042FB242F6D19F42DAD100
:10D0B000791C114B50F82140E41AB4FA84F4640945
:10D0C000D1E7301DFFF7AAFF0028CBD0F3889F429D
:10D0D000C8D1043D224604E0013245F8043F97429E
:10D0E00005D9B36823441C345B68002BF4D1BC1A07
:10D0F000B4FA84F46409B6E7DECAFAA1002918BFBD
:10D100000028F8B50CBF01240024002A08BF44F011
:10D11000010414B100242046F8BD1646234B1268C2
:10D1200005460F469A4224D0306A0028F2D006689D
:10D130009E4206D0A1F101042860B4FA84F4640987
:10D14000E9E7043D0146234604E0013345F8042F96
:10D150009F4203D951F8042FB242F6D19F42DAD14F
:10D16000791C124B50F82140E41AB4FA84F4640993
:10D17000D1E706F10C00FFF751FF0028CAD0F38970
:10D180009F42C7D1043D224604E0013245F8043FE6
:10D19000974205D9336923441C345B68002BF4D1D2
:10D1A000BC1AB4FA84F46409B5E700BFDECAFAA178
:10D1B000002A18BF002910D078B10346084803F1AF
:10D1C0000C0C43F8040B03C983E80300012392E825
:10D1D00003008CE803001846704700231846704788
:10D1E000DECAFAA1044B0268934302D10C3000F06E
:10D1F00033BC41F2100070470001C0A110B10C30E7
:10D2000000F030BC704700BF3B4B0268934368D1CD
:10D210002DE9F04F038E85B005460F46002B53D005
:10D22000D0F834B0BBF1000F4ED04FF0000ACDE97A
:10D2300002015646D146DA4616E0019A01234BF820
:10D240000230AA694FF0010355682060013623754A
:10D2500009F11C096069002368F31F20C4E901C7B4
:10D26000C4E90335C4E90501BAF80030F200B3425D
:10D27000019238D9DAF80430002B34D053F8265014
:10D28000002D30D0DAF80830A869E968006800910C
:10D29000D3E9014BAB680BEBC6074C44C3F317282B
:10D2A00007F008FEAA690099D2F808C0002FC9D07B
:10D2B00000224BF836202A687A6012B15288002A80
:10D2C000BBD1AA690027BDE700261822112105F16C
:10D2D0000C0000F0C7FB304607B13E8005B0BDE84A
:10D2E000F08F00207047B6B2DDE90257002EEBD078
:10D2F000DAF808305868EFE70001C0A1394B02683E
:10D3000093436DD12DE9F04F038E85B005460F464E
:10D31000012B4FD94FF0000AD0F834B05646D14611
:10D32000DA46CDE9020116E0019A01234BF80230FA
:10D33000AA694FF00103556820600136237509F191
:10D340001C096069002368F31F20C4E901C7C4E910
:10D350000335C4E90501BAF80C30F200B34201927A
:10D3600035D9DAF81030002B31D053F8265075B388
:10D37000DAF81430A869E96800680091D3E9014B34
:10D38000AB680BEBC6074C44C3F3172807F092FDBC
:10D39000AA690099D2F808C0002FCAD000224BF821
:10D3A00036202A687A6012B15288002ABCD1AA6954
:10D3B0000027BEE700261822112105F10C0000F01D
:10D3C00051FB304607B13E8005B0BDE8F08FB6B2E4
:10D3D000DDE90257002EEDD0DAF814305868F1E795
:10D3E000002070470001C0A12DE9F04383B09DF8F3
:10D3F00028809DF82C9020B3026016461F460446F4
:10D4000000F028FB70B930250023236010244A4621
:10D410004146384607F0F0FDB06045EA042003B00D
:10D42000BDE8F08300224146384607F0E5FD054699
:10D4300000220521012007F0DFFD854208D00125EB
:10D44000E2E710252C4645EA042003B0BDE8F0834E
:10D45000054B01A8019300F0EDFB10B10024254617
:10D46000D5E70225D0E700BF038404844E4A0B466B
:10D470002DE9F047016801EA02088A433BD10446DE
:10D48000002B5BD0494A186890420AD14145D3E944
:10D490000372D3E9010342D0032320462361BDE890
:10D4A000F0871D4601211846D3F8049005F11C06AB
:10D4B000FFF784FD074601213046D5F820A0FFF78D
:10D4C0007DFDD7B140B3BAF1000F30D04FF0010E5F
:10D4D000B9F1000F38D00120334B4FEA0E472268D4
:10D4E0009A42D9D1638C834235D21222162104F19B
:10D4F0000C0000F0B7FA0020D1E738B1BAF1000F04
:10D5000015D038464FF0010E3D46E5E72368434508
:10D51000C2D10746206205E006468646D8E7C4E940
:10D520000803E2622046A76200F0ACFBB4E71322D6
:10D53000102104F10C0000F095FADCE71122102113
:10D540000C3000F08FFAD6E71222102104F10C0003
:10D5500000F088FACFE7E0B1AC46656A4FF4803856
:10D56000BCE80F000FC59CE8070085E80700638D45
:10D57000C4F82080734510D3BEF1000FD2D0B4465A
:10D58000E56ABCE80F000FC59CE8070085E80700C6
:10D59000C8E7638D20627345EED21322162104F191
:10D5A0000C0000F05FFAA6E70001C0A1DECAFAA1F4
:10D5B00038B5144B026802EA030193430CD10369A6
:10D5C00004469B0703D58A4208D0012038BD1022AB
:10D5D00011210C3000F046FA002038BD00F062FB4B
:10D5E000236C002BF1D0A56B002DEED02946626C88
:10D5F000002098472B69AB421D46E6D0002BE4D0B3
:10D60000236CF3E70001C0A12DE9F04FBA4B91461E
:10D61000026885B0934340F02F8103690446028E6F
:10D6200003F00303002A00F01E810022032BD0F830
:10D6300034A0826140F01A81002900F02881BAFAF2
:10D640008AF77F09BAF1000F00F02181BAF80030A3
:10D65000002B00F01C818B690D46CDF80C901B68E7
:10D66000CDE90130DAF80430002B72D053F827608E
:10D67000002E6ED0DAF808304FEA0719D3F800B060
:10D680001BEB071800F00281B369012128465C6892
:10D69000FFF794FC8442C0F00181F068A969C26878
:10D6A000CB689A4240F0FA8082688B689A4240F0D8
:10D6B000F58042684B689A4240F0F080B369D3E944
:10D6C000000107F089FC0446304607F09BFC8442C9
:10D6D000C0F0E480B369186807F0ECFB2B68584091
:10D6E00030F07E4340F092816B68002B00F0CE80DA
:10D6F000AB691B68002B00F08181019A304601372D
:10D700001C359A4238BF1A46019207F07BFCC8F8D4
:10D71000080055F8043C1B6800FB03F3C8F80C3004
:10D7200055F8181C0B44C8F804104BF80930B069C0
:10D7300003689A0000F1A480D0E902329B1A1944D0
:10D740008160B369D8F80420DA60BAF80030BB42CF
:10D7500088D8DDE90249228EB9F1000F00F05E8120
:10D76000012A40F2A480D4F83480B8F80C30002BA1
:10D7700000F09D804E4600270294D8F81030002B10
:10D7800000F0A18053F82750002D00F09C80D8F8BD
:10D7900014304FEA071BD3F8009019EB071A00F07A
:10D7A0005081AB69012130465C68FFF707FC844279
:10D7B0007CD3E868B169C268CB689A4276D1826846
:10D7C0008B689A4272D142684B689A426ED1AB69BB
:10D7D000D3E9000107F000FC0390284607F012FC93
:10D7E000039B834262D3AB69186807F063FB33681D
:10D7F000434033F07E4340F014817368002B00F007
:10D800002081B3691B68002B00F01381019A284620
:10D8100001371C369A4238BF1A46019207F0F2FBD4
:10D82000CAF80800034656F8042C126802FB03F3FA
:10D83000CAF80C3056F8181C0B44CAF8041049F802
:10D840000B30A86903689B0038D4D0E902329B1AD8
:10D8500019448160AB69DAF80420DA60B8F80C305A
:10D860009F428AD32FE0032B826110D030221121F6
:10D8700004F10C0000F0F6F8002005B0BDE8F08FD0
:10D88000BAF800309F42FFF4EDAE62E7029C172227
:10D89000122104F10C0000F0E5F8EDE7029C1822DB
:10D8A000122104F10C0000F0DDF8E5E7029C1822DB
:10D8B000132104F10C0000F0D5F8DDE7B8F80C30C6
:10D8C0009F42FFF45AAF029CBDF80430228E23839E
:10D8D000002A00F08D80012A676B00F08C8007F130
:10D8E0000C08608B8342C8D94646A346002F31D02E
:10D8F0004FF0000815E000BF0001C0A1DC68091B63
:10D900000844986093696A68DA6059F80A2008F157
:10D910000108D5E901310B44934201D3EB68D31AD6
:10D920006B603B884FEA081A434513D97B688BB17B
:10D9300053F8282072B1B9689369D1F800901C6837
:10D9400009EB08159968A4006868D7D5AA6805F09E
:10D9500085FADAE7584600F0BDF9002E3BD00025E5
:10D9600014E0114459F80A30994202D3D8F80C1047
:10D97000591AC8F804108269D2E902341B1B1944F1
:10D9800091608369D8F80420DA6001353388AB42AE
:10D9900021D97368FBB153F82500E0B1B2684FEAB2
:10D9A000051A8369D2F800901C6809EB0518A400D9
:10D9B000D8E90112D5D5986805F050FA59F80A202F
:10D9C000D8E901310B44934202D3D8F80C30D31A72
:10D9D000C8F80430D9E7BBF81A00BBF8183001309A
:10D9E00080B28342ABF81A0080D805B0BDE8F08F52
:10D9F0001746904675E74FF0000872E7029C212217
:10DA0000122104F10C0000F02DF835E7029C1922D8
:10DA1000122104F10C0000F025F82DE7BDF80430C8
:10DA200055E7029C1922132104F10C0000F01AF8AA
:10DA300022E7029C2122132104F10C0000F012F8CD
:10DA40001AE7029C1722132104F10C0000F00AF8D7
:10DA500012E700BF012070470346002200681A60E9
:10DA6000704700BF0346007808B100207047197066
:10DA70000120196862F31F211960704782691388B9
:10DA80000BB95B68FFDE70B5526882B0556805B1AE
:10DA90002D68012B00F0CB80166906B13668AB68A3
:10DAA0001B0A00F0A080E868012200EB830353F812
:10DAB000041D984201FB02F2F9D12B6834688BB146
:10DAC000596879B1588868B10968D1ED007A6CB1AC
:10DAD000616859B1608848B1096891ED007A87EEB4
:10DAE000870A07E0F7EE007A002CF1D1B7EE007A52
:10DAF000B0EE670AA869B16906680D6836028068E9
:10DB00008968C5F3C05516D4002D37D133B15D688F
:10DB1000002D78D05B880BB16B681B7834B16568D9
:10DB2000002D6AD064880CB16C682478009401F0F0
:10DB30007FFA02B070BDB5B13BB15D68002D5ED01B
:10DB40005B8813B16B6893F900303CB16568002DB8
:10DB50005FD0648814B16C6894F90040009401F0BF
:10DB60005FFA02B070BD4BB35D68002D40D05B889A
:10DB700023B36B6893F900300CBB26E043B15D68BA
:10DB8000002D32D05B881BB16B681B780CB907E0A5
:10DB900064B365687DB3648814B16C6894F900401F
:10DBA000F4EE477AF1EE10FA03D104F18005AB42AE
:10DBB00039D0009401F044FA02B070BDCCB1656870
:10DBC0002DB364880CB16C682478F4EE477AF1EEDA
:10DBD00010FA03D103F18005A54220D0009401F092
:10DBE00039FA02B070BD012267E7A4B92346E0E725
:10DBF0009CB92346F2E72C46D2E72C4696E72B4603
:10DC0000002CA3D1AAE72B46002C88D18EE72C4606
:10DC1000DBE72C46A2E72B46BBE72B46CFE7009479
:10DC200001F020FA85E7009401F012FA81E7002361
:10DC30005B68FFDE82B0124B019318B10378032BAF
:10DC400002D0002002B070479DF80420934204D017
:10DC5000012080F0010002B07047427801309DF849
:10DC600005309A42F4D110F8012F9DF806309A42FF
:10DC7000EED142789DF807309A42E9D10020E8E7DA
:10DC800003840484836B01464BB100201A46D9609B
:10DC90001B690130934203D0002BF7D1704718461F
:10DCA000704700BF38B5846B84B100256368DB071B
:10DCB00004D5236A20460BB1013598472369A34256
:10DCC0001C4601D0002BF1D1284638BD25462846F8
:10DCD00038BD00BF2DE9F041856B0446D0F8408087
:10DCE000C563B8F1000F29D025B3426C2946012045
:10DCF000C047E66BF6B100273146626C0220C04790
:10DD0000E56B28466B6998472E690320626CB54223
:10DD1000E16B07D0C0470137E663002EECD13846EF
:10DD2000BDE8F08103200137C04700233846E36394
:10DD3000BDE8F08100273846BDE8F081002DF9D01C
:10DD400047466B69284698472B462D699D4204D06B
:10DD50000137E563002DF4D1E1E700230137E363E8
:10DD6000DDE700BF8369198809B94B68FFDE2DE93B
:10DD7000F04F2DED028B5C68A3B0626802B11268AF
:10DD8000012900F0C580236903B11B68022900F056
:10DD9000B680E569002D00F0B980268BD5F80080AB
:10DDA000012E40F2B8806D68032900F0B980A16AA5
:10DDB000446A002900F0B18004B14B680C68A9697D
:10DDC000D6688968DF682091B188D4F818C01591A9
:10DDD000B988C46B1691F968D8F80CE01791B96846
:10DDE00015681891D6E9021B1991018D1A91818D40
:10DDF0001B9121881C91A1881D91DEF808101E91AD
:10DE0000DEF804101F91DCF808101C68D8F80060D8
:10DE10002191002D70D0696800296DD06F88002F86
:10DE20006AD00968D1ED008A002C62D061680029AF
:10DE30005FD06788002F5CD0096891ED008A9F69E8
:10DE40009169D8F81830D7F8089090F841A0D1F827
:10DE500008809F6816B1766806B136683DB169687A
:10DE6000002951D06D8815B1496891F900503CB135
:10DE70006168002946D0648814B1496891F900406E
:10DE8000DCE9000107F086F8209BF0EE480A1FFA53
:10DE90008BF20893B0EE680A1C9BBDF864100793E0
:10DEA0001D9BCDF8349006931B9B05931A9B0493FE
:10DEB000169BCDE90073219BBDF87C70CDE9110361
:10DEC000BDF87830404602970393BDF85C30CDE949
:10DED0000954BDF860400F930E940124159B1094D3
:10DEE000CDE90B6A02F096FD23B0BDEC028BBDE8D4
:10DEF000F08FB7EE008AA2E7F7EE008A94E70023DE
:10DF00005B68FFDE0C46BBE70D46B0E7A8464BE773
:10DF100000235B68FFDE002546E724B9A369FFDE26
:10DF200000235B68FFDECB68FFDE00BF82691388D9
:10DF30000BB95B68FFDE5068416801B10968012BCD
:10DF400000F0E280026902B11268022B00F0D68074
:10DF50002DE9F04FC56989B0002D00F0A180068B36
:10DF60002C68012E40F2B8806D68032B00F0C98048
:10DF7000AB69D5689B68866A0693CB688F69B3F8EE
:10DF800004B0D5E9020300FB03FAAB88906907935C
:10DF90001EB136680EB1B3699E680B68A169156839
:10DFA000D7F808C080682268D1F808E0002B49D073
:10DFB000D3F80480B8F1000F3BD05C88002C53D11B
:10DFC000002D38D069688946002900F08C806F8860
:10DFD000B7EE000A002F53D1B8F1000F00F08A808D
:10DFE0005C88002C7AD1F7EE000A0024002D7DD049
:10DFF0008946002975D06F881FB1D9F8043093F98C
:10E000000070002A00F083805368002B7FD01B68CB
:10E010007246614693ED001A079B01970094CDE983
:10E0200002B3069BCDE904A601F05CF809B0BDE897
:10E03000F08F002D36D1B7EE000A2C46F0EE400AE4
:10E040002746DEE7002DF6D0D5F80490B9F1000F91
:10E050003BD06C88B7EE000A002CEFD01C46D9F8F4
:10E060000030D3ED000AC8E7D8F8001091ED000A9F
:10E070001DB3696889460029AED06F88002FABD0E8
:10E080000C68D4ED000AB8F1000F31D05C88002C88
:10E09000AED0D8F8043093F90040002DA8D125E087
:10E0A0002C4662E769688946002990D1B7EE000ADC
:10E0B0000C460F46F0EE400AA3E7D8F80430F7EE1E
:10E0C000000A2F4693F900409BE7B7EE000A4C4642
:10E0D0004F46F0EE400A94E7002546E7F7EE000AC7
:10E0E000D7E70F468DE7B7EE000A7CE72F4688E7B3
:10E0F000444681E7F7EE000A44467AE700235B686E
:10E10000FFDE00235B68FFDE00235B68FFDE002389
:10E110001B68FFDE83691A880AB95368FFDE5868F6
:10E12000416801B10968012A00F0E280036903B186
:10E130001B68022A00F0D9802DE9F04FC4698BB02A
:10E14000002C00F0A480068B2568012E40F2BA80D6
:10E150006468032A00F0C680A269DC689268876A56
:10E160000992CA68B4F804B0B2F804A0D4E9020273
:10E1700000FB02F988699A691FB13F680FB1BC6959
:10E18000A7680C6881689068AA691B6892682D6806
:10E190000892002C48D0D4F80480B8F1000F3AD08F
:10E1A000B4F802E0BEF1000F53D1002B35D05E6809
:10E1B000B646002E00F08B80B3F802C0B7EE000A1E
:10E1C000BCF1000F53D1B8F1000F00F08780B4F814
:10E1D00002E0BEF1000F77D1F7EE000A0024002B19
:10E1E00078D0B6462EB1B3F802C0BCF1000F2BD1E7
:10E1F000664615B16D6805B12D680094DDE9082308
:10E20000CDE90557CDE903B9CDE9016A00F02CFF4E
:10E210000BB0BDE8F08F002B3BD1B7EE000AF0EE5B
:10E22000400A1C461E46E4E7002BF6D0D3F804E073
:10E23000BEF1000F3FD05B88B7EE000A002BEED096
:10E24000DEF80030D3ED000ADEF8043093F9006008
:10E25000CFE7D8F8006096ED000A23B35E68B646B3
:10E26000002EB0D0B3F802C0BCF1000FABD03268C2
:10E27000D2ED000AB8F1000F2ED06488002CB0D087
:10E28000D8F8044094F90040002BAAD122E025469A
:10E290005FE75E68B646002E8ED1B7EE000A3446C0
:10E2A000F0EE400AA5E7D8F80440F7EE000A1E4653
:10E2B00094F900409DE7B7EE000A74467646F0EE0A
:10E2C000400A96E7002444E7F7EE000AD8E7B7EEE5
:10E2D000000A81E71E468CE7444686E7F7EE000A0F
:10E2E00044467FE700235B68FFDE00235B68FFDEB8
:10E2F00000235B68FFDE00BF2DE9F04F2DED028BA0
:10E30000836907469FB0188808B94368FFDE5C68D8
:10E31000626802B11268012800F0B180236903B17C
:10E320001B68022800F0AB80E569002D00F0B48086
:10E33000268B2968012E40F2B1806D68032800F019
:10E340009E80A06A7C6A002800F0AA8004B143681D
:10E35000AC69D2F80CC0A468D3F80CE01C94BCF8EB
:10E360000440FE6B1394DEF80C40D1F80C8014943A
:10E37000DEF80840006815943C8D80691694BC8DC9
:10E380001568179434881894B4881994D8F80840FC
:10E390001A94D8F804401B948468DCE902AB1D94FD
:10E3A0001C680E68002D70D06F68002F6DD0B5F816
:10E3B00002E0BEF1000F68D03F68D7ED008A002C64
:10E3C00060D06768002F5DD0B4F802E0BEF1000FA6
:10E3D00058D03F6897ED008A9F6992698B69D7F89A
:10E3E0000880D2F808909F6816B1766806B1366842
:10E3F0003DB1696800294BD06D8815B1496891F924
:10E4000000503CB16168002944D0648814B1496867
:10E4100091F90040D0E9000106F0BCFD1C9B00977B
:10E42000F0EE480A0793B0EE680A179B1FFA8BF2CA
:10E43000BDF86C701FFA8AF10693169B019705933D
:10E44000189B0493199B03931D9BCDE90F03BDF803
:10E45000503048460D93BDF854300C93BDF86830E9
:10E46000CDE9085402930024139B0E94CDE90A6869
:10E4700001F0BAFC1FB0BDEC028BBDE8F08F0023A9
:10E480005B68FFDEB7EE008AA6E7F7EE008A96E744
:10E490000D46B6E70C46BDE729464FE700254DE798
:10E4A0000CB9A369FFDEC368FFDE00BF83690146C4
:10E4B000188808B94368FFDE2DE9F04F2DED028B77
:10E4C0005C6897B0626802B11268012800F0A4800D
:10E4D000236903B11B68022800F09580E569002DCF
:10E4E00000F09880268BD5F800C0012E40F297806E
:10E4F0006D68032800F09880A06A4C6A002800F03C
:10E50000908004B14368AC690F8DA468898D149420
:10E51000D468DE681391A18800680F91806915683E
:10E520001297D6E9021BDCF800601091D4E9021AB8
:10E530001C68119181681591002D61D069680029CE
:10E540005ED06F88002F5BD00968D1ED008A002C67
:10E5500053D06168002950D06788002F4DD00968DA
:10E5600091ED008A9F699169DCF81830D7F808901E
:10E57000D3F808808F6816B1766806B136683DB169
:10E580006968002944D06D8815B1496891F9005037
:10E590003CB16168002939D0648814B1496891F9A7
:10E5A0000040D0E9000106F0F5FC159BF0EE480AAA
:10E5B0000B900C93B0EE680A149B1FFA8AF2BDF818
:10E5C000441038460393139BCDF81C900293129B82
:10E5D0000495CDE90546BDF84040CDE900831FFA1A
:10E5E0008BF30894002409930F9B0A9400F094FE87
:10E5F00017B0BDEC028BBDE8F08FB7EE008AB1E733
:10E60000F7EE008AA3E700235B68FFDE0C46C8E74D
:10E610000D46BDE7AC466CE700235B68FFDE0025D6
:10E6200067E724B9A369FFDE00235B68FFDEC368E8
:10E63000FFDE00BF037F032B0BD8DFE803F00806E3
:10E64000040200F057B800F0E5B800F023B900F07C
:10E650009BB87047826913880BB95B68FFDE70B4A2
:10E660005268556805B12D68012B40D0166906B176
:10E670003668AB681B0A2DD0EC68012204EB8303DB
:10E6800053F8041D9C4201FB02F2F9D1AB69C16948
:10E690001868B56900028C689968AB680DD552B1ED
:10E6A00001391A4411F8010F80F08000205C03F852
:10E6B000010B9342F6D170BC7047002AFBD00139A0
:10E6C0001A4411F8010F205C03F8010B9342F8D1B2
:10E6D00070BC7047AB69C1691A68B06912F4000F69
:10E6E0008C684FF0010299688368E8D0D8E700236E
:10E6F0005B68FFDE826913880BB95B68FFDE2DE97A
:10E70000F043526885B0556805B12D68012B36D0AD
:10E710001369002B36D0D3F800C0EB68D0E909624A
:10E72000D3F804E0B6F90880B6F90C90DB6892687B
:10E73000D6E9001001430CB2D5E905718868FE687E
:10E74000DCE90551D5F80CC089687D6874B9B8F169
:10E75000020F0BD1B9F1020F08D1CDE9026CCDE95E
:10E7600000E502F097FF05B0BDE8F083CDE9026C4B
:10E77000CDE900E502F0BEFF05B0BDE8F08300235F
:10E780005B68FFDE9B69FFDE826913880BB95B68FB
:10E79000FFDE2DE9F041526888B0546804B1246866
:10E7A000012B34D01369002B2FD01968456A826A77
:10E7B000B5F90C60A3696769D3F800809268D1E964
:10E7C0000501D0E902EC89680EFB06F69868C8F3EB
:10E7D000C6130696B5F904600EFB06F60596B5F964
:10E7E00008600CFB06F60496B5F900500CFB05F525
:10E7F0000395FD6802957D680195E468E4680094DE
:10E8000003F040F808B0BDE8F0819B69FFDE00230B
:10E810005B68FFDE826913880BB95B68FFDE5168B5
:10E820004A6802B11268012B30D00B6963B3F0B5AE
:10E830001B6889B0456AD2F80CE0B5F908609069A8
:10E8400057698068DEF80C20D3E905C1B5F90030BE
:10E85000DCF80C40896804FB06F60696DCF808C074
:10E86000B5F9046003940CFB06F603FB04F405966B
:10E870000494BC680294FC680194B5F90C400094BF
:10E8800003F09CF809B0F0BD9B69FFDE00235B68D4
:10E89000FFDE00BF826913880BB95B68FFDE2DE9DC
:10E8A000F04F52688FB0576807B13F68012B3DD0D9
:10E8B0001369002B38D01968FA68D2E90283D1E9CC
:10E8C0000242B4F5A06F446AD1E90501B4F90C60C5
:10E8D000B4F904E0B4F900B08968D0E9025CD7E982
:10E8E000057005FB06F68068D2E902A92CBF126903
:10E8F00001220C9605FB0EF60B960CFB0BF60A9606
:10E90000B4F908400994CDE907EBCDE905C5BC6829
:10E910000494FC68CDF800800394CDE9019A03F0DB
:10E92000BDF80FB0BDE8F08FDB68FFDE00235B6849
:10E93000FFDE00BF83691A880AB95368FFDE2DE93C
:10E94000F04F596893B007464B6803B11B68012A22
:10E9500000F0C9800A69002A00F0C8801268D3F864
:10E960000C80D568916914681E689A69B8F80C30F3
:10E97000D7F830C00C93BB8B90680D933B8CB8F8E4
:10E9800004E00E93BCF80430B8F808200F93BCF8EC
:10E99000003089681093BB8CB7F828B0B5F808A090
:10E9A000B5F80C8011932EB3D6F804C0BCF1000F5B
:10E9B00030D07588002D57D1002C37D06768B94604
:10E9C000002F7AD06588B7EE000A002D57D03B683B
:10E9D000D3ED000ABCF1000F7CD07688002E55D113
:10E9E000B946002F67D0658835B3D9F8044094F94B
:10E9F000005021E0D4B1D4F80490B9F1000F6BD0ED
:10EA00006488B7EE000A002C5FD1F0EE400A26467B
:10EA1000254611E054B16768B946002FD2D1B7EE50
:10EA2000000A3E463D46F0EE400A05E0B7EE000A19
:10EA300026462546F0EE400A119C0C9B0594109C3E
:10EA4000CDF818B004940F9CCDF800E003940E9C10
:10EA500002940D9CCDE90965CDE907A8019400F069
:10EA600083FB13B0BDE8F08FDCF8005095ED000A91
:10EA7000A4B16768B94617B16588002DA7D1BCF16C
:10EA8000000F13D07588D5B1F7EE000ADCF80450FA
:10EA900095F90060002CA3D12546CDE7DCF8046091
:10EAA000F7EE000A254696F90060C5E7F7EE000A82
:10EAB0006646002F97D13D46BEE7B7EE000AF7EE57
:10EAC000000A0026002C8BD1E6E7D9F80040D4EDEF
:10EAD000000A8AE7664687E7B7EE000A4E464D46CB
:10EAE000F0EE400AA8E700235B68FFDED368FFDE94
:10EAF0002DE9F04F2DED028B836997B01C880CB97E
:10EB00006368FFDE5D686A6802B11268012C00F07C
:10EB100096802B6903B11B68022C00F09080EE698F
:10EB2000002E00F099802F8B3168012F40F29680E3
:10EB30007668032C00F08380AC6A456A002C00F0F4
:10EB40008F8005B163682568B469D5F818C0A468DA
:10EB5000DD681494D468AD88A688109515680F9662
:10EB60000E68D4E9024B1194048D1294848D139491
:10EB7000DCF8084015941C68002D66D06F68002FE3
:10EB800063D0B5F802E0BEF1000F5ED03F68D7ED6C
:10EB9000008A002C56D06768002F53D0B4F802E0EA
:10EBA000BEF1000F4ED03F6897ED008A9B699769D0
:10EBB000896990F841A0D3F80890BF68D1F808801F
:10EBC00016B1766806B136683DB1696800293FD054
:10EBD0006D8815B1496891F900503CB16168002910
:10EBE00038D0648814B1496891F90040DCE900012B
:10EBF00006F0D0F9159BF0EE480A0B900C93B0EE9E
:10EC0000680A149B1FFA8BF2BDF84410384604932F
:10EC1000109BCDF82490CDE90554139CCDE90283D7
:10EC20000F9B009401240193129B0A94CDE9076A7B
:10EC300001F0DCFC17B0BDEC028BBDE8F08F0023C7
:10EC40005B68FFDEB7EE008AB0E7F7EE008AA0E768
:10EC50000D46C2E70C46C9E731466AE7002668E779
:10EC60000DB9AB69FFDEE368FFDE00BF81690A888A
:10EC70000AB95368FFDE2DE9F04F2DED028B49688C
:10EC8000ABB003464C68002C00F0C181D4E90054BD
:10EC9000012A00F0C0810E6906B13668AA68A06832
:10ECA000D3E907730B9305F10803099304F10803F3
:10ECB0000A9382EA0003C2F31722FF2B0ED81146F3
:10ECC0009446002900F0A0810139E368EA6853F80E
:10ECD000213052F821209A42F3D062460023A2B19B
:10ECE000013AE96851F822100129F8D04FF0000AE2
:10ECF000C0F3172078B10138E26852F82020012AC9
:10ED0000F8D0D1464FF0000B09E0C0F317204FF0C8
:10ED1000010A0028EFD18AF001094FF0010B6A695E
:10ED200000210D9315A8536872690C93D2F80480E2
:10ED30001BAA1F91169240F20152CDE91B11CDE999
:10ED40001D111592DDE9091206F072F92868D5F84F
:10ED500018E0326821680D9BC0B14568B5B1B0F8C4
:10ED600002C0BCF1000F11D02D682D680F9591B92C
:10ED70004FF07E551095DAB15568CDB1B2F802C0AA
:10ED8000BCF1000F14D02D682D6813E04FF07E55B4
:10ED90000F950029ECD04D68002DE9D0B1F802C0E4
:10EDA000BCF1000FE4D02D682D681095002AE3D146
:10EDB0004FF07E55A469B6691195A468DEF8085035
:10EDC000B66858B1D0F804C0BCF1000F00F0FA806A
:10EDD000408818B1DCF8040090F900008DF8390083
:10EDE00041B14868002800F0EB80498811B14168C2
:10EDF00091F900108DF83A1042B15168002900F0E5
:10EE0000DD80528812B14A6892F900208DF83B20CB
:10EE100013B9B9F1000F2CD0D345159B14BFCAF11B
:10EE2000020100211B0A00F0F480169F07EB830209
:10EE3000012352F8040D974200FB03F3F9D1224657
:10EE40000DF13B0406913046059411AC294604941B
:10EE50000DF13A04039410AC02940DF139040194BD
:10EE60000FAC00940B9CA0472BB0BDEC028BBDE80F
:10EE7000F08F20ABDDF830A0099917A8189325ABC7
:10EE800015AACDF880901A9340F20253CDF89490D1
:10EE9000179319935346CDE92199CDE92399CDE9EB
:10EEA0002699CDE9289906F0EBF8534615AA0A9958
:10EEB00019A806F0E5F8169AD368002BD4D091680B
:10EEC000DFED568A8C46CDF82490BCF1000FCBD0F4
:10EED00015984FF0000BC0F317204FF0000A0428DC
:10EEE0008CBF116901218A456ED25168002954D026
:10EEF000B6EE008A4FF0000995F9002014A89DF99C
:10EF00003910DDED0F6A531A9DF93A109DED107A14
:10EF100007EE903AF8EEE77A67EEA67ACDED127A30
:10EF200094F90020531A13AA12A907EE903AF8EEAA
:10EF3000E77A67EE877ACDED137AB8479DED146ACC
:10EF4000DDED116A9DF93B30C6EE267A07EE103AE8
:10EF5000B8EEC77A77EE877AF5EEC07AF1EE10FA5E
:10EF600038FE287A77EE877ABDEEE77ACDED147A0F
:10EF700017EE102A02F30702327009F10109189AFC
:10EF80004644526815441A9A52681444169A5168B5
:10EF90004945B1D81598C0F317201799B1F5A06F5E
:10EFA00002D3189909690D441999B1F5A06F02D3DC
:10EFB0001A9909690C440AF1010A90E70A4625E703
:10EFC000014617E7604609E7DDF860E00BF1010B49
:10EFD0001A9BDEF80810D2F808C00D449968DC4589
:10EFE0000C443FF67AAFDEF80C0009990544D0686E
:10EFF0000131DB6888421C4409913FF666AF2BB0B3
:10F00000BDEC028BBDE8F08F6246012367E6254622
:10F010003EE6012313E700235B68FFDEFCFFFFBE33
:10F0200010B4BDF9044001945DF8044B02F0F2B94C
:10F0300010B49DF8044001945DF8044B02F02ABA24
:10F0400010B49DF9044001945DF8044B02F04CBAF1
:10F0500002F08ABA10B49DF8044001945DF8044BA4
:10F0600002F0BABA02F0E2BA2DE9F04F8DB00446D0
:10F070000D46BDF86470DDF87080DDF868B0394683
:10F0800008EBC70A1B98BDF86090CDE908239DF9ED
:10F09000583042460A939DF95C300B93534602F078
:10F0A000F5FDBBF1000F1AD0CDF870800026C846E0
:10F0B000B9461C9F099A01362846059404924B468E
:10F0C0000B9A4C440899454403920A9A0697009774
:10F0D000CDE901A2424603F07FFAB345EAD10DB073
:10F0E000BDE8F08F2DE9F04F8FB021EE000A00242B
:10F0F000054609930DF132099DF9603080EE200A32
:10F10000DDF870A048460A930E469DF96430934698
:10F11000BDF86870BDF86C80ADF832400D940B936B
:10F1200002F062FD0D90BAF1000F19D04346B846C7
:10F130001F461D9B01343046059506934246099BA8
:10F1400059463D44464404930B9B03930A9BCDE9E7
:10F1500001930DAB00933B4603F0CAFCA245E8D1F6
:10F160000FB0BDE8F08F00BF10B4BDF804400194AB
:10F17000BDF808400294BDF80C400394BDF810405F
:10F180000494BDF814400594BDF818400694BDF8E9
:10F190001C400794BDF820400894BDF82440099411
:10F1A0009DF928400A949DF92C400B945DF8044B7E
:10F1B00003F05CB82DE9F04F8E4687B09A46814641
:10F1C00010995FEA9E08934601EBCE0368D00AFBD4
:10F1D00002F508F1FF321BFB0AF009F10407C5F341
:10F1E0004F0592B200F0010049466E1E07EB820700
:10F1F0004FEA4E04B6B206FB0EE67600CDE9026891
:10F200008846059365B32A460195059ED8F800C047
:10F21000351D58F80E30A0440595CCEA0345C3EAE5
:10F220002C432FFA85FCC6F800C02FFA95F5059EF1
:10F23000356004360596059D2FFA83F6043545F8AA
:10F24000046C05952FFA93F3059D013A2B6092B259
:10F2500004350595002AD8D1DDE9015303EB0108F7
:10F26000059BA0B1D8F80020C2EA02282FFA88F83E
:10F27000A3F800804FEA1848C2EA2262A3F802808D
:10F280002FFAA2F29A80120C083323F8022C0431D0
:10F29000B942B5D1DDF80C804FEA88081FFA88F82A
:10F2A0001EF003021CD01BFB0AF4A4B2C4B1BEF1D1
:10F2B000010F18D16700454603EB44042046691C42
:10F2C00009EB05022E468DB212F9011B23F8021B31
:10F2D0008342F9D146452346384401D03C44EEE709
:10F2E00007B0BDE8F08F03EB44064244640095B2DA
:10F2F000304608F1010109EB08021FFA81F892F982
:10F300000010724423F8021B8342F8D1A845204420
:10F310003346E5D02644ECE72DE9F04F9FB09946FF
:10F32000BDF8A820BDF8A4300592BDF8C020049314
:10F330001492BDF8C420329B1992349A1A904FEA65
:10F34000C90002EBC902289D9DF9B0709DF9B480F7
:10F35000DDF8BCA003911192002B00F0EC834FEA82
:10F3600049030193119A00EB090349462E9802EBD9
:10F370004303349A1C46129302F088FC6FF0150385
:10F3800003FB09431393B9F1000F17D0129A01251B
:10F39000139B1146019A1C1F8E1831F9023B5A1E0D
:10F3A00005FA03F008FA03F392B203EB5003142AB0
:10F3B00000F2B7838E4244F8043FEED1049AB9F1CB
:10F3C000030F039B09FB02F2019909FB03F315925A
:10F3D000059A03FB02F2A3EB01030493C7F10003B8
:10F3E000C3EA034400F2A38300230D93199B002B6F
:10F3F00000F03F8309F0030314991093002900F0F3
:10F400003883013BA446D3461B929BB2CDF8309083
:10F410000897169300231946D8464FF0000EE3468E
:10F42000DDE91A2001FB00220792169A0132CDE98C
:10F4300017230D9B002B00F05B83129A00252B9B5A
:10F440000832CDF83CE003F11001119B0192349A8F
:10F450004833059102F11004139A02F1100008F1EB
:10F46000040202940392C8F1000282460C980E92A4
:10F4700077E0AA1E0121013D01FA02F257FB0C229E
:10F480002A41324402F3070252B2039F07F8042CC8
:10F49000019A32F9065C152D40F35981AE1E012206
:10F4A000013D02FA06F6029A52F80C2C54FB026453
:10F4B0002C415AF80C2C144404F3070464B23A4665
:10F4C00002F8034C019A32F9045C152D40F32D81AA
:10F4D000AC1E0122013D02FA04F4029A52F8082CF3
:10F4E0005EFB024E5AF8082C4EFA05FE96440EF3C7
:10F4F000070E4FFA8EFE039A02F802EC019A32F9D7
:10F50000025C152D40F3FF80AC1E0122013D02FA82
:10F5100004F4029A52F8042C58FB02485AF8042CBE
:10F5200048FA05F8904408F307084FFA88F8059957
:10F530004833039A0AF1100A10310E9C02F8018C2C
:10F5400005910199083101910299103102911146FA
:10F55000A218043192B203910D9915468A4280F0A7
:10F560004481079953F8486C4A194D59059952F846
:10F57000008002EB000CC5EA084402EB40020B914C
:10F58000C8EA2548069351F8105C2BFA84F726FB4D
:10F5900007572BFA94F453F8445C51F80C6C25FB94
:10F5A000046453F8405C51F8086C2BFA88FE25FB84
:10F5B0000E6E2BFA98F853F83C5C51F8046C25FB5E
:10F5C0000866049D5CF8008002EB050C53F8381CBB
:10F5D0005259C8EA0249C2EA28422BFA89F50CEBD3
:10F5E000000821FB05772BFA99F953F8345C25FBC9
:10F5F000094553F8304C2BFA82F924FB09EE2BFA1B
:10F6000092F253F82C4C24FB02625CF8006008EB89
:10F61000000C58F80040C6EA0449C4EA2644049E97
:10F6200053F8281C0CEB06082BFA89F621FB067709
:10F630002BFA99F953F8246C26FB095653F8205CF1
:10F640002BFA84F925FB09EE2BFA94F453F81C5C91
:10F6500025FB0424049D58F8002080445CF80590A4
:10F6600053F8185CC9EA024CC2EA29422BFA8CF919
:10F6700025FB09772BFA9CFC53F8145C25FB0C6CDA
:10F6800053F8105C2BFA82F625FB06E62BFA92F271
:10F6900053F80C5C25FB024258F8005008996CB2F4
:10F6A00033F808EC33F8068C641A33F8049CCDF870
:10F6B00028A01EFB047745F30724641A18FB04C432
:10F6C00045F3074CC1EB2565ACEB010C19FB0C6E47
:10F6D00033F8026C16FB0528019A5AF8106C32F9BF
:10F6E000085C0992152D029A914652F810CC3FF70A
:10F6F000C0AE002D3BDD7A0052FB0C622A4102F3C2
:10F70000070252B2C1E6002D3EDD029A4FEA4808D8
:10F710005AF8044C52F8042C58FB024848FA05F8F1
:10F7200008F307084FFA88F801E7002D3FDD029A39
:10F730004FEA4E0E5AF8084C52F8082C5EFB024E67
:10F740004EFA05FE0EF3070E4FFA8EFED3E6002D9D
:10F7500040DD029A66005AF80C4C52F80C2C56FB0D
:10F7600002442C4104F3070464B23A46A8E6C5F10A
:10F77000010207FA02F202F31F0252FB1CF23244AA
:10F7800002F3070252B280E6C5F1010508FA05F856
:10F7900008F31F08029A52F8042C58FB12F85AF882
:10F7A000042C904408F307084FFA88F8BFE6C5F127
:10F7B00001050EFA05FE0EF31F0E029A52F8082CF0
:10F7C0005EFB12FE5AF8082C96440EF3070E4FFA11
:10F7D0008EFE90E6C5F10105AC4004F31F04029AC9
:10F7E00052F80C2C54FB12F463E6DDF83CE0CA46F8
:10F7F000B846109B002B00F02681079B089E9C18A2
:10F80000069D99560B9B0C9F891B28881B6810FB33
:10F810000133E15704EB470014F91740891B2F46C9
:10F820006D88A41B15FB0131049D43194057BD8809
:10F83000801B14FB0514F9883D460C9F10FB01400A
:10F84000D95703EB470413F917302F46891B2D892D
:10F850009B1B11FB05010498251820567C89801BF1
:10F8600013FB0413B98910FB01300C9BF989EC568A
:10F8700015F91330A41B9B1BDAF8006014FB01017F
:10F880003C8A501C13FB041309990A9C80B2B1F9FD
:10F8900000102568152900F3EF80002940F310813E
:10F8A0005B0053FB06530B4103F307035BB288F87D
:10F8B0000030169B002B00F0C480079B089E069F1B
:10F8C0001C1819560B9B788A891B5B6811FB003149
:10F8D0000C98235604EB400514F910009B1BBC8ABE
:10F8E000801B13FB041304996C186956FD8A891B4D
:10F8F00010FB05303B8B11FB03010C98235604EBE6
:10F90000400514F910009B1B7C8B801B13FB041318
:10F9100004996C186956BD8B891B10FB0533F88B55
:10F9200011FB00300C9BE15614F91330891B3C8C01
:10F930009B1B11FB0401788CDAF8044013FB0013C5
:10F9400009990A98B1F902104068152900F3A180BD
:10F95000002940F3C1805B0053FB04030B4103F318
:10F9600007035BB288F80130109B022B69D00A981C
:10F970000232079E92B2876806980B9B848CC58CD6
:10F98000B018B256089E9B68921B0C9E099914FBF6
:10F990000232089C8357B1F904101B1BDAF808C027
:10F9A000152915FB032310F9165000EB46022646D5
:10F9B000A5EB0405049C02EB04001457A4EB060419
:10F9C000069E328D12FB0532738D089E13FB0423B5
:10F9D0000C9C055700EB440210F914400698A5EB67
:10F9E0000605A4EB0604808D10FB0530049B02EB9A
:10F9F0000305D256A2EB0602069EF38D13FB040309
:10FA0000308E10FB02300C9A089BAC5615F9122070
:10FA1000A4EB0304A2EB0302738E13FB0403B08E6A
:10FA200010FB023042DD8B1E0122013902FA03F382
:10FA300050FB0C330B413B4403F307035BB288F8E4
:10FA40000230179B98440EF10103079A15990FFA9B
:10FA500083FE149B0A449E450792FFF6EAAC189B6E
:10FA6000DC46199AC34601331BB29A4219463FF746
:10FA7000D3AC1FB0BDE8F08F8C1E0127013907FA07
:10FA800004F453FB06430B412B4403F307035BB21F
:10FA90000DE78D1E0126013906FA05F553FB0453C7
:10FAA0000B41034403F307035BB25BE700292BDD43
:10FAB000430053FB0C730B4103F307035BB2BEE738
:10FAC000C1F101018B4003F31F0353FB16F32B44D9
:10FAD00003F307035BB2EAE6C1F101018B4003F3D4
:10FAE0001F0353FB14F3034403F307035BB239E72B
:10FAF0001A462B9BDDF8D0A00B93139B0A93119B06
:10FB00000693129B099374E6C1F1010300FA03F313
:10FB100003F31F0353FB1CF33B4403F307035BB2E4
:10FB20008DE78E4244F8048F7FF437AC46E4A9F1A8
:10FB300003030D935AE45FEA990400F05081631EB9
:10FB40002A1D09EB890629469BB22895029609EBE6
:10FB5000490E02EB830CA0EB09064FEA490205EBC4
:10FB600009034FEA890B08970192119ACDE90649DA
:10FB70001546019C1D951D9FD1F800901A68C9EA91
:10FB80000245C2EA294207F10409CDF874902FFA20
:10FB900085F9C7F800902FFA95F51D9F3D60043751
:10FBA0001D971D9D2FFA82F7043545F8047C1D959D
:10FBB0002FFA92F21D9D2A60043554F801901D958C
:10FBC0001D9FE258C9EA0245C2EA294207F1040929
:10FBD000CDF874902FFA85F9C7F800902FFA95F5B3
:10FBE0001D9F3D6004371D971D9D2FFA82F7043538
:10FBF00045F8047C1D952FFA92F21D9D2A6004356C
:10FC00005EF803901D951D9F5BF80320C9EA02452D
:10FC1000C2EA294207F10409CDF874902FFA85F958
:10FC2000C7F800902FFA95F51D9F3D6004371D978A
:10FC30001D9D2FFA82F7043545F8047C1D952FFA97
:10FC400092F21D9D2A600435029A1D951D9F52F85F
:10FC500003907258C9EA0245C2EA294207F1040931
:10FC6000CDF874902FFA85F9C7F800902FFA95F522
:10FC70001D9F3D6004371D971D9D2FFA82F70435A7
:10FC800045F8047C1D952FFA92F21D9D2A600435DB
:10FC9000F2581D951D9DC2EA02272FFA87F72F8083
:10FCA0003F0CC2EA22626F802FFAA2F20431AA80CE
:10FCB000120C08358C4503F1040325F8022C7FF45F
:10FCC00059AF069C2A46DDF81C90A300289D089F8A
:10FCD0009CB219F0030C3FF445AB2B57611CBCF1EF
:10FCE000010F138005EB04038EB213F90910518044
:10FCF00003EB490113F91930938011F90930D380CE
:10FD000001EB490311F91910118113F909105181FF
:10FD100003EB490113F91930938111F90930D381AB
:10FD200011F91930138247D0AB57BCF1020F53823F
:10FD300005EB060313F90910918203EB490113F94E
:10FD40001930D38211F90930138301EB490311F9FA
:10FD50001910518313F90910918303EB490113F929
:10FD60001930D38311F90930138411F919305384F0
:10FD700022D0A31C9BB2E9562B44918413F909109D
:10FD8000D18403EB490113F91930138511F90930B6
:10FD9000538501EB490311F91910918513F90910E5
:10FDA000D18503EB490113F91930138611F9093094
:10FDB000538611F919309386119A00EB09034946CD
:10FDC0002E9802EB4303349A1C46129301F05EFF17
:10FDD0006FF0150303FB09431393FFF7D7BA4FEAFC
:10FDE0004903019375E700BF2DE9F04FD9B09B4659
:10FDF0001992BDF89421BDF88C312A92BDF89C214E
:10FE0000299320929DF9A821709B0292BDF8B821F8
:10FE1000BDF890712392BDF8BC21BDF89891BDF852
:10FE2000A0A19DF9AC811A9028913092002B00F08E
:10FE3000CA83299B5946729A07FB03F66C9802EB1A
:10FE4000CB050BFB06F3169503EB8B044FEA8B03F4
:10FE5000D3181E9302EB44031D9301F017FF0BEB25
:10FE60000403729A02EB43031493BBF1000F19D001
:10FE70001D984FF0010E1E9B4546014600EB4B04BA
:10FE80001A1F31F9023B581E0EFA03FC05FA03F360
:10FE900080B203EB5C03142800F28F838C4242F89B
:10FEA000043FEED1289B38AA309D4EA93A9344A82E
:10FEB000199B029C3993239B64423D953E93299B59
:10FEC000C4EA0444CDE94173209B2594CDE9503A1E
:10FED0002A9BCDE9523940AB00933CAB02F052F97A
:10FEE000002D00F0F481299DC6F34F014FEA9B04D9
:10FEF000C9F1000215FB07F30D911FFA82F8621E8B
:10FF000098B203F0010392B200260E934B1E411EDD
:10FF100021909BB2699889B2249420300131490024
:10FF20001891591C1B012693531C00EB02120F92CF
:10FF300001FB0BF20901520011914146B8461292A1
:10FF400037460BFB05F235465E4631920BF0030255
:10FF50001C924FEA4B02CB46D1463292729ADDF8A0
:10FF600008A002EB03122F921D9A02EBC3022E92FD
:10FF70009A002792A2002D921E9A02EB03122C9255
:10FF8000699A02EB03132B9344A8029102F054F9EF
:10FF9000239B0299002B00F09081A8EB0B03002219
:10FFA000DDF8C8C009FB0533319D1B9215932A9BD0
:10FFB000CDF8DC905B429BB2CDE9337117933746A5
:10FFC0000BB2CDE9358B2293449B002B00F0FF81CF
:10FFD000013B44934FF00103ADF83631159B229954
:10FFE0008B4245DD299B209902FB01322A9BBDF9FA
:10FFF0005C10A2EB030888453ADD229A0495DDF8EF
:020000040801F1
:1000000050B091469646289DCDF814C04FEADE7652
:10001000199BCDF80C900C464B45D8BF46F0010615
:100020008C468946CDF808E04FEAD47E3A465946D8
:1000300050466545D8BF4EF0010EBEF1000F02D10B
:10004000002E00F0BB8102F0B1FF0134BB4424B2AA
:100050004445A446E8DBDDF808E04946159B0EF16F
:10006000010E0FFA8EFE9E45F146CFDBDDE9045C02
:10007000249B002B00F0E581729A699B02F1100825
:100080001E9A03F110091D9B02F1100B6D9A0833A3
:1000900026990432CDF84CA020319A460492149A45
:1000A00010910592169A1F959646259A0C970792DD
:1000B000CDF818C00D9B059A59E9046559E902402D
:1000C000002B48D010990EF11003CDF820E00EEB74
:1000D000010C069F0799DDF830E0CDF82CA0CDE9A2
:1000E00009B8CB46CDE90240D2F800A052F80E8004
:1000F0003A44CAEA084953F8100CC8EA2A4821FAD7
:1001000089FA20FB0A6621FA99F953F80C0C20FBB6
:10011000095553F8080C029C21FA88F920FB094084
:10012000029021FA98F853F8040C039C20FB084035
:10013000103303909C45D7D1119BD946DDF820E0C0
:10014000129A9E44059B029CDDF824B09A180791F0
:100150000697DDE90A8A0E9BEBB113680EF1080ED3
:10016000139F5AB23EF8081C3EF806CCD21B11FB76
:10017000026643F307223EF8041CD21B1CFB025507
:1001800043F30742C7EB2363D21B11FB02443EF843
:10019000022C12FB03003AF9082C58F810CC152A4F
:1001A0005BF8101C40F3C080931E0127013A07FA48
:1001B00003F356FB0C3313410B4403F307035BB209
:1001C000049A02F8043C3AF9066C152E40F39E801E
:1001D000B21E0123013E03FA02F258F80C3C55FB13
:1001E00003255BF80C3C35412B4403F307035BB25A
:1001F000049A02F8033C3AF9045C152D78DDAA1E36
:100200000123013D03FA02F258F8083C54FB032491
:100210005BF8083C2C41234403F307035BB2049AC8
:1002200002F8023C3AF9024C152C53DDA21E0123C0
:10023000013C03FA02F258F8043C50FB03205BF83F
:10024000043C2041034403F307035BB2049A09F121
:1002500010090AF1080A08F1100802F8013C131D00
:100260000BF1100B0493059B043305930F9B4B4537
:100270007FF420AF6D9B7446279A1F9D1344DDF8D1
:1002800018C00C9F6D931C9BDDF84CA0002B40F018
:100290001081179B20991B9A0B4401329BB212B21A
:1002A0001793239B1B9293423FF78EAE3E463499A1
:1002B000339FDDF8DC90DDE9358B09EB01037A1C17
:1002C00099B2309B17B2BB423D463FF75DAE59B085
:1002D000BDE8F08F002C31DD58F8043C40005BF89D
:1002E000042C50FB0320204100F307035BB2ADE771
:1002F000002D34DD58F8083C64005BF8082C54FBF2
:1003000003242C4104F307035BB288E7002E37DD9A
:1003100058F80C3C6D005BF80C2C55FB032535415F
:1003200005F307035BB263E7002A3ADD730053FB72
:100330000C13134103F307035BB241E7C4F101045B
:1003400000FA04F202F31F0258F8043C52FB13F2C5
:100350005BF8043C134403F307035BB276E7C5F193
:10036000010504FA05F202F31F0258F8083C52FB9B
:1003700013F25BF8083C134403F307035BB24EE748
:10038000C6F1010605FA06F202F31F0258F80C3C0A
:1003900052FB13F25BF80C3C134403F307035BB20C
:1003A00026E7C2F1010306FA03F303F31F0353FB2D
:1003B0001CF30B4403F307035BB201E7039B03FB4E
:1003C00005C01A9B07FB003002F048FD3DE6459B47
:1003D0003BB94FF00103ADF83631469B013B4693E4
:1003E000FCE5013B4593BDF83431012BADF83631C6
:1003F0003FF4F4AD159B229ABDF95C8093427FF7E0
:1004000037AE149C1646CDF80CA01046A24699466D
:10041000DDF868B0289CCDF808C0013600FB0480E8
:1004200051462A4636B207FB00B002F017FDAA4437
:100430004E453046F1DB249BDDE902CA002B7FF4F8
:100440001BAE1C9B002B3FF424AF012F40F0C48057
:100450006D9B699A03F1FF381D9B1168A3F1020E91
:10046000729B219A1C1F1E9B043B6AB11898169A16
:100470001618149832F802BB10F9019B9642A9EBAA
:100480000A0919FB0B11F5D1BEF902206068152A83
:100490005E6879DD931E0124013A04FA03F351FBEF
:1004A00000331341334403F307035BB288F8013090
:1004B00058E0DDE92B83DDE92D012F9AA3F1040B30
:1004C0001C9B043AA1F10209034421469BB202930A
:1004D0006D9B013BCDE9045C15469C46431C149A78
:1004E000141898B2219B58F8042B002B63D0189B4A
:1004F000CE1894F900303C4431F802EBA3EB0A0328
:10050000B1421EFB0322F4D139F9023F55F804EF42
:10051000152B5BF8044F14DD991E013B0393012357
:1005200003FA01F1039B52FB0E121A41131903F354
:1005300007035BB20CF8013F029B984210D0314692
:10054000CCE7002B13DD520052FB0E4242FA03F3BC
:1005500003F307035BB20CF8013F029B9842EED114
:10056000DDE9045C6D9B1C9A13446D9391E6C3F125
:10057000010302FA03F303F31F0353FB1EF32344A7
:1005800003F307035BB2D5E7002A07DD4B0053FBFB
:100590000063134103F307035BB287E7C2F1010372
:1005A00001FA03F303F31F0353FB10F3334403F384
:1005B00007035BB27AE70E46A6E78C4242F8045F77
:1005C0007FF45FAC6EE4729B5946299A00933B46D8
:1005D0006298FEF7EFFD2CE4169ADDF8A48114462C
:1005E0001E9B24981D99729A68E700BF2DE9F04F71
:1005F0002DED028B9DB016460C46B0EE408ABDF83C
:10060000AC50F0EE608A16921A46109503469DF99A
:10061000B450022ABDF8A010A14614959DF8C05010
:10062000BDF8A4B01195BDF8C8509DF9B870DDF8BB
:10063000C4801995129640F08D80022940F08A807E
:10064000002E00F0BB81621E4FEA9B0900210BF0D7
:100650000306520829F0010E884609F1FF3A0BFB08
:1006600002F24FEA8E0E4FEA89059C46189204FB6F
:100670000BF2520017924FEA5902D2000E9209F083
:1006800001020F920A461946CDE91A37F4B3CDF8A4
:1006900054800B46A04600274C46D146CDE91212A5
:1006A0008CB1B9F1060F04D9DA436244062A00F28C
:1006B00042815919624653F8040B994242F8040BDF
:1006C000F9D10B46AC448EB193F90020012E8CF881
:1006D000002009D093F90120032E8CF8012003D1CA
:1006E00093F902208CF802203344B44402375B446F
:1006F0004745D5DBCA46A1464446DDF854801898E4
:1007000008EB0B03DDE9121200EB0308179B023222
:100710001944169B9A42B9DB4146DDF8C480DDE9F5
:100720001A370A46169E9D1A18460D9306FB04F1C9
:1007300001340BFB01554FEA6409C4F34F04294609
:1007400002F08CFB721C53101293C2F34F031693EA
:100750000D9B00E01D46129A09FB02F1109A02FB64
:1007600001820D91934204D20BFB01339845C0F0F6
:10077000B38001230E93109BF0EE680A339AB0EE1B
:10078000480A9A461946A2EB4306349A2F98164413
:10079000334601F07BFA349A3499534602EB8A02CD
:1007A00001EBCA014FEA4A0E13920F91002B00F0A1
:1007B00007810123B6443146101F9A46179331F939
:1007C000023B5A1E0AFA03FC07FA03F392B203EB48
:1007D0005C03142A5BD88E4540F8043FEFD1199B87
:1007E000012B5FD0119B0027DB0772D5129B0D9A5E
:1007F0004B44023302EB430315930E9B002B41D075
:10080000109B052C09FB0BFA03FB09F3129340F034
:10081000AE80169B192B40F0AA80109B402B63D111
:10082000BBF1400F60D1119B0024149A032B08BF29
:1008300012F1800F03D1179B002B40F0C4804FF0C2
:10084000400B0F9B2846129A01340A935544139B80
:100850002A99CDF810B00B97CDE90893119B079317
:10086000149BCDE905B3159B03930D9BCDE9016363
:10087000349B0093434690442C9A03F051FC0E9B0A
:10088000A342DED11DB0BDEC028BBDE8F08F00238A
:100890008E4540F8047F179391D100231793199B3D
:1008A000012B9FD1109A6FF00903339903FB0213B8
:1008B0000BFB02F2B3EB420F94DB0F9F5B46199ADE
:1008C00010992A98CDE900B702F086FE119BDB074C
:1008D0008CD40D9B159390E7169BCDF834900E9316
:1008E00001231693129346E700240F9B2846129A81
:1008F00001340A935544139B2A990B97CDE9089329
:10090000119B0793149BCDE905B3109B0493159B92
:1009100003930D9BCDE90163349B009343469044C0
:100920002C9A03F0FDFB0E9BA342DED11DB0BDEC63
:10093000028BBDE8F08F0E981A4661460D9303EBCB
:10094000000A1068083252F8043C0831524541F858
:10095000080C41F8043CF4D10F9A0D9B1AB153F8DE
:100960000E204CF80E205919AC440B46ABE600247F
:100970000F9B2846129A01340A935544139B2A99D7
:100980000B97CDE90893119B0793149BCDE905B311
:10099000109B0493159B03930D9BCDE90163349B3E
:1009A0000093434690442C9A03F0BAFB0E9BA3425B
:1009B000DED11DB0BDEC028BBDE8F08F3246B1E652
:1009C000012317930BE74FF005094FF0030B0F9B23
:1009D0002846129A01340A935544139B2A990B977F
:1009E000CDF81CB0CDE908936FF07F030693159BFB
:1009F00003930D9BCDE90163349B00934023CDE924
:100A00000433434690442C9A03F03AFF0E9BA342D2
:100A1000DDD137E72DE9F04FE9B00F469846814622
:100A2000BDF80412BDF800323391119303FB01F3BA
:100A3000BDF8D011BDF8CC013191BDF8D4117F9D26
:100A40003291BDF8D81123931391BDF8DC1100FB4E
:100A500003539DF9ECA13D919945BDF8E011109229
:100A60002D91BDF8E41121903A919DF9F0110C916E
:100A70009DF8F8112691BDF808120D9180F0A7821B
:100A80001346014607FB03F308FB03939D422CBF6B
:100A9000002301230A93839B4FEA410B849AA3EB23
:100AA00041037D98D618269B023B012B0A9B98BFD9
:100AB00000230A93334601F0E9F8269BDB0706D5AD
:100AC000119B339A0233023202FB03F323937A9B86
:100AD0004046219C0193849B22467299CDE902A352
:100AE000329B0093319B01F0E3FC0BEB04038499F0
:100AF00001EB8301DDE931031C9110FB03F313FBD0
:100B000008F39BB22093C4EB447301EBC303289317
:100B100003EB84032993FCB1181F32464FF0010CFC
:100B200006EB0B0E0A9C0B9032F9023B0C98591EF7
:100B30000CFA03F600FA03F389B203EB5603142907
:100B40000B9988BF0346724541F8043F0B91EBD1E6
:100B50000A94DDE983239E18A6EB0B03329C319E99
:100B600048AA279354A8109B04FB06FB5EA9529643
:100B70004993119B4A974E93339B51944D93139BEA
:100B800060933D9B61932D9B62933A9B639350AB23
:100B900000934CAB01F0F6FA08FB06F208FB0BF3EE
:100BA0002198199200FB03F602FB04F31C9AB6F598
:100BB000206F02EB8303A8BF4FF420662293269B8D
:100BC00003F00202C3F3400325930D9B3F92012BD8
:100BD00000F00784002302463E93209BB6FBF3F30C
:100BE0009BB29342194628BF1146B2FBF1F301FBB9
:100BF00013229BB2249192B2002A00F0E2810A9A59
:100C0000012A00F0E88108FB0BF21C99C3463597D6
:100C100001EB82022D99CDF8D8A01A923A9A02FBE4
:100C200007F25242521A08FB0292DDF88490409279
:100C30003D9A02FB08F207FB02F23792269AA2F1D4
:100C40000302B2FA82F252092B9208F003020F92C9
:100C5000199A52001D924FEA480234924A42389241
:100C6000139A02FB08F21B9207FB08F2CDE93B390D
:100C70000E923E9B4BB90F9B002B40F09B81249B17
:100C8000209A2299729801F0C1F9269B032B00F05B
:100C900089811F95339B002B00F0B380329A3A9BD9
:100CA000409CD71A5B4211991493002301392A976B
:100CB0001C9A274699463D9C39917F9554A80A92E3
:100CC00001F0BAFA119B0A9A002B73D02A99149852
:100CD0001D9D0B1A309405FB03F32D9D1E93319B34
:100CE0005D1B329B03442C93389BCDE92E97CDE9B5
:100CF0000B3700230F460D93549B002B00F0CE8042
:100D0000013B54934FF00103ADF87631149B2C99BD
:100D10008B4239DA19460B9B349CEB1A12970C98CC
:100D2000A04604FB03F3DDE9356715930B9CAC4249
:100D300023DA109B8146924618908B428CBF002389
:100D400001230A930F9BCDE91621002B00F08F8021
:100D5000B44251465A46384603D20A9B002B00F053
:100D6000958001F087FB0134C244D944AC42EFD1F5
:100D7000159B1898DDE916211A440E9B0131184481
:100D8000129B9942D2D11F461A9B934200F0BD801C
:100D90000C991B980D9B0144139801330C91054449
:100DA0000B990D9301440B9111999942A4D1309C58
:100DB000DDE92E972A9B09F1010923442A93149B0C
:100DC00023441493379B1F44339B4B457FF476AFEA
:100DD0001C997F9D914214D01F9B289A0793259BB5
:100DE00022980693299B0593849B0493279B039346
:100DF000209B0293249B0193239B0093219B02F051
:100E00004BF9249A3C9B9B1A99B213468A423C9117
:100E100028BF0B46002B00F0C3807299209800FB7E
:100E200002117291289901EB82012891279901EB17
:100E300042012791849901EB82018491299901EB68
:100E4000820129913F99002900F0B18023992493D0
:100E500001FB02553B9B013B9BB21A463B934FF66D
:100E6000FF739A427FF405AF69B0BDE8F08FB442DA
:100E70005A465146384601D20A9B5BB101F0FAFA54
:100E80000134C244D944AC42F1D171E7484600F084
:100E90002DFF68E7484600F08BFFF1E7559B3BB913
:100EA0004FF00103ADF87631569B013B56932DE789
:100EB000013B5593BDF87431012BADF876313FF409
:100EC00025AF0F9B149C002B44D1BC42BFF65CAFF6
:100ED000DDF830A0914612955646DDF87480DDF8B5
:100EE00038A0199D0A920134494630462A4600F03E
:100EF0005FFFBC42C1445644F5D10A9A1E9B129D25
:100F00001A441A9B93427FF443AF1F9B0D9A089398
:100F1000259B1C990793299B22980693849B0593F4
:100F2000279B0493209B0393249B0293239B009372
:100F30002B9B002A14BF002303F00103289A5B00B7
:100F40000193219B02F04EFF269B1F90032B1ED086
:100F50001C9A1DE7BC42BFF617AFDDF830A09146E2
:100F600012955646DDF87480DDF838A0199D0A9276
:100F70000134494630462A4600F0B8FEBC42C1441E
:100F80005644F5D10A9A1E9B129D1A44B9E7399B23
:100F90000D9A9342DCD103461C9A02331F93F7E665
:100FA000249357E7119B0333EB181F9372E6154404
:100FB00024934FE7249B209A2299729800F03CFFDB
:100FC00063E60A9A012A08D0013B9BB21BE6002384
:100FD00001460A935FE501339BB2339A002A3FF43E
:100FE00043AF08FB0BF21C993A9808F0030601EB9B
:100FF00082022D990E961B9207FB00F2199E524217
:101000007600521A1D9600214FEA480608FB02940A
:101010005A1E3996389494B2419143943D9C04FBF6
:1010200008F207FB02F44294119CE21C04F102094D
:1010300005EB020B329ACDF814919946121A4042F0
:10104000CDF800B137922D9A159052423F92219AD5
:1010500004FB02F24492139A08FB02F2CDE93A7AB9
:101060001A92C24607FB08F20F92419B54A8013323
:10107000419301F0E1F8269B409C032B18BF2C46BE
:101080003E9B4BB90E9B002B40F0A481249B209AE1
:101090002299729800F0BAFFB9F1000F00F0768142
:1010A000159A379B1D999B1ADDF80CB1CDF8189154
:1010B000A14601FB03F35F4647951E93329B134401
:1010C000249A2A92729A36933C92299A219B2B92C7
:1010D000289A1C462E92279A2C92849A2F92589BDB
:1010E000599A55935692579B119A5493002A00F09F
:1010F0001981319A2D993097551A3F9A0021379FBF
:101100000B92389ACDF87C900C920D911C9ACDE9F7
:101110003494002B56D0013B54934FF00103ADF8AB
:101120007631369B15998B4236DD0B9B399CEB1A39
:1011300012970C98A04604FB03F3DDE93A67149379
:101140000B9CA54221DD109B814693461891994244
:1011500034BF002301230A930E9BCDE91620002BF8
:101160003AD0B44259465246384602D20A9B002B26
:1011700045D001F07FF90134C344D144A542F0D1F8
:10118000149B1899DDE916201A440F9B013118446D
:10119000129B8B42D4D11F461B9B93425CD00C996F
:1011A0001A980D9B0144139801330C9105440B9937
:1011B0000D9301440B911199994200F09880549B32
:1011C000002BA8D1559BF3B94FF00103ADF8763150
:1011D000569B013B5693A4E7B442524659463846C3
:1011E00001D20A9B3BB101F045F90134C344D1441B
:1011F000A542F1D1C4E7484600F0DAFDF5E74846DC
:1012000000F074FDB7E7013B5593BDF87431012B35
:10121000ADF8763185D00E9B159C002B47D1A742A7
:10122000BADD26460A95DDF830B091461D9D199C21
:10123000DDF83C801292013649465846224600F0BD
:10124000B7FDB742A944C344F5D11E9B129A0A9D2B
:101250001A441B9B9342A2D11F9B1A9A0893259B69
:101260000D9C07932B9B01341C9906932F9B22986E
:1012700005932C9B0D940493209B03932A9B02932C
:1012800000230193239B00930C9B1344139A0C930C
:1012900015440B9B13442E9A0B93219B02F0A2FD45
:1012A000119B1F90A34200F091801C9A87E7A742F0
:1012B0007FF772AFDDF830B091460A95CDF848A0BF
:1012C000DA46199E93461D9DDDF83C80013449465F
:1012D0005046324600F00AFDA742A944C244F5D167
:1012E0005A461E9B0A9DDDF848A01A4454E71C99F3
:1012F000309F8A42DDE9349414D01F9B2E9A0793C5
:10130000259B229806932B9B05932F9B04932C9B44
:101310000393209B02932A9B0193239B0093219B81
:1013200001F0BAFE2A9AA31A154691449CB2A24231
:1013300028BF2546ADB2002D41D03C991346209AD6
:1013400002FB031318463C930E9B002B39D12B460E
:10135000229900F05BFE2A9B2E9A02EB83022E92CA
:101360002C9A02EB43022C922F9A02EB83022F92CB
:101370002B9A02EB8303CDE92A537B1E9FB24FF6D3
:10138000FF739F427FF4ABAEDDE946953D9A379BF4
:1013900013443793159B1344429A1593389B134477
:1013A000459A3893409B1344419A4093449B1D4473
:1013B000339B93427FF459AE69B0BDE8F08F2A9514
:1013C000DBE72B46229900F037FDC4E7309FDDE9CB
:1013D0003494A7E7249B209A2299729800F02CFD60
:1013E0005AE6209A02FB00F3B3423FF7F3AB18F042
:1013F000030F09D103462299729800F007FE0123DA
:10140000219A3E93FFF7E9BB03462299729800F0B8
:1014100013FDF4E700B500EB020EBDF904C0704502
:101420002AD207EE90CAF6EE005A01380A44F8EEC6
:10143000E76A9FED176A10F901CFACEB030C07EEDA
:1014400090CAB8EEE77AF0EE667AE7EE007AF5EE4B
:10145000C07A37EEA57A77EEC67AF1EE10FABDEED5
:10146000C77AFDEEE77A09DD17EE10CA0CF3070C18
:1014700001F801CB9142DED15DF804FB17EE90CA72
:101480000CF3070C01F801CB9142D4D15DF804FBB9
:10149000FCFFFF3E9DF800C0B6EE007A07EE903AE2
:1014A000831806EE90CAF8EE677A9842F8EE666AFC
:1014B00076EE876AE7EEC06A15D201380A4410F862
:1014C000013FF0EE667A07EE103AB8EEC77AE7EE23
:1014D000007AFDEEE77A17EE903A83F3080301F8FD
:1014E000013B9142EBD1704707EE903A9DF90030F5
:1014F00006EE903A8318F8EE677AF8EEE66A9842BC
:10150000E7EEC06A2DD2F6EE005A01380A449FED8C
:10151000156A10F8013FF0EE667A07EE103AB8EE61
:10152000C77AE7EE007AF5EEC07A37EEA57A77EE65
:10153000C67AF1EE10FABDEEC77AFDEEE77A08DD65
:1015400017EE103A03F3070301F8013B9142E0D193
:10155000704717EE903A03F3070301F8013B9142FD
:10156000D7D17047FCFFFF3E70B59510002D31DDDF
:10157000AE000C4600EB85054FF0801E50F8043B92
:101580004FEA332C3FFA8CFCDCFA0EFC3FFA83F373
:10159000D3FA0EF34FEA0C2C03F0FF1385420CF044
:1015A000FF2C43EA0C0344F8043BE7D1314412F02A
:1015B00003020ED02B78012AA3F180030B7008D010
:1015C0006B78022AA3F180034B7002D0AB78803B8A
:1015D0008B7070BD0546EAE79DF800C0B6EE007A54
:1015E00007EE903A831806EE90CAF8EEE77A984232
:1015F000F8EE666A76EE876AE7EEC06A15D20138C1
:101600000A4410F9013FF0EE667A07EE103AB8EEA0
:10161000C77AE7EE007AFDEEE77A17EE903A83F3A9
:10162000080301F8013B9142EBD1704770B595106A
:10163000002D2DDDAE000C4600EB85054FF0801E21
:1016400050F8043B4FEA332C2FFA8CFC9CFA0EFC2A
:101650002FFA83F393FA0EF303F0FF13854243EA64
:101660000C2344F8043BEBD1314412F003020ED0BA
:101670002B78012AA3F180030B7008D06B78022A23
:10168000A3F180034B7002D0AB78803B8B7070BDB0
:101690000546EAE72DE9F84F1C4692F900904FF015
:1016A00000050A9B69F30705002B69F30F251EDD72
:1016B0000C9B884600279E1C0D9B06FB04FA4FEAF4
:1016C000430B002C09DD0C9B002108EB03000131CA
:1016D000058030448C42FAD1D04441465A464846AF
:1016E000013701F063FC0A9BD844BB42E9D1BDE855
:1016F000F88F00BF2DE9F04F9A4685B092F900B0FF
:101700004FF00005109BBAF1060F6BF307050E9F13
:1017100000930C466BF30F25119B00F08280BAF109
:10172000030F54D0002B07DB5A1C0846594601937F
:10173000144403F04BFF019B012F07F1FF3C0AF11A
:10174000FF362ADD5A1C4FF0000803934FEA420986
:10175000009A971C07FB06F2CDE901B2C346E046AA
:10176000009BBAF1010F04EB030109DD8C46002058
:101770000130ACF80050BC448642F9D1029B1944B8
:101780000BF1010B4A46019801EB090401F00EFC34
:10179000C345E5D1DDF804B0039B009ABAF1010F0F
:1017A00004EB02000ADD02F10209044600220132C4
:1017B00025804C449642FAD106FB0900002B2DDB14
:1017C0005A1C594605B0BDE8F04F03F0FFBE5FFA62
:1017D0008BF3002F4FEA0B2243EA0B6392B243EAEA
:1017E00002034FEA0B4202F47F0242EA03029BB279
:1017F00014DD07EB870707EB8707C8192260193448
:1018000024F8153C24F8105C24F80B3C04F806BCC2
:1018100044F8052C04F801BCA042EFD105B0BDE8A6
:10182000F08F5FFA8BF3002F4FEA0B2243EA0B6332
:1018300092B243EA02034FEA0B4202F47F0243EA08
:101840000203EBDD0F340022013244F80F3C44F870
:101850000B3C4034974204F847BC24F8405C24F821
:10186000385C24F8305C24F8285C24F8205C04F808
:1018700018BC44F8173C44F8133CE5D105B0BDE86A
:10188000F08F00BF2DE9F04F85B016468146082B3A
:101890000E9A0C460192DDE91120DDE90F5ADDE9CF
:1018A000137802904FD0002A0FDD00974FF0000B05
:1018B0002F461546BB4421463A46304601F0CEFA43
:1018C0005D453C44F6DC3D46009F019B002B29DD35
:1018D00000230093002F0ADD4FF0000BAB4421469C
:1018E0002A46304601F0BAFA5F452C44F6DC214620
:1018F00048465246544401F0B1FAB8F1000FD144C1
:101900000ADD4FF0000BAB4421462A46304601F079
:10191000A5FAD8452C44F6DC009B019A01339A4283
:101920000093D7D1029B002B0ADD002798462F4455
:1019300021462A46304601F091FAB8452C44F6DC9F
:1019400005B0BDE8F08F96F900608B183046009323
:1019500001F02CFB019B002B009B27DD08EB0A020A
:101960004FF0000B1C4603934346D519D84607EBAE
:101970000A029B460092214630463A4608F1010889
:1019800001F014FBE1194846524601F067FA009B4A
:101990005A463046E118D14401F008FB019B2C4423
:1019A0004345E8D11A46039B05FB0233029A1946C8
:1019B000304605B0BDE8F04F01F0F8BA2DE9F04F20
:1019C00087B09B46149BBDF94080CE18131EDDF8EE
:1019D00054900193DDE9124A3DDD04FB08F307460C
:1019E0003546CDF814B002930023CDE9036100938E
:1019F000B9F1000F09DD0026264429462246384663
:101A000001F02CFAB1452544F6DC119B38462946F5
:101A10001A461F441D4401F021FAB8F1000FA7EB4C
:101A2000040A0CDDAB4600260136594622465046D4
:101A300001F014FAB045A344F6D1029B1D44009B6B
:101A4000019A01339A420093D2D1DDF814B0DDF847
:101A50004CA0DDE90361B1420AD00C460D46214697
:101A600054445246304601F0F9F9A642F7D12946CE
:101A7000019B5B44013B0AFB0315169BEC18A54236
:101A800009D0CAF10006214634445246284601F0E6
:101A9000E5F9A542F7D107B0BDE8F08F2DE9F04F89
:101AA0008FB00D46002B229F02900F44BDF9841089
:101AB0001898DDF86880DDF87890BDF97CE0BDF914
:101AC00080C0DDF88CA00B910793DDE91C4661DD39
:101AD0001B998644249B02FB0EF20B4404FB00F18D
:101AE00006925344099102990A9307EB0A03C9F13C
:101AF000000A0C950193831E1D9604FB0313CDF879
:101B000034C0049308FB0C2309FB0353039309FB24
:101B100008F3089300230593019BBB420AD01D469E
:101B2000029E5544264422462946304601F096F945
:101B3000BD42F6D1029B1B9A1846019913440293A9
:101B400001F08CF9069B43450DDA1D46DDE903B62D
:101B5000013559463046224601F080F9A845CB446C
:101B6000A6EB0406F4D10A9A01991744059B114487
:101B7000049A01330191099905930A440899049242
:101B8000039A0A440392079A9A42C5D10C9D1D9E5E
:101B9000DDF834C00CFB06F405EB4404A5420BD081
:101BA000C6F100082F4639462046374444443246A1
:101BB00001F054F9A742F6D1199B0B9C013B06FB9F
:101BC00004F406FB0355A5EB4404A54209D0774273
:101BD000294620463D443444324601F03FF9A542AF
:101BE000F6D10FB0BDE8F08FF7EE007A024608B5E7
:101BF000B4EE670A00230380F1EE10FA24D5B5EEA7
:101C0000C00AF1EE10FA1FDDF6EE007A012305E0BE
:101C100013808BB230EE000A212B2BD0B4EEE70AF2
:101C2000591CF1EE10FAF3D4DFED177A60EE277A43
:101C300017EE900AEEF7BCFBB1EBE07F03D06FF03C
:101C4000004080EAE17008BDF7EE007A4FF6FF73BE
:101C5000B6EE007A4FF6E07005E013808BB220EE0E
:101C6000070A83420AD0B4EEE70A591EF1EE10FAD1
:101C7000F3DCD9E700231846138008BD4FF6E27362
:101C800030EE000A1380CFE70000004F61B380EE12
:101C9000207A00EB810170B59D1E141F0026F0EC28
:101CA000017A67EE277A17EE90EACEF3C752CEF3A9
:101CB000160CBEF1000F0CF5000CC2F17E02B8BF8D
:101CC000CCF1000C1F2A4FEACC1306DC814225F828
:101CD000022F44F8043FE2D170BD814225F8026F23
:101CE00044F8046FDBD170BD704700BF70B5B2F12E
:101CF00010044FF0000E38D4D0F800C043682FFA1B
:101D00009CF52FFA8CFCC5EA2C46CCEA054C2FFA40
:101D100093F510304E60C1F800C02FFA83F3C5EA86
:101D20002346C3EA0543CE608B6050F808CC50F8D8
:101D3000043C2FFA9CF52FFA8CFCC5EA2C46CCEA21
:101D4000054C2FFA93F50EF1100EC1F810C04E613C
:101D50002031A6452FFA83F3C5EA234CC3EA054395
:101D600041F804CC41F8083CC6DD161F764512DB6D
:101D700050F8043B2FFA93F40EF1040E08312FFAB9
:101D800083F3B645C4EA2345C3EA044341F8045C3F
:101D900041F8083CECDD724509DDA2EB0E0201EBD7
:101DA000420210F9013B21F8023B9142F9D170BD8A
:101DB00070B5B2F110054FF0000E28D4D0F800C075
:101DC00043682FFA9CF62FFA8CFC2FFA93F410300C
:101DD0000E60C1F804C08C602FFA83F3CB6050F81A
:101DE00008CC50F8043C2FFA9CF62FFA8CFC2FFA02
:101DF00093F40EF1100E0E61C1F814C02031AE45FF
:101E000041F8084C2FFA83F341F8043CD6DD141F47
:101E100074450FDBAEEB000E50F8043B2FFA93F243
:101E200000EB0E0C0A60083164452FFA83F341F889
:101E3000043CF1DA70BD00BF2DE9F0475F0816469B
:101E4000984600EB020C00F0B980A2F11005141FB7
:101E5000002D4FF0000273DBD0F800E0DCF800301A
:101E60002FFA9EF92FFA8EFEC9EA2E4ACEEA094EC3
:101E70002FFA93F9C1F800E0C1F808A02FFA83F314
:101E8000C9EA234EC3EA0943C1F80CE04B60D0F81D
:101E900004E0DCF804302FFA9EF92FFA8EFEC9EA2E
:101EA0002E4ACEEA094E2FFA93F9C1F810E0C1F894
:101EB00018A02FFA83F3C9EA234EC3EA0943C1F8F5
:101EC0001CE04B61D0F808E0DCF808302FFA9EF9EE
:101ED0002FFA8EFEC9EA2E4ACEEA094E2FFA93F95E
:101EE00010300CF1100CC1F820E0C1F828A02FFA36
:101EF00083F3C9EA234EC3EA0943C1F82CE04B62DD
:101F000050F804EC5CF8043C2FFA9EFA2FFA8EFE8F
:101F1000CAEA2E49CEEA0A4E2FFA93FA1032C1F8D5
:101F200030E0C1F838904031AA422FFA83F3CAEA70
:101F3000234EC3EA0A4341F804EC41F80C3C8BDD24
:101F400094421EDB50F8043B5CF804EB2FFA93FA42
:101F50002FFA83F3CAEA2349C3EA0A432FFA9EFA07
:101F600004320B60C1F808901031A2422FFA8EFEA5
:101F7000CAEA2E43CEEA0A4E41F8043C41F80CEC82
:101F8000E0DD964240DDB21A0B1DE64600EB020A88
:101F900010F9019B043323F8089C50451EF9019B5E
:101FA00023F8069CF4D1944401EB8201013F0AEB33
:101FB0000600B444BFB2002F7FF44AAF18F0010FFF
:101FC00020D0371F4FF0000211D450F8043B2FFAF5
:101FD00093F4043208312FFA83F39742C4EA23457D
:101FE000C3EA044341F8045C41F8083CEDDA964248
:101FF00008DDB31A01EB430310F9012B21F8022B82
:102000008B42F9D1BDE8F0878246CFE72DE9F04752
:102010005F081646984600EB020C00F08F80A2F194
:102020001005141F002D4FF0000E4EDB0268DCF887
:1020300000302FFA92FA2FFA82F22FFA93F9C1F8B0
:1020400000A0C1F804908A602FFA83F3CB60426845
:10205000DCF804302FFA92FA2FFA82F22FFA93F971
:10206000C1F810A0C1F814908A612FFA83F3CB61F4
:102070008268DCF808302FFA92FA2FFA82F22FFAEF
:1020800093F910300CF1100CC1F820A0C1F8249085
:102090008A622FFA83F3CB6250F8042C5CF8043C7C
:1020A0002FFA92FA2FFA82F22FFA93F90EF1100E0C
:1020B000C1F830A0C1F834904031AE4541F8082C49
:1020C0002FFA83F341F8043CB0DD744518DB50F877
:1020D000042B5CF8043B2FFA92FA2FFA82F22FFAC3
:1020E00093F90EF1040EC1F800A0C1F8049010316C
:1020F000A64541F8082C2FFA83F341F8043CE6DDAD
:1021000076453CDDA6EB0E0E0B1D624600EB0E0A7B
:1021100010F9019B043323F8089C504512F9019BE8
:1021200023F8069CF4D1F44401EB8E01013F0AEB45
:102130000600B444BFB2002F7FF474AF18F0010F53
:102140001BD0351F4FF000020CD450F8043B2FFA7F
:1021500093F404320C60083195422FFA83F341F86E
:10216000043CF2DA964208DDB31A01EB430310F99E
:10217000012B21F8022B8B42F9D1BDE8F087824672
:10218000D4E700BF2DE9F0430027079CC0E90077A2
:102190008760B9460E69C6F1000C9E68BE421CDD20
:1021A0003E46BE4610E09568A5EB0C08A568A8451C
:1021B00010DA09F10109C0F808908D680EF1010EDE
:1021C000AC449D68754509DDBCF1000FEBDA0136C2
:1021D0000660F2E701374760EFE73E460025C0F8AA
:1021E0001490C0E90367C0E9065505624E69C6F15F
:1021F000000C5E68AE421CDDAE460FE055686668B6
:10220000A5EB0C05B54210DA056A01350562CD680B
:102210000EF1010EAC445D6875450ADDBCF1000F9E
:10222000ECDA856901358561F1E7C5690135C5617C
:10223000EDE7BDE8F08300BFD0E9063223B97AB1FB
:10224000013A8384C26104E052B10122013B8284DD
:102250008361C368D0E904120360C0E901127047CA
:10226000036A0122013B82840362F2E72DE9F04F09
:1022700095B0CDE908011946BDF87C30BDF8944011
:102280000A93BDF88430BDF898500B93BDF88C309C
:10229000BDF878B00C939DF99C30BDF880C004EE79
:1022A000103ABDF88860BDF890009DF9A030049206
:1022B0000594D5B1B4EE600A06EE903A02FB0BFA33
:1022C0001346002214EE107AF1EE10FA16EE90EAA0
:1022D0000CBF01231346774514BF002303F001030D
:1022E00002932CB901329542FCDC15B0BDE8F08FA9
:1022F000C0EE205A37469FED5D6A8846DFED5C3AB6
:102300002E46B0EE443AF0EE662A02FB00F1059B41
:10231000C91B02FB03F3069321EAE17361444145C3
:10232000A8BF41468946049903FB01F10791BBF11F
:10233000000F79D00021F8EEC34AB8EEE25A1190AE
:10234000CDE90D2898460B46CDE90FC70C9AB6EE9D
:10235000004A0B99454603FB02F2049C1293521A61
:10236000069913965818099922EAE27C0BFB001093
:102370000A990A4408999442A8BF1446079A6244ED
:10238000A4EB0C0E0BFB0212014603920022A9459E
:1023900066DD4FF00008039B2E46D7184046CDE976
:1023A0000052644509DD3A466346013392F9005014
:1023B0005A449C422844F8D1F04401365744B14570
:1023C000EFD1029BDDE90052ABBB07EE900AF8EEBD
:1023D000E76A07EE908AB8EEE77AC6EE877A77EE7C
:1023E000E47AB0EE457AA7EEA57AB5EEC07AF1EEC2
:1023F00010FA64FE067A77EE877AFDEEE77A17EE3A
:10240000903A03F307030B70013201315A45BED1F4
:10241000059AA846DDE9123601339A4296DC1198F6
:10242000DDE90D28DDE90FC7013296423FF76DAFB8
:1024300015B0BDE8F08F002807DB00EB6800B0FBAB
:10244000F8F808F307030B70DEE7B8F1000F434616
:10245000B8BF08F10103A0EB630090FBF8F8F0E7C8
:10246000029B13B9F0EE637AB9E7FFDEFCFFFFBE13
:102470000000C07F10B5C0EA004E94080DD00B4696
:102480004FF0000C0CF1010CC3F800E0C3F804E0BD
:1024900008336445F6D101EBC40112F0030206D003
:1024A000012A088003D0022A488018BF888010BD06
:1024B0002DE9F04F87B0BDF840409DF948A013FBCF
:1024C00004F313FB00F413460846139A1199002BEA
:1024D00077D0A4B2A1F1040802EB8309A70804F0A5
:1024E000030402EBC30BA7F18102A7F18003661E70
:1024F000C2F3C812B6B2C2EB422103EBC1135102C0
:1025000001329BB2520201F580611D4633460192B1
:10251000721C02910392802F58D9029A00F500761E
:102520004FF0000C00EB020ECDE90493A6F5007904
:10253000002259F8043B2FFA83F1B1454FEA3323C7
:1025400092FA11F22FFA83F392FA13F2F1D109F50C
:10255000007613B2764503EB22439C44E6D1019A00
:10256000DDE904938618284670B306EB800000214D
:1025700056F8042B2FFA82FE86424FEA322291FA55
:102580001EF12FFA82F291FA12F1F1D10AB202EBA6
:10259000214294446CB190F9002094443BB190F9ED
:1025A0000120022C944402D090F902209444039A12
:1025B000104458F8042F0CFB1A2249F8042BD94573
:1025C000A9D107B0BDE8F08F3046E3E706464FF0EB
:1025D000000C3846C8E700BF2DE9F04F994697B088
:1025E0000D46269B09EB89019DF9887003EB41019B
:1025F000DDF884B01FFA87FE129203EB890A0D9171
:102600004EEA074E9DF98C30B9F1000F00F064825C
:102610004FEA490184465C46AAF104060BEB01022D
:102620004FF00108039234F9022B511E08FA02F010
:1026300003FA02F289B202EB5002142900F2E98196
:1026400046F8042F039AA242EDD1129E4FEA590494
:10265000DDF834807346604632464146009700F00C
:10266000E5FC002C00F087813046A6F11003621EC5
:10267000249E1B09259F06F1100192B2013306F139
:10268000080E01EBC2020AF108064FEA031C0237EA
:102690000E920246033808EB4313CDF818E0964635
:1026A0000F900BF104001093131F04902098CDF8A5
:1026B00050A0B2460830CDF884B0059783461193F8
:1026C0001394CDF81CC0CDF85490069B05EB0E0773
:1026D000BEF10F0F039753E9021340F3D881079A15
:1026E0000D98AE180A462968D7F800904FEA3128AD
:1026F00004684FEA392C2FFA88F82FFA81F12FFA63
:102700008CFC2FFA89F924FB012124FB0934D0F831
:10271000049029FB081129FB0C496B687C684FEA7F
:10272000332882684FEA342C2FFA88F82FFA83F383
:102730002FFA8CFC2FFA84F422FB031322FB049261
:10274000D0F80C9029FB083329FB0C29AA68BC6837
:102750004FEA322801694FEA342C2FFA88F82FFA11
:1027600082F22FFA8CFC2FFA84F421FB023221FB37
:102770000493416921FB082221FB0C38D5F80C9009
:10278000103757F8043C10354FEA392C81694FEA6D
:1027900033242FFA8CFC2FFA89F92FFA83F32FFABE
:1027A00084F421FB092221FB0381C369203023FB30
:1027B0000C2223FB0413B54295D1079C1146039AC2
:1027C0001098A146224403920F9A914580F25D81B0
:1027D000119A0746DDF80C80A2EB09020C904FEA33
:1027E000920C0CF10102950006EB8204CDE908522F
:1027F000CDE90AC956F8045B58F8040B4FEA3529AD
:102800003A684FEA302C2FFA89F92FFA85F52FFA1A
:102810008CFC2FFA80F022FB051122FB00327B6832
:10282000083723FB091123FB0C23B442E2D1039E9A
:102830000C98DDE90AC9DDE9085209F104092E44C2
:1028400000EBC20009EB8C090396CE4537DDB0F9E9
:10285000005094F90060039A15FB061192F900608C
:1028600015FB063309F10105754525DAB0F902506B
:1028700094F9016015FB061192F9016015FB06330E
:1028800009F10205754517DAB0F9045094F90260B0
:1028900015FB061192F9026015FB063309F10305D9
:1028A000754509DAB0F9060092F9035010FB0533BB
:1028B00094F9035010FB0511AEEB09094C44049A3E
:1028C0005BF8087C32F9045C5AF8086C152D40F36B
:1028D000B580A81E0122013D02FA00F051FB07005D
:1028E0002841304400F3070149B2059A02F8021C5E
:1028F000049A32F9025C152D40F39280A81E012241
:10290000013D5BF8041C02FA00F053FB01035AF886
:10291000041C2B410B4403F307035BB2059A04EB41
:102920000E0504990BF1080B02F8013C0232069BDC
:10293000043105920AF1080A08330E9A04919A426A
:1029400006937FF4C2AEDDF85490DDE9134ADDE969
:10295000203B19F0010F0AEBC40A03EBC4030BEB95
:10296000840B2093249B03EBC4032493259B03EB4C
:102970004403259349D0129A249B96081B6800F0C3
:10298000B48005EB86070D9855F8042B083050F8F5
:1029900008CC4FEA322150F8044C2FFA82F22FFA79
:1029A00081F12CFB023324FB0133BD42ECD10D9AA3
:1029B00002EBC6020D92129A12F0030213D00D9C84
:1029C000012A97F90010208810FB01330BD097F9EA
:1029D0000110022A608810FB013304D097F902200D
:1029E000A18811FB0233BBF900202099152ADAF8DF
:1029F0000000096860DC002A4EDD5B0053FB010328
:102A0000134103F30703259A1370002017B0BDE8A4
:102A1000F08F039A46F8043FA2427FF404AE14E616
:102A2000002D15DD5BF8041C5B005AF8040C53FB09
:102A300001032B4103F307035BB26FE7002D17DDA2
:102A4000490051FB0761294101F3070149B24CE7F5
:102A5000C5F10105AB4003F31F035BF8041C53FBF6
:102A600011F15AF8043C0B4403F307035BB255E73A
:102A7000C5F1010001FA00F000F31F0050FB17F050
:102A8000304400F3070149B22FE73446DDE62E4615
:102A90000D984FF0000997E6C2F10102934003F34D
:102AA0001F0353FB11F3034403F307030020259A8C
:102AB000137017B0BDE8F08F951E0124013AAC40A9
:102AC00053FB01431341034403F307030020259AFA
:102AD000137017B0BDE8F08F73460D99009700F0A2
:102AE000A5FA002017B0BDE8F08F2F4663E700BFBE
:102AF0002DE9F04F91B08A461A9C1B990A92B1F9C0
:102B0000008022689DF97410099208F1FF329DF946
:102B10007060142A08900B92079107D801FA08F008
:102B2000012101FA08F100EB51020792C3490A9A08
:102B3000A1FB03014FEA910B0BEB4B010BFB02F4E2
:102B4000A3EB41091F9B04EB440403EB41051E9BCF
:102B50001FFA89F903EBC107209B0AEB4404002B01
:102B600000F0A38019460898C6EA06430096164668
:102B700000F05CFA09981F9B514602903246079874
:102B8000049301901E9B2098CDF800B0CDF80C80E6
:102B900000F05EFDB9F1000F63D006F003024FEACA
:102BA000960EA8F1020105EB090B501E0EF1FF3342
:102BB0000A9286B201209BB200FA01F1324601333B
:102BC0000D9120994FEA830901EBC30A3318494656
:102BD0000C93A0EB08030E9357F8043BBEF1000FD3
:102BE00060D004EB0109209E089554F8040B2FFADD
:102BF00090FC35682FFA80F025FB003573680836A5
:102C000023FB0C53A145F0D1089D50460A9C002C93
:102C100039D099F90040068816FB043362B199F95E
:102C20000140468816FB04330A9C022C04D0848899
:102C300099F9020014FB00330C9809EB0004B8F179
:102C4000150F12DD09980D9E53FB00630B9803418D
:102C50000798034403F307035BB205F8013B5D45A6
:102C6000BAD1002011B0BDE8F08FB8F1000F0CDD33
:102C700009985B00079E53FB006343FA08F303F3D4
:102C800007035BB2E9E74C46D9E70E98834003F3AC
:102C90001F03099853FB10F30798034403F307033A
:102CA0005BB2DAE7A1462098B0E7099A51461F9B2C
:102CB000DDF820A0059350461E9BCDF800B0CDF85E
:102CC0001080CDE90262079A01920A9A00F098FEFC
:102CD000B9F1000FC5D00A9805EB090B0121A0F14D
:102CE0001003DE46C34623F00F0303F11009A8F1D9
:102CF00002030AEB090201FA03F382460E93A1EBE9
:102D00000803BAF10F0FC6F100010F93C1EA0141A8
:102D100057F8043B0D9279DD04EB09080898CDF8CB
:102D200028900C95226805682FFA92F94FEA352C05
:102D30002FFA82F221FA85F521FA8CFC25FB023567
:102D40002CFB0955D4F804C043682FFA9CF94FEACC
:102D500033222FFA8CFC21FA83F321FA82F223FB2F
:102D60000C5322FB0932D4F808C083682FFA9CF96F
:102D70004FEA33252FFA8CFC21FA83F321FA85F5EB
:102D800023FB0C2325FB0935D4F80CC0103050F878
:102D9000042C10342FFA9CF94FEA32232FFA8CFCC2
:102DA00021FA82F221FA83F322FB0C5223FB09233E
:102DB000A045B7D1DDF828904C46A245DDE90C507E
:102DC00029DDAAEB0404444418F901CB10F9012BC6
:102DD000A045A2EB060212FB0C33F5D1BBF1150F97
:102DE0001DDD099A0E9853FB02030B9A1341079AB3
:102DF000134403F307035BB205F8013B75453FF449
:102E000030AFBAF10F0F57F8043B85DCA046002421
:102E10000898A245D5DCBBF1150F4446E1DCBBF1B7
:102E2000000F0DDD099A5B00079853FB020343FA7C
:102E30000BF303F307035BB2DEE700BFABAAAAAA5A
:102E40000F9A934003F31F03099A53FB12F3079A57
:102E5000134403F307035BB2CEE700BF88420ED0F2
:102E60006AB1884200EB02030AD2994208D20A44AE
:102E700013F9011D984202F8011DF9D170477047FE
:102E8000032A2DE9F0431BD8541E10F8013B01F82A
:102E9000013B9CB110F8013B01F8013B022A4FF0C5
:102EA000FF3218BF0022012C08D010F8013B01F8B6
:102EB000013B1AB110F8013B01F8013BBDE8F0837A
:102EC00001F0030E00F00308CEF10403A2EB030CA3
:102ED000CEF1030210F8013B01F8013B82B110F87A
:102EE000013B01F8013B012A0AD010F8013B01F82F
:102EF000013BBEF1010F03D010F8013B01F8013B8B
:102F0000C6452AD05FEA1C120AD050F8043B50F89C
:102F1000044B50F8045B50F8046B78C1013AF4D1CB
:102F20001CF0080F04D050F8043B50F8044B18C1B3
:102F30001CF0040F03D050F8043B41F8043B1CF094
:102F4000020F03D030F8023B21F8023B1CF0010FC6
:102F5000B4D003780B70BDE8F0835FEA9C190ED003
:102F600088468646BEE8FF00A8E8FF00BEE8FF00EE
:102F7000A8E8FF00B9F1010941467046F0D11CF004
:102F8000200F07D088468646BEE8FF00A8E8FF006D
:102F9000414670461CF0100F01D078C878C11CF073
:102FA000080FC5D018C818C1C2E700BF5FFA80FC7F
:102FB00003024CEA006C9BB24CEA030C030410B40D
:102FC00003F47F038C074CEA030C06D05AB301F8D4
:102FD000010B8B0702F1FF32F8D11309C2F3810410
:102FE00002F003024BB141F804CB41F804CB41F8A5
:102FF00004CB41F804CB013BF5D14CB141F804CBF3
:10300000012C05D041F804CB022C01D041F804CBAF
:103010004AB101F8010B012A05D001F8010B022A7F
:1030200001D001F8010B5DF8044B7047F0B597082B
:10303000BDF914602DD000EB87058E4650F804CB07
:103040002FFA9CF4D4FA03F42FFA8CFCDCFA03FC7C
:103050008542CEF800C0CEF804400EF1080EEDD146
:1030600001EBC70112F0030212D095F9000073B210
:10307000012AA0EB030008800AD095F90100022A7A
:10308000A0EB0300488003D095F90220D31A8B806F
:10309000F0BD0546E6E700BF2DE9F04F93B0BDF85F
:1030A00074C0049111469DF888200F934FEA5C0389
:1030B000BDF878E0239C0290002A00F073811C98F0
:1030C00080B204EB000B002B00F0D68040005E1EA7
:1030D00001F11007A24605904FEA9E00B6B2239474
:1030E00005460EF0030007EBC6061F9F03902098CD
:1030F0000437019500F108092198069601F10806A8
:1031000000F108082801049D07900198039C05EB35
:10311000C000029D0A93089003988000CDE90B1C23
:103120000990CDE90DE256F8083C119356F8043C9D
:1031300011991193019B119A002B00F031819E4649
:1031400004982B46CDE902460C461646D0F800C03E
:10315000196821FB0C415A6822FB0C62D0F804C0AC
:10316000103353F8084C083053F8046C24FB0C144B
:1031700026FB0C26BEF1010EE8D1079B2146324604
:10318000029C1D44039E089B0CB3B3F90000012C64
:10319000B5F800C010FB0C11B5F802C01CFB0022F2
:1031A00013D0B3F90200022CB5F804C010FB0C11C7
:1031B000B5F806C01CFB002207D0B3F904302889FB
:1031C00010FB0311688913FB0022099B1D4437F98A
:1031D000040C59F808EC152858F808CC40F3A580E1
:1031E000831E01380290012000FA03F351FB0E33D5
:1031F00002990B41634403F307035BB28AF8003082
:1032000037F9020C152840F3A080811E01230138F4
:1032100003FA01F159F8043C52FB031258F8043C3C
:103220000241134403F307035BB28BF80030083606
:10323000059B043709F1080908F108089A449B44E2
:10324000069B9E427FF46FAF0A9B0598239C0295D4
:1032500003FB00441F9800EB83001F90209800EBB5
:10326000C300DDE90B1C2090219801EBC301DDE9CF
:103270000DE200EBC30321931CF0010F4AD05FEA7B
:103280009E080B6800F0AD80029D4FEAC8070498C5
:1032900005EBC8082E68083555F8041CD0F80090D6
:1032A00026FB09334668083021FB0633A845F1D1D7
:1032B0000499394404911EF0030113D0049E01299E
:1032C000B8F80000358815FB00330BD0758802294B
:1032D000B8F8020015FB003304D0B8F80400B18838
:1032E00010FB01331F992098B1F9001005681529CA
:1032F000219800685FDD8F1E4E1E0121B94053FBEF
:1033000005133341034403F307035BB2214601F87D
:10331000013B0C46002A47D01C9B0CFB03F3C3F176
:103320000103E01813B0BDE8F08F00281BDD4B004F
:1033300053FB0EC3034103F307035BB28AF800306B
:1033400037F9020C15283FF760AF002818DD59F84F
:10335000043C520058F8041C52FB0312024102F3D1
:1033600007035BB261E7C0F1010301FA03F303F362
:103370001F0353FB1EF3634403F307035BB23DE7F4
:10338000C0F10100824002F31F0259F8043C52FBD5
:1033900013F258F8043C134403F307035BB244E709
:1033A000049BF1E601208CE60F9BA3EB0C03E018D5
:1033B00013B0BDE8F08F002907DD5B0053FB050368
:1033C0000B4103F307035BB2A0E7C1F101018B409E
:1033D00003F31F0353FB15F3034403F307035BB22B
:1033E00094E7DDF8088066E72DE9F04F002B87B001
:1033F000109F029340F3E6801546A7F11002FB1ED2
:103400000E4612094FF0000B03933B1F0132059348
:103410001301920104920F2F40F3D980C4182A4659
:10342000B44601681030DCF800E040322FFA81F831
:103430000CF1100C42F8408C4FEA3121A0422FFAD7
:1034400081F142F83C1C4FEA3E212FFA8EFE2FFA02
:1034500081F142F838EC42F8341C5CF80C1C50F84E
:103460000CEC4FEA31282FFA81F12FFA88F842F854
:10347000281C42F8248C4FEA3E282FFA8EFE42F890
:1034800030EC2FFA88FE42F82CEC50F808EC5CF88F
:10349000081C4FEA3E282FFA8EFE2FFA88F842F8D1
:1034A00020EC4FEA312E42F81C8C2FFA8EFE2FFAB8
:1034B00081F142F814EC42F8181C50F804EC5CF866
:1034C000041C4FEA3E282FFA8EFE2FFA88F842F8A5
:1034D00010EC4FEA312E42F80C8C2FFA8EFE2FFAA8
:1034E00081F142F804EC42F8081C9AD1049A1E4477
:1034F0009E461544039A724567DD059AB446A2EBD1
:103500000E082A464FEA980808F101094FEA890A8D
:1035100004EB8900CDE900B854F8041B10325CF8C4
:10352000048B2FFA81FB84424FEA31212FFA81F17B
:1035300042F80C1C4FEA38212FFA88F842F810BCE8
:1035400042F8088C2FFA81F142F8041CE4D10EF104
:10355000040E05EB09155644DDE900B80EEB880EA4
:10356000774529DD90F900202A8096F900206A80AD
:103570000EF10102974219DD90F90120AA8096F917
:103580000120EA800EF1020297420FDD90F902203D
:103590002A810EF1030296F902109742698105DD36
:1035A00090F90320AA8196F90320EA81A7EB0E0E79
:1035B0007044764405EB8E050BF1010B029A5A45D7
:1035C0007FF429AF07B0BDE8F08F2046C8E7044676
:1035D0004FF0000E8EE700BF2DE9F04F87B0804618
:1035E0005FEA610CDDE9100A08EB000421D04646D1
:1035F00055464FEA400967464FEA800B9A460591C7
:10360000CDE903C890462A46214630464346CDF8C8
:1036100000A05D44FFF7E8FE013F4C444E44F2D168
:103620000599DDE903C8DDE9100A0CFB09880CFBEC
:103630000BAACB0708D5002806DD404418F9013B4A
:1036400040452AF8023BF9D107B0BDE8F08F00BF32
:103650002DE9F04F86B0DDF848B0BBF1000FCCBFCC
:103660004FF0000C4FF0FF3CBBF1150FC8BF4FF0FF
:10367000010CCDF800C0019092469946CDF8149007
:10368000DDF84CB00F464FEAAA0603960AF003068F
:103690000496BDF83C400BEB840202EB440202921C
:1036A000002C00F03281039EDDF814E0DDF8048088
:1036B000BEE83F00CDF814E0013E7DDD57F804EB95
:1036C000B8E800062FFA9EFC2FFA8EFE2CFB0A00AB
:1036D0002EFB090057F804EB2FFA9EFC2FFA8EFE02
:1036E0002CFB0A112EFB091157F804EB2FFA9EFC54
:1036F0002FFA8EFE2CFB0A222EFB092257F804EB30
:103700002FFA9EFC2FFA8EFE2CFB0A332EFB093378
:1037100057F804EB2FFA9EFC2FFA8EFE2CFB0A447E
:103720002EFB094457F804EB2FFA9EFC2FFA8EFE6D
:103730002CFB0A552EFB095557F804EBB8E8000698
:103740002FFA9EFC2FFA8EFE2CFB0A002EFB09009E
:1037500057F804EB2FFA9EFC2FFA8EFE2CFB0A1171
:103760002EFB091157F804EB2FFA9EFC2FFA8EFE60
:103770002CFB0A222EFB092257F804EB2FFA9EFCA1
:103780002FFA8EFE2CFB0A332EFB093357F804EB7D
:103790002FFA9EFC2FFA8EFE2CFB0A442EFB0944C6
:1037A00057F804EB2FFA9EFC2FFA8EFE2CFB0A55DD
:1037B0002EFB0955023E81DC002E3DDB57F804EB61
:1037C000B8E800062FFA9EFC2FFA8EFE2CFB0A00AA
:1037D0002EFB090057F804EB2FFA9EFC2FFA8EFE01
:1037E0002CFB0A112EFB091157F804EB2FFA9EFC53
:1037F0002FFA8EFE2CFB0A222EFB092257F804EB2F
:103800002FFA9EFC2FFA8EFE2CFB0A332EFB093377
:1038100057F804EB2FFA9EFC2FFA8EFE2CFB0A447D
:103820002EFB094457F804EB2FFA9EFC2FFA8EFE6C
:103830002CFB0A552EFB0955049EEEB138F9029B6C
:1038400097F900E097F901C01EFB09001CFB091164
:1038500097F902E097F903C01EFB09221CFB09330C
:1038600097F904E097F905C01EFB09441CFB0955B4
:10387000013E07F10607E1D1009EDDF844E0DDF8E6
:1038800048C0DDF840A0002E42D14FEA40004FEA88
:10389000410150FB0EA051FB0EA140FA0CF041FA81
:1038A0000CF14FEA42024FEA430352FB0EA253FBD4
:1038B0000EA342FA0CF243FA0CF34FEA44044FEA27
:1038C000450554FB0EA455FB0EA544FA0CF445FA2D
:1038D0000CF500F3070001F3070102F3070203F3FD
:1038E000070304F3070405F307050BF8010B0BF8B6
:1038F000011B0BF8012B0BF8013B0BF8014B029B52
:103900000BF8015B9B457FF4CEAE06B0BDE8F08FAF
:1039100016F101083CD04FF0010808FA0CF84FEA04
:10392000A80850FB0E804FEA400040FA0CF05044CB
:1039300051FB0E814FEA410141FA0CF151444FF025
:10394000010808FA0CF84FEAA80852FB0E824FEA69
:10395000420242FA0CF2524453FB0E834FEA4303F5
:1039600043FA0CF353444FF0010808FA0CF84FEAFD
:10397000A80854FB0E844FEA440444FA0CF454445F
:1039800055FB0E854FEA450545FA0CF55544A0E771
:10399000CCF1010800FA08F000F31F0050FB1EF004
:1039A00001FA08F101F31F0151FB1EF1504451448B
:1039B000CCF1010802FA08F202F31F0252FB1EF2D8
:1039C00003FA08F303F31F0353FB1EF3524453445B
:1039D000CCF1010804FA08F404F31F0454FB1EF4AC
:1039E00005FA08F505F31F0555FB1EF5544455442B
:1039F0006FE700BFAFF30080AFF30080AFF300804C
:103A00002DE9F04F87B0DDF850B0BBF1000FCCBF0F
:103A10004FF0000C4FF0FF3CBBF1150FC8BF4FF04B
:103A2000010CCDF800C0019092469946CDF8149053
:103A3000DDF854B00F46CDF818B04FEAAA06039649
:103A40000AF003060496BDF840400BEB840202EB3B
:103A500044020292129DC5F1000BCBEA0B4B002CE5
:103A600000F04C81039EDDF814E0DDF80480BEE830
:103A70003F00CDF814E0013E40F38B8057F804EB93
:103A800058F8049B4FEA392A2FFA9EFC2FFA8EFE33
:103A90002BFA89F92BFA8AFA2CFB0A002EFB090073
:103AA00057F804EB2FFA9EFC2FFA8EFE2CFB0A111E
:103AB0002EFB091157F804EB2FFA9EFC2FFA8EFE0D
:103AC0002CFB0A222EFB092257F804EB2FFA9EFC4E
:103AD0002FFA8EFE2CFB0A332EFB093357F804EB2A
:103AE0002FFA9EFC2FFA8EFE2CFB0A442EFB094473
:103AF00057F804EB2FFA9EFC2FFA8EFE2CFB0A558A
:103B00002EFB095557F804EB58F8049B4FEA392A65
:103B10002FFA9EFC2FFA8EFE2BFA89F92BFA8AFADD
:103B20002CFB0A002EFB090057F804EB2FFA9EFC31
:103B30002FFA8EFE2CFB0A112EFB091157F804EB0D
:103B40002FFA9EFC2FFA8EFE2CFB0A222EFB092256
:103B500057F804EB2FFA9EFC2FFA8EFE2CFB0A334B
:103B60002EFB093357F804EB2FFA9EFC2FFA8EFE3A
:103B70002CFB0A442EFB094457F804EB2FFA9EFC59
:103B80002FFA8EFE2CFB0A552EFB0955023E3FF7FD
:103B900075AF002E43DB57F804EB58F8049B4FEA4F
:103BA000392A2FFA9EFC2FFA8EFE2BFA89F92BFA6E
:103BB0008AFA2CFB0A002EFB090057F804EB2FFAB7
:103BC0009EFC2FFA8EFE2CFB0A112EFB091157F8D2
:103BD00004EB2FFA9EFC2FFA8EFE2CFB0A222EFB02
:103BE000092257F804EB2FFA9EFC2FFA8EFE2CFBCD
:103BF0000A332EFB093357F804EB2FFA9EFC2FFAF9
:103C00008EFE2CFB0A442EFB094457F804EB2FFAD6
:103C10009EFC2FFA8EFE2CFB0A552EFB0955049EA6
:103C20000EB3DDF848A018F9019B97F900E097F969
:103C300001C0A9EB0A091EFB09001CFB091197F939
:103C400002E097F903C01EFB09221CFB093397F918
:103C500004E097F905C01EFB09441CFB0955013E11
:103C600007F10607DFDC009EDDF84CE0DDF850C010
:103C7000DDF844A0002E44D14FEA40004FEA410154
:103C800050FB0EA051FB0EA140FA0CF041FA0CF1D2
:103C90004FEA42024FEA430352FB0EA253FB0EA32C
:103CA00042FA0CF243FA0CF34FEA44044FEA45059A
:103CB00054FB0EA455FB0EA544FA0CF445FA0CF582
:103CC000069E00F3070001F3070102F3070203F366
:103CD000070304F3070405F3070506F8010B06F8CC
:103CE000011B06F8012B06F8013B06F8014B029B6D
:103CF00006F8015B06969E427FF4B4AE07B0BDE8BD
:103D0000F08F16F101083CD04FF0010808FA0CF8CA
:103D10004FEAA80850FB0E804FEA400040FA0CF032
:103D2000504451FB0E814FEA410141FA0CF15144DC
:103D30004FF0010808FA0CF84FEAA80852FB0E826F
:103D40004FEA420242FA0CF2524453FB0E834FEA0E
:103D5000430343FA0CF353444FF0010808FA0CF8FC
:103D60004FEAA80854FB0E844FEA440444FA0CF4CA
:103D7000544455FB0E854FEA450545FA0CF555446C
:103D80009EE7CCF1010800FA08F000F31F0050FB99
:103D90001EF001FA08F101F31F0151FB1EF150441E
:103DA0005144CCF1010802FA08F202F31F0252FB5F
:103DB0001EF203FA08F303F31F0353FB1EF35244EE
:103DC0005344CCF1010804FA08F404F31F0454FB33
:103DD0001EF405FA08F505F31F0555FB1EF55444BE
:103DE00055446DE72DE9F04F86B09DF8587000916D
:103DF0000392002F059318BF0123109C04FB03338B
:103E000004930F9D14BF2F4601270197BDF844303E
:103E10005B0800F09F80DDF850B0139A02EB83033B
:103E20000293DDF848E0039F5FEA9E08DDF800C0DA
:103E300057F8046B57F8043B03971A46314622D0D3
:103E40005CF81E705CF8049B50F804AB2AFB096612
:103E500050F8045B2AFB071150F804AB25FB07223E
:103E60005CF81E7025FB09335CF8049B2AFB09668D
:103E70002AFB071150F8045B25FB0933B8F1010850
:103E800025FB0722DCD10EF003078FB13CF91E8021
:103E90003CF902AB30F9025B0AFB056630F9029B84
:103EA00009FB0A3308FB0511013F09FB0822EDDC81
:103EB000DDF84CA0159F3AF9024B57F804CB5BF89C
:103EC000045BC4F1150999EA040940F3C8804FEA7C
:103ED00046064FEA410156FB05C651FB05C146FAAD
:103EE00004F641FA04F13AF9024B57F804CB5BF8B7
:103EF000045BC4F1150999EA040940F399804FEA7B
:103F000043034FEA420253FB05C352FB05C243FA87
:103F100004F342FA04F206F30706DDF80490179C56
:103F2000DDF810802670A04401F3070188F8001026
:103F300003F3070304F8093002F3070208F8092025
:103F400004EB49021792CDF84CA0029C1597A245AC
:103F50007FF467AF119B13F0010354D0BDF848E024
:103F6000039BDDF800C019685FEA9E070CEB4E0466
:103F70000E4615D05CF81E505CF8048B50F804AB6C
:103F800050F8043B2AFB08662AFB05115CF81EA0CA
:103F90005CF8048B23FB086623FB0A11013FE9D17F
:103FA0001EF003070BD03CF81E303CF8029B30F9A2
:103FB00002AB19FB0A66013F13FB0A11F3DCDDF8C3
:103FC0004CA0159FBAF90040D7F800C0DBF80050AC
:103FD000C4F1150999EA040958DD4FEA46064FEA8B
:103FE000410156FB05C651FB05C146FA04F641FAEC
:103FF00004F106F30706179A049C167001F30701F3
:104000001155019B1A441199169B109C33B10F9BBB
:1040100004F1020003FB1100104406E0A2EB0100D2
:10402000059A04F1020402FB040006B0BDE8F08F1B
:10403000002C42DD4FF0010909FA04F94FEAA90901
:1040400053FB05934FEA430343FA04F3634452FBE3
:1040500005924FEA420242FA04F262445BE7002C06
:104060003CDD4FF0010909FA04F94FEAA90956FBB2
:1040700005964FEA460646FA04F6664451FB05915A
:104080004FEA410141FA04F161442CE7002C36DD8E
:104090004FF0010909FA04F94FEAA90956FB059600
:1040A0004FEA460646FA04F6664451FB05914FEA8C
:1040B000410141FA04F161449BE7C4F1010903FAAB
:1040C00009F303F31F0353FB15F302FA09F202F39A
:1040D0001F0252FB15F2634462441CE7C4F101095C
:1040E00006FA09F606F31F0656FB15F601FA09F162
:1040F00001F31F0151FB15F166446144F3E6C4F17D
:10410000010906FA09F606F31F0656FB15F601FA31
:1041100009F101F31F0151FB15F16644614468E7A1
:104120002DE9F04F99B0149013911692129329989B
:1041300000F00303032B0CBF01260026179603286B
:104140000CBF01260026189610F00200259B0028BF
:1041500014BF18460120109026980CBF0646012671
:104160001196DDE92C04002C18BF20462C902698CF
:10417000012840F3BE814FEA4303299C14F0020F4B
:1041800001D14FF0020315934FF00008CDF83480B1
:10419000DDF834B0239A02EB8B02B2F90030B2F9A9
:1041A0000240CDE90434229A02EBCB02D2E900129C
:1041B000CDE902122B9A02EBCB02D2E90012CDE933
:1041C0000012002BCCBF00204FF0FF30152BC8BFD2
:1041D0000120002CCCBF00214FF0FF31152CC8BFAF
:1041E0000121CDE906012D9B002B00F09782289B31
:1041F000002B40F0BB821A461846169901EBCB0102
:10420000D1E9003403441444CDE90934129A2498C6
:1042100018992A9B00291CBF0332D218DDF8509050
:104220000B92401000F044810F930E900B9B279F40
:10423000119A2C9EDDE909CEE246F34613440C9315
:104240005FEA271800F0948059F807502FFA85F498
:1042500056F8040B2FFA95F556F8041B24FB00AA18
:1042600025FB01AA56F8042B56F8043B24FB02BB9D
:1042700059F8044B25FB03BB2FFA84F52FFA94F46D
:1042800025FB00CC56F8040B25FB02EE59F807502D
:1042900024FB01CC24FB03EE2FFA85F42FFA95F5CD
:1042A00056F8041B24FB00AA56F8042B25FB01AA90
:1042B00056F8043B24FB02BB59F8044B25FB03BB17
:1042C0002FFA84F52FFA94F425FB00CC25FB02EE9F
:1042D00059F8075024FB01CC56F8040B24FB03EEDD
:1042E0002FFA85F42FFA95F556F8041B24FB00AA43
:1042F00056F8042B25FB01AA56F8043B24FB02BB0D
:1043000059F8044B25FB03BB2FFA84F52FFA94F4DC
:1043100025FB00CC25FB02EE56F8040B24FB01CC58
:1043200059F8075024FB03EE2FFA85F42FFA95F580
:1043300056F8041B24FB00AA56F8042B25FB01AAFF
:1043400056F8043B24FB02BB59F8044B25FB03BB86
:104350002FFA84F52FFA94F425FB00CC25FB02EE0E
:10436000B8F1010824FB01CC24FB03EE3FF76CAF4E
:1043700017F00F0046D0C7F38108B8F1000F26D020
:1043800059F807502FFA85F42FFA95F556F8040BD3
:1043900056F8041B24FB00AA56F8042B25FB01AA9F
:1043A00056F8043B24FB02BB59F8044B25FB03BB26
:1043B0002FFA84F52FFA94F425FB00CC25FB02EEAE
:1043C00024FB01CC24FB03EEB8F10108D8DC17F084
:1043D0000308B8F1000F15D0279836F9023B36F9DB
:1043E000025B99F9001013FB01CC15FB01EE19F9E2
:1043F000001013FB01AA15FB01BB09F10109B8F17B
:104400000108EADC0B9D2E46179868B10F9A901EA2
:1044100009DC0C9CC2F1020204EB42020C922A9AC3
:10442000104405F102050F9000980299049A069B2A
:104430000C9F002B40F0C9804FEA4C0C4FEA4A0A0F
:104440005CFB010C5AFB010A4CFA02FC4AFA02FA24
:104450000CF3070C0AF3070A86F800C087F800A0DF
:1044600001980399059A079BDDF84080002B40F0E6
:10447000D4804FEA4E0E4FEA4B0B5EFB010E5BFB06
:10448000010B4EFA02FE4BFA02FB0EF3070E0BF382
:10449000070B06F808E007F808B0119B279A05EB10
:1044A00043030B9391440E9B013B0E937FF4BEAEEE
:1044B000CDF82090249B13F0010F40F0D680139B81
:1044C000279A03EB42031393129B159A13441293FA
:1044D0002D9B23B12C9B279A03EB82032C930D9ADF
:1044E000269B4FEA630302F101020D9293423FF7CC
:1044F0004FAE269D15F0010560D0DDF8A880189D0F
:10450000129E002D1CBF033646442499002955DD18
:10451000CDF83C80169D269FA7F1010705EB870C7F
:10452000DCF800C0229B03EB870424682B9B03EB81
:1045300087000068239B03EB4707B7F90070289AB0
:10454000002FCCBF4FF000094FF0FF39152FC8BF27
:104550004FF00109149DDDF89CB0BBF1000FE64659
:104560000CDDDDF84C8015F9013B18F901ABA3EB2C
:1045700002030AFB03EEBBF1010BF4DCB9F1000FFF
:1045800040F064814FEA4E0E5EFB040E4EFA07FEC9
:104590000EF3070E86F800E0299B13F0020F11D0EE
:1045A00013F0010F05D00F9B013B02D12A9B06F1AE
:1045B000020606F101060F930139CCDC002019B088
:1045C000BDE8F08F269B1E44F6E7013314D04FF070
:1045D000010303FA02F34FEAA3035CFB013C4FEA39
:1045E0004C0C4CFA02FC84445AFB013A4FEA4A0A4A
:1045F0004AFA02FA82442BE7C2F101030CFA03FCE7
:104600000CF31F0C5CFB11FC0AFA03FA0AF31F0AF5
:104610005AFB11FA844482441AE7013314D04FF054
:10462000010303FA02F34FEAA3035EFB013E4FEAE4
:104630004E0E4EFA02FE86445BFB013B4FEA4B0BEB
:104640004BFA02FB834420E7C2F101030EFA03FE9A
:104650000EF31F0E5EFB11FE0BFA03FB0BF31F0B99
:104660005BFB11FB864483440FE7279FDDF8209016
:104670002C9EDDE909CE5FEAA70818D059F8044B53
:1046800056F8040B56F8041B56F8042B56F8043B56
:104690002FFA84F52FFA94F425FB00CC25FB02EECB
:1046A00024FB01CC24FB03EEB8F10108E6DC17F093
:1046B0000308B8F1000F0CD036F9023B36F9025B63
:1046C00019F9011B13FB01CC15FB01EEB8F1010830
:1046D000F2DC00980299049A069B109F0B9E3744C7
:1046E000002B40F099804FEA4C0C5CFB010C4CFA1B
:1046F00002FC0CF3070C86F800C001980399059A98
:10470000079B002B66D14FEA4E0E5EFB010E4EFA60
:1047100002FE0EF3070E87F800E0D0E61398279FFD
:1047200000EB07092C9B032F11DD4FEAA70650F879
:10473000041B59F8044B2FFA91F22FFA81F12FFA4A
:1047400094F82FFA84F4A3E81601013EEFDC17F089
:1047500003067FF74CAD10F9011B23F8021B19F972
:10476000011B23F8021B013EF5DC40E5279E2C9A35
:104770004FF000031846B11017D0B2E8801600FAC7
:1047800087F000FAA7F000FA89F000FAA9F003FA1E
:104790008AF303FAAAF303FA8CF303FAACF30139B0
:1047A000EBDCC0F10000C3F1000316F003010BD0F5
:1047B000B2F90040A0EB0400B2F90240A3EB0403FD
:1047C000013902F10402F3DC289A02FB00F003FB3A
:1047D00002F212E5013311D04FF0010303FA02F3A4
:1047E0004FEAA3035EFB013E4FEA4E0E4EFA02FE75
:1047F00086440EF3070E87F800E060E6C2F101037D
:104800000EFA03FE0EF31F0E5EFB11FE86440EF33E
:10481000070E87F800E052E601330DD04FF0010398
:1048200003FA02F34FEAA3035CFB013C4FEA4C0C92
:104830004CFA02FC84445CE7C2F101030CFA03FC6D
:104840000CF31F0C5CFB11FC844452E77B1C0DD065
:104850004FF0010303FA07F34FEAA3035EFB043EA4
:104860004FEA4E0E4EFA07FE864491E6C7F1010369
:104870000EFA03FE0EF31F0E5EFB14FE864487E65F
:104880002DE9F04F99B000BF149013911692129336
:104890004FF00008CDF83480DDF834B0239A02EBF5
:1048A0008B02B2F90030B2F90240CDE90434229A09
:1048B00002EBCB02D2E90012CDE902122B9A02EBF5
:1048C000CB02D2E90012CDE9001213982C9B4FF0D5
:1048D0001006046C50F8041B2FFA91F22FFA81F1A4
:1048E0002FFA94F82FFA84F4A3E81601013EF0DCC5
:1048F000289B2C9A4FF0000318464FF01001B2E8A5
:10490000001700FA88F000FAA8F000FA89F000FA1F
:10491000A9F003FA8AF303FAAAF303FA8CF303FA71
:10492000ACF30139EBDCC0F10000C3F10003289ABD
:1049300002FB00F003FB02F2169901EBCB01D1E977
:10494000003403441444CDE90934129A4FF00503AE
:1049500002F103021A44DDF850900B924FF03E072B
:104960000F930B9B2C9EDDE909CEE246F34603F143
:1049700001030C934FF00408D9F840502FFA85F446
:1049800056F8040B2FFA95F556F8041B24FB00AAE1
:1049900025FB01AA56F8042B56F8043B24FB02BB66
:1049A00059F8044B25FB03BB2FFA84F52FFA94F436
:1049B00025FB00CC56F8040B25FB02EED9F840503D
:1049C00024FB01CC24FB03EE2FFA85F42FFA95F596
:1049D00056F8041B24FB00AA56F8042B25FB01AA59
:1049E00056F8043B24FB02BB59F8044B25FB03BBE0
:1049F0002FFA84F52FFA94F425FB00CC25FB02EE68
:104A0000D9F8405024FB01CC56F8040B24FB03EEEC
:104A10002FFA85F42FFA95F556F8041B24FB00AA0B
:104A200056F8042B25FB01AA56F8043B24FB02BBD5
:104A300059F8044B25FB03BB2FFA84F52FFA94F4A5
:104A400025FB00CC25FB02EE56F8040B24FB01CC21
:104A5000D9F8405024FB03EE2FFA85F42FFA95F590
:104A600056F8041B24FB00AA56F8042B25FB01AAC8
:104A700056F8043B24FB02BB59F8044B25FB03BB4F
:104A80002FFA84F52FFA94F425FB00CC25FB02EED7
:104A9000B8F1010824FB01CC24FB03EE3FF76CAF17
:104AA0000B9D2E460F9A901E09DC0C9CC2F102024F
:104AB00004EB42020C9200F1050005F102050F9093
:104AC00000980299049A0C9C4FEA4C0C4FEA4A0A4F
:104AD0005CFB010C5AFB010A4CFA02FC4AFA02FA8E
:104AE0000CF3070C0AF3070A86F800C084F800A04C
:104AF00001980399059A4FEA4E0E4FEA4B0B5EFB65
:104B0000010E5BFB010B4EFA02FE4BFA02FB0EF3A9
:104B1000070E0BF3070B86F8BDE084F8BDB005F176
:104B200002030B9309F14009013F7FF41AAFCDF85E
:104B30002090DDF820902C9EDDE909CE4FF0100882
:104B400059F8044B56F8040B56F8041B56F8042B7E
:104B500056F8043B2FFA84F52FFA94F425FB00CC89
:104B600025FB02EE24FB01CC24FB03EEB8F1010887
:104B7000E6DC00980299049A0B9E4FEA4C0C5CFB11
:104B8000010C4CFA02FC0CF3070C86F800C00198EB
:104B90000399059A4FEA4E0E5EFB010E4EFA02FE95
:104BA0000EF3070E86F8BDE0139B03F18003139309
:104BB000129B159A03F5BD7312930D9A02F101022F
:104BC0000D92202AFFF668AE002019B0BDE8F08FE4
:104BD000D1ED007A92ED007A77EE877AC0ED007A17
:104BE000704700BF2DE9F043079CDDF834C094ED19
:104BF000000A089C94F90060099CD4ED000A0A9C04
:104C000094F900E00B9C94ED001A0C9C94F9005070
:104C1000BCF1000F21D1B4EE410AF1EE10FA40F0E0
:104C2000C880AE4240F0C580F4EE410AF1EE10FAC1
:104C300040F0BF80AE4540F0BC8063B1034411F941
:104C4000014B12F9016B3444641B04F3070400F8B0
:104C5000014B9842F3D1BDE8F08380EE815A07EE14
:104C6000905A4FF001089F08C0EE016AF8EEE77A0B
:104C700015EE104AC4F3C755C5F17E0516EE904AED
:104C800005EAE575C4F3C754C4F17E04A542A8BF84
:104C90002546BCF1010F05F11D0408FA04F407EEE6
:104CA000104A05F1160405F11505B8EEC76A08FAB1
:104CB00005F508FA04F807EE108AB8EEC77A7FD037
:104CC00005EE906A92F90020F8EEE55AA2EB0E028A
:104CD00004EE902AE5EEE67AF8EEE44A76EEA66A6D
:104CE00066EE866AE4EE857A67EE877ABDEEE67A4E
:104CF000FDEEE77A17EE106A17EE90EAAE44002F49
:104D000000F0D4804FEA8708051D01EB870751F8B2
:104D1000042B02F0FF29120202F0FF2236FB02EC04
:104D20004CFA04FC0CF3070C05F804CC36FB09EC38
:104D30004CFA04FC0CF3070C05F803CC36FB12EC20
:104D40004CFA04FC0CF3070C05F802CC36FB19E214
:104D5000224102F30702B94205F8012C05F10405CE
:104D6000D5D1404413F003033FF475AF97F9002009
:104D7000120236FB02E2224102F30702012B02700B
:104D80003FF469AF97F90120120236FB02E222419B
:104D900002F30702022B42703FF45DAF97F9023035
:104DA0001B0236FB03E3234103F307038370BDE8D3
:104DB000F083CDE908E50796BDE8F04300F0EEB9D1
:104DC00005EE90EA91F90010F8EEE54A891B05EE30
:104DD000901AE4EEC57AF8EEE55A35EE055A25EE5E
:104DE000065AE5EEA67A67EE877ABDEEC57AFDEE45
:104DF000E77A17EE10CA17EE906A2E44002F57D0AC
:104E00004FEA870800F1040E02EB870752F8041BF3
:104E10000D0201F0FF2105F0FF253CFB056949FA71
:104E200004F909F307090EF8049C3CFB016949FAEF
:104E300004F909F307090EF8039C3CFB15652541AD
:104E400005F307050EF8025C3CFB1161214101F3FB
:104E50000701BA420EF8011C0EF1040ED6D14044EF
:104E600013F003033FF4F7AE97F9002012023CFB66
:104E70000262224102F30702012B02703FF4EBAE03
:104E800097F9012012023CFB0262224102F3070261
:104E9000022B42703FF4DFAE97F902301B023CFB5D
:104EA0000363234103F307038370D4E60F4659E7F6
:104EB0001746D5E7C0F34343022B55D020F07E437D
:104EC0002C4A934210D021DC2B4A93420CD00FDDA8
:104ED0002A4A934208D002F5FA32934204D0284A73
:104EE00093420CBF1346402300F0D0401843704754
:104EF000A2F580629342F7D02CDD224A00F0D04028
:104F000093420CBF13464023184370471E4A9342F6
:104F1000EAD010DD1D4A9342E6D002F2F1729342CC
:104F2000E2D0A2F5006200F0D04093420CBF1346DD
:104F3000402318437047A2F287329342D4D002F53F
:104F400060729342D0D0A2F5806293420CBF1346A8
:104F50004023C9E7A2F580629342C5D080329342D4
:104F60000CBF13464023BFE7094B034043F48023A3
:104F7000BAE700BF4010820040080400401004005F
:104F80004F08040047040400470484004F088400CD
:104F9000FF3F8000F1B1C0F3C613C0F3434C6FF480
:104FA0008872C0F3415003FB01F142FA0CF2073161
:104FB000D20721F0070121FA00F104D500230731BF
:104FC0001944C808704743FA00F007318340194478
:104FD000C80870470846704761B1C0F3C613C0F3F4
:104FE000415201FB03F0073020F00700D0400730AA
:104FF000C008704708467047120242EA014242EA7E
:105000000060704730B48569C4684169064B286800
:10501000064A0340C968E068934201FB00F001D1F1
:105020000730C00830BC7047FFFF7F01C00004009C
:1050300070B40468C4F3172404B32346013B9C42B4
:105040004FEA830C15D915680124B3EB152F02D252
:10505000546854F823400E680125B3EB162F02D292
:105060004D6855F80C50AC4238BF2C46456845F8A1
:105070000C401BB10468C4F31724DFE770BC704711
:105080002DE9F04FD1E90046D2F804C083B0B4F561
:10509000A06F7168DCF804807BD3356905FB01FEE5
:1050A0001268D6E90246B2F5A06F026800962CBFDE
:1050B000DCF810904FF00109B2F5007FDCE90267DF
:1050C000019763D3414547680CBF1A4600227A60B6
:1050D00018BF0122D0F800A008BF0022B5EB090CD0
:1050E000CAF3172B18BF4FF0010CBAF5A06F13D3FA
:1050F0004D4514BF4FF0000A02F0010A414514BFAC
:1051000000250CF00105476801FB15A803FB08F515
:105110003D610568C5F3172BB4EB060818BF4FF0C7
:105120000108BBF1020F08FB0EF52FD9B44214BFE2
:105130004FF0000902F00109019F0CEA0909A9EBEF
:10514000050901FB0C990099A1F1010603FB09F97E
:10515000B6FA86F67609B94218BF46F001064768E6
:10516000C7F808900168C1F31721AEB9B8F1000F74
:1051700012D002EA0C02032908D90EFB04F441689C
:1051800006FB14222A4403FB02F2CA6003B0BDE806
:10519000F08F8E46012583E70022ECE72DE9F04FE2
:1051A00085B0C0EE016A86469DF938409DF93C0005
:1051B000644207EE100A07EE904A1C46B8EEC77A22
:1051C000B8EEE76AC0EE817A16EE900A36EEA65A7D
:1051D000C0F3C750C0F17E0017EE903A27EEC77AB1
:1051E00077EEA75AC3F3C753A6EE267AC3F17E0320
:1051F00003EAE3738342A8BF03469DF940005FEAD8
:10520000940B07EE900A03F11D054FF0010003F126
:105210001609F8EEE77A03F1150300FA05F500FA2E
:1052200003F300FA09F077EE877A07EE105AF8EEEA
:10523000C76A07EE100AB8EEC77A25EE266A65EE51
:10524000A66A67EE877ABDEEC67AFDEEE77A17EEBC
:10525000108ABDEEE67A17EE906A17EE107A1E44B9
:1052600006F1FF3600F084804FEA8B030EF104054F
:1052700001EB8B0B92460392CDE9013E51F8040BF2
:105280005AF8043B4FEA002E00F0FF2003F0FF2203
:105290000EF0FF2E38FB0E6C1B0203F0FF2337FBD2
:1052A00003CC4CFA09FC0CF3070C05F804CC38FBD2
:1052B000006C37FB02CC4CFA09FC0CF3070C05F828
:1052C00003CC38FB1E6E37FB13E343FA09F303F3F9
:1052D000070305F8023C38FB106037FB120242FA64
:1052E00009F202F307028B4505F8012C05F10405CC
:1052F000C4D1039ADDE9013E9E441A4414F003012F
:1053000033D09BF90000000238FB006092F90030B6
:105310001B0237FB030343FA09F303F307030129D5
:105320008EF8003021D09BF90100000238FB0060AC
:1053300092F901301B0237FB030343FA09F303F32D
:10534000070302298EF801300FD09BF902301B02AF
:1053500038FB036892F902301B0237FB038343FAE0
:1053600009F303F307038EF8023005B0BDE8F08FB0
:105370008B46C3E770B50F4E0C463168054611B930
:1053800000F02CF930602146284600F027F9431C34
:1053900003D14FF0FF34204670BDC41C24F0030439
:1053A000A042F8D0211A284600F018F90130F2D1B5
:1053B000EFE700BFDC6700242DE9F843CD1C25F0A2
:1053C000030508350C2D38BF0C25002D064601DBE2
:1053D000A94204D90C2333600020BDE8F883DFF82C
:1053E000D48000F069F8D8F800301C4644BB294648
:1053F0003046FFF7BFFF431C044658D1D8F80040A1
:105400002746002F43D1002C4BD023683946304625
:1054100004EB030900F0E2F8814542D121686D1ADE
:1054200029463046FFF7A6FF01303AD023682B44C7
:105430002360D8F800305A6862BBC8F800700FE0EB
:105440002268521B20D40B2A17D96119A342256068
:1054500018BF5960636808BFC8F8001062514B60FC
:10546000304600F02FF804F10B00231D20F0070058
:10547000C21A1CBF1B1AA350AFE76268A3420CBF3D
:10548000C8F800205A60EBE723466468AEE73C4664
:105490007F68B6E71A465B68A342FBD100235360DE
:1054A000DEE70C233360304600F00CF894E705602B
:1054B000D6E700BFE0670024014800F0C9B800BF8C
:1054C00020690024014800F0C4B800BF206900240E
:1054D0002DE9F041074614460D4621B9BDE8F041DB
:1054E0001146FFF769BF2AB900F0C2F825462846E1
:1054F000BDE8F08100F006F98442064602D8B4EB1C
:10550000500FF4D821463846FFF756FF804608B9B9
:105510004546ECE7B4422246294628BF324600F011
:1055200099F82946384600F0A3F8F1E70CB430B5F5
:10553000184B0C1E1D689DB008DA8B232B604FF0B2
:10554000FF301DB0BDE8304002B070474FF4027329
:10555000ADF814304FF000031B9314BF04F1FF3378
:105560002346049307934FF6FF7302900690ADF81D
:105570001630209A21AB02A92846019300F026F9A3
:10558000431CBCBF8B232B60002CDAD0029B002273
:105590001A70D6E7C84A0024884210B501EB02040D
:1055A00002D98442234607D8431EA14208D011F8ED
:1055B000012B03F8012FF8E7024401468A4200D18B
:1055C00010BD13F8014D02F8014DF7E70244034600
:1055D000934200D1704703F8011BF9E738B5064D37
:1055E0000023044608462B60EFF79EFA431C02D1C5
:1055F0002B6803B1236038BD1C690024014B186877
:10560000704700BFC84A002470B50D4D0D4C641B97
:10561000A4100026A64209D10B4D0C4C00F0FEFB55
:10562000641BA4100026A64205D170BD55F8043BAA
:1056300098470136EEE755F8043B98470136F2E704
:10564000A07C0408A07C0408A07C0408A47C0408B6
:10565000704770470A44914200F1FF3300D1704710
:1056600010B511F8014B03F8014F9142F9D110BD6B
:1056700038B50546002941D051F8043C0C1F002BD9
:10568000B8BFE418FFF718FF1D4A136833B9636009
:1056900014602846BDE83840FFF714BFA34208D97C
:1056A000206821188B4201BF19685B6809182160C6
:1056B000EDE71A465B680BB1A342FAD9116850189E
:1056C000A0420BD120680144501883421160E0D100
:1056D00018685B68536008441060DAE702D90C234D
:1056E0002B60D6E7206821188B4204BF19685B68DD
:1056F000636004BF091821605460CAE738BD00BF69
:10570000E067002451F8043C181F002BBCBF0B5865
:10571000C01870472DE9F0478E681F46BE420B68DF
:1057200082460C4690462DD8B1F90C2012F4906FA9
:1057300026D06569096905EB4505A3EB010905EB71
:10574000D5757B1C4B446D109D4238BF1D465305DB
:1057500027D52946FFF730FE064660B321694A4641
:10576000FFF778FFA38923F4906343F08003A381BC
:10577000266165614E44A5EB09052660A5603E469D
:10578000BE4200D93E46206832464146FFF704FF3C
:10579000A3689B1BA3602368334423600020BDE8FB
:1057A000F0872A46FFF794FE06460028E0D12169DB
:1057B0005046FFF75DFF0C23CAF80030A38943F081
:1057C0004003A3814FF0FF30E9E700002DE9F04FDF
:1057D00098468B891B069DB007460D46144610D58A
:1057E0000B6973B94021FFF7E7FD2860286130B9E4
:1057F0000C233B604FF0FF301DB0BDE8F08F40231D
:105800006B610023099320238DF82930CDF80C809B
:105810003023DFF89C818DF82A304FF001092346B0
:105820009A4613F8012B0AB1252AF9D1BAEB040BD9
:105830000BD05B46224629463846FFF76BFF013006
:1058400000F0A780099A5A4409929AF80030002B78
:1058500000F09F8000234FF0FF32CDE905230AF1CD
:10586000010A049307938DF853301A935446052286
:1058700014F8011B4E48EAF733FD049AD8B9D00654
:1058800044BF20238DF85330110744BF2B238DF8DC
:1058900053309AF800302A2B15D0079A544600202E
:1058A0004FF00A0C214611F8013B303B092B4BD934
:1058B000B0B1079214E0A0EB080309FA03F3134315
:1058C0000493A246D2E7039B191D1B680391002B8A
:1058D000BBBF5B4242F0020207930793B8BF04923A
:1058E00023782E2B0AD163782A2B32D1039B1A1DE1
:1058F0001B68039243EAE37302340593DFF8C0A008
:10590000217803225046EAF7EBFC38B1049BA0EB68
:105910000A004022824013430134049314F8011B0F
:1059200024488DF828100622EAF7DAFC002836D041
:10593000214B1BBB039B073323F00703083303935F
:10594000099B334409936AE70CFB02320C460120A1
:10595000A8E700230134059319464FF00A0C2046AE
:1059600010F8012B303A092A03D9002BC6D0059133
:10597000C4E70CFB012104460123F0E703AB0093CD
:105980002A460E4B04A93846AFF30080421C064657
:10599000D6D1AB895B063FF52DAF09982CE703AB59
:1059A00000932A46054B04A9384600F079F8EDE744
:1059B000187B0408227B040800000000155701082A
:1059C0001E7B04082DE9F047164698468A680B6945
:1059D000DDF820909342B8BF1346336091F843201E
:1059E00007460C460AB1013333602368990642BF6B
:1059F000336802333360256815F0060506D104F1DB
:105A0000190AE36832689B1AAB4226DC94F84330EB
:105A10002268003B18BF012392062BD404F14302F5
:105A200041463846C84701301ED02368226903F03A
:105A30000603042B02BFE5683368ED1AA3680CBFA8
:105A400025EAE57500259342C4BF9B1AED18002690
:105A50001A34B5421AD1002008E0012352464146CB
:105A60003846C847013003D14FF0FF30BDE8F0871A
:105A70000135C6E7E1185A1C302081F84300224462
:105A800094F8451082F843100233C7E701232246F9
:105A900041463846C8470130E6D00136D9E7000014
:105AA0002DE9FF470F7E0C9E782F914680460C46CD
:105AB0009A4601F1430207D8622F0AD8002F00F05E
:105AC000D180582F00F0B88004F1420684F842706B
:105AD0003AE0A7F16303152BF6D801A151F823F0A2
:105AE000395B01084D5B0108C95A0108C95A010810
:105AF000C95A0108C95A01084D5B0108C95A010871
:105B0000C95A0108C95A0108C95A01084B5C010861
:105B1000775B0108055C0108C95A0108C95A0108E8
:105B20006D5C0108C95A0108775B0108C95A010870
:105B3000C95A01080D5C010833681A1D1B683260E0
:105B400004F1420684F8423001239CE03368206867
:105B5000191D3160060601D51D6803E04506FBD519
:105B6000B3F90050002D03DA2D236D4284F8433041
:105B700058480A2311E021683368080653F8045B8B
:105B800002D4490648BFADB26F2F5248336014BFEC
:105B90000A230823002184F843106668A660002EBB
:105BA00005DB21682E4321F0040121604BD016460D
:105BB000B5FBF3F103FB1157C75D06F8017D2F46D6
:105BC000BB420D46F4D9082B0BD12368DF0708D55B
:105BD000236961689942DEBF302306F8013C06F173
:105BE000FF36921B2261CDF800A04B4603AA214646
:105BF0004046FFF7E7FE01304AD14FF0FF3004B0D6
:105C0000BDE8F087236843F02003236032487827FB
:105C100084F84570236831681F0651F8045B02D48C
:105C20005F0648BFADB23160D90744BF43F02003DF
:105C300023601DB11023ADE72648E9E7236823F070
:105C400020032360F6E71646BDE7336825686169DF
:105C5000181D30602E061B6801D5196002E0680629
:105C6000FBD51980002323611646BCE733681A1D53
:105C700032601E68626800213046EAF731FB08B1E5
:105C8000801B606063682361002384F84330AAE7C7
:105C90002369324649464046D0470130ADD023689B
:105CA0009B0713D4E068039B9842B8BF1846A6E749
:105CB0000123324649464046D04701309DD0013548
:105CC000E36803995B1AAB42F2DCEBE7002504F1D1
:105CD0001906F5E7297B04083A7B040810EE102A20
:105CE00040F22A41C2F30A538B4230B4B7EEC06A85
:105CF0002AD912F5000F58D0B3F5FF6F03D330EE59
:105D0000000A30BC7047DFED2A7AB4EEE70AF1EE04
:105D100010FA03DD30BC002000F07AB8DFED257A00
:105D2000B4EEE70AF1EE10FA03D530BC002000F023
:105D300063B8DFED217AB4EEE70AF1EE10FA03D58D
:105D400030BC002000F05EB81C4BB7EE000B93EDAA
:105D50004A5B93ED484BB0EE447BA5EE067B17EE15
:105D6000100A37EE447B00F01F0295EE067B93EDA0
:105D70004C5B27EE074B93ED4E6B03EBC201A5EE98
:105D8000076B53F832404D6893ED505B00210A19C0
:105D900005EBC033A5EE070B43EC172BA6EE040B67
:105DA00020EE070BB7EEC00BABE79FED050AA8E7A7
:105DB0001772B142B4F1CFC2CF8ECEC2507B04086D
:105DC0000000000010B52DED028BB0EE408A0446B5
:105DD000FFF714FCB0EE480ABDEC028B046010BD66
:105DE00030B1F1EE407A27EE800A2220FFF7EABFB9
:105DF000F0EE407AF7E700009FED010AFFF7F0BFF1
:105E0000000000109FED010AFFF7EABF0000201A12
:105E10009FED010AFFF7E4BF00000070F8B500BF76
:105E2000F8BC08BC9E467047F8B500BFF8BC08BC7B
:045E30009E467047D3
:105E40000000FFFFA5A55A5A010040000040008055
:105E50000500A5A5A5A50500550055AA55AA5500FC
:105E60004000000000004000FFFF00000000FFFFB6
:105E70000000000000100000000010000000800082
:105E8000000000010000FF01000001009C4A002406
:105E900000000100704A00245B4150505D20726593
:105EA000636F7665722073746172742072656173BA
:105EB0006F6E3D25730D0A005B4150505D20726589
:105EC000636F766572206F6B206D69643D30782555
:105ED000303458207069643D30782530345820744F
:105EE00072793D256C75206366673D25730D0A0048
:105EF0005B4150505D207265636F7665722066610C
:105F0000696C206D69643D307825303458207069A3
:105F1000643D3078253034580D0A00005B43414D14
:105F20005D20737769746368206661696C206361C2
:105F30006D3D257520726561736F6E3D257320730D
:105F40007465703D73656C6563740D0A0000000034
:105F5000696E6974000000005B43414D5D207377FA
:105F600069746368206661696C2063616D3D2575A5
:105F700020726561736F6E3D257320737465703D8B
:105F800064636D690D0A00005B43414D5D207377CA
:105F900069746368206F6B2063616D3D25752072A5
:105FA0006561736F6E3D25730D0A00007374617235
:105FB0007475705F626F6F74000000005B41505039
:105FC0005D2070726F6265206661696C206D696426
:105FD0003D307825303458207069643D3078253064
:105FE00034580D0A000000005B4150505D20707273
:105FF0006F6265206F6B206D69643D3078253034A9
:1060000058207069643D3078253034580D0A0000FE
:1060100076697375616C5F63617074757265000099
:1060200076697375616C5F6A706567007669737510
:10603000616C5F6465636F6465000000524C4C5F87
:106040004A450000524C4C5F4A440000686967684A
:10605000000000006C6F77005B534452414D5D209F
:106060006D70755F72315F656E3D2575207261736D
:10607000723D30782530386C58206E6F726D616CCF
:106080005F636163686561626C653D310D0A0000A4
:106090005B534452414D5D206373693D2575206912
:1060A0006F636F6D7020656E3D257520726561644C
:1060B000793D257520666F72636577743D2575207F
:1060C00063636373723D30782530386C580D0A0075
:1060D0005B534452414D5D20706539206D6F64659E
:1060E0003D256C752061663D256C75207370656576
:1060F000643D256C752070756C6C3D256C75206950
:1061000064723D256C750D0A000000005B5344521B
:10611000414D5D20636C6F636B73207379733D2514
:106120006C752068636C6B3D256C75206F666669C5
:106130006369616C3D2575206C6F7735303D257541
:106140000D0A00005B534452414D5D20666D635F54
:106150007372633D3078256C5820706C6C325F72BE
:10616000656164793D2575206B65726E656C3D25B2
:106170006C75207364636C6B3D256C752073646370
:1061800072303D30782530386C580D0A0000000020
:106190005B534452414D5D2072706970653D256CC2
:1061A000752073646372303D30782530386C582028
:1061B0007374617475733D257520616464723D303C
:1061C000782530386C58206578703D2530386C580B
:1061D00020676F743D2530386C5820646966663DD1
:1061E0002530386C580D0A006661696C00000000AB
:1061F0005B534452414D5D2063616368655F727417
:1062000020257320636F64653D2575206279746570
:10621000733D34303936207061737365733D257575
:106220000D0A00006F6B00005B534452414D5D202E
:106230007465737420257320636F64653D25752034
:10624000626173653D30784330303030303030201B
:1062500073697A653D33324D420D0A005B534452F7
:10626000414D5D20696E6974206661696C20636FC1
:1062700064653D25750D0A005B534452414D5D2018
:106280006661696C20616464723D30782530386CD9
:1062900058206578703D30782530386C5820676F0D
:1062A000743D30782530386C580D0A005B534452E9
:1062B000414D5D20646961672070686173653D25AB
:1062C0006C7520696E6465783D256C75206469661F
:1062D000663D30782530386C582068616C663D2505
:1062E000730D0A005B534452414D5D207265726527
:1062F00061643D2530346C582C2530346C582C2585
:1063000030346C580D0A00005B534452414D5D20FF
:1063100068736E61703D2530346C582C2530346CB8
:10632000582C2530346C582C2530346C580D0A000C
:106330005B534452414D5D20736E61703D25303298
:106340006C582C2530326C582C2530326C582C254A
:1063500030326C580D0A00005B515350495D206982
:10636000643D25303258253032582530325820735C
:1063700074617475733D25750D0A00005B515350AF
:10638000495D207372313D25303258207372323DA1
:1063900025303258207372333D25303258207374C3
:1063A000617475733D25750D0A0000005B515350F3
:1063B000495D20736664703D25303258253032586F
:1063C0002530325825303258207265763D253032DE
:1063D0005825303258207374617475733D25750DDE
:1063E0000A0000005B515350495D2070726F626576
:1063F0002079756E65743D30782530386C5820737F
:10640000666163653D30782530386C580D0A0000B0
:106410005B4641554C543A25735D20434653523DEB
:1064200030782530386C5820484653523D30782516
:1064300030386C5820424641523D30782530386C17
:1064400058204D4D4641523D30782530386C580D1E
:106450000A00000048617264000000004D656D0094
:1064600042757300557361676500000020000000ED
:106470000000000000000000080000003C6001086F
:1064800020000000000000000000000000000000EC
:1064900044600108FF011240030A32091711184332
:1064A00019001A4B37C04FCA50A85A236D003D3807
:1064B000399235DA221A37C3230034C0068807C060
:1064C0000D870E4142034C000428FF00E004C06425
:1064D000C14B8C0051C852965300540055005700D0
:1064E000863D50805A505B3C5C00E000D302440380
:1064F000FF00D3024403DA10E0000000FF01E014C3
:10650000E177E51FD703DA10E0000000FF00DA10A2
:10651000D703DF0033803C40E1770000FF002CFF11
:106520002EDFFF013C321182090204A813E5144852
:106530002C0C33783A333BFB3E0043111610399252
:1065400035DA221A37C3230034C0361A068807C04A
:106550000D870E414C0048005B0042034A8121999F
:106560002440253826825C00630046000C3C6170A4
:1065700062807C05208028306C006D806E00700287
:10658000719473C13D345A571200171118751901CF
:106590001A973236030F37404FCA50A85A236D005E
:1065A0006D38FF00E57FF9C04124E01476FF33A089
:1065B000422043184C0087D5883FD703D910D38297
:1065C000C808C9807C007D007C037D487D487C082C
:1065D0007D207D107D0E9000910E911A9131915A7F
:1065E00091699175917E9188918F919691A391AFC8
:1065F00091C491D791E891209200930693E393057B
:1066000093059300930493009300930093009300E9
:10661000930093009600970897199702970C972478
:10662000973097289726970297989780970097001A
:10663000C3EFA400A800C511C651BF80C710B6663D
:10664000B8A5B764B97CB3AFB497B5FFB0C5B19482
:10665000B20FC45CC0C8C1968C00863D50005190FA
:10666000522C5300540055885A905B2C5C05D30281
:10667000C3ED7F00DA09E51FE167E000DD7F05007B
:1066800000000000010203040102030406070809D8
:10669000000102030405060708090A0B0C0D0E0F82
:1066A000101112131415161718191A1B1C1D1E1F72
:1066B000202122232425262728292A2B2C2D2E2F62
:1066C000303132333435363738393A3B3C3D3E3F52
:1066D000404142434445464748494A4B4C4D4E4F42
:1066E000505152535455565758595A5B5C5D5E5F32
:1066F000606162636465666768696A6B6C6D6E6F22
:10670000707172737475767778797A7B7C7D7E7F11
:10671000808182838485868788898A8B8C8D8E8F01
:10672000909192939495969798999A9B9C9D9E9FF1
:10673000A0A1A2A3A4A5A6A7A8A9AAABACADAEAFE1
:10674000B0B1B2B3B4B5B6B7B8B9BABBBCBDBEBFD1
:10675000C0C1C2C3C4C5C6C7C8C9CACBCCCDCECFC1
:10676000D0D1D2D3D4D5D6D7D8D9DADBDCDDDEDFB1
:10677000E0E1E2E3E4E5E6E7E8E9EAEBECEDEEEFA1
:10678000F0F1F2F3F4F5F6F7F8F9FAFBFCFDFEFF91
:10679000FFFFFFFFFFFFFFFFFFFFFFFFFFFFFFFF09
:1067A000FFFFFFFFFFFFFFFFFFFFFFFFFFFFFFFFF9
:1067B000FFFFFFFFFFFFFFFFFFFFFFFFFFFFFFFFE9
:1067C000FFFFFFFFFFFFFFFFFFFFFFFFFFFFFFFFD9
:1067D000FFFFFFFFFFFFFFFFFFFFFFFFFFFFFFFFC9
:1067E000FFFFFFFFFFFFFFFFFFFFFFFFFFFFFFFFB9
:1067F000FFFFFFFFFFFFFFFFFFFFFFFFFFFFFFFFA9
:10680000FFFFFFFFFFFFFFFFFFFFFFFFFFFFFFFF98
:10681000FFFFFFFFFFFFFFFFFFFFFFFFFFFFFFFF88
:10682000FFFFFFFFFFFFFFFFFFFFFFFFFFFFFFFF78
:10683000FFFFFFFFFFFFFFFFFFFFFFFFFFFFFFFF68
:10684000FFFFFFFFFFFFFFFFFFFFFFFFFFFFFFFF58
:10685000FFFFFFFFFFFFFFFFFFFFFFFFFFFFFFFF48
:10686000FFFFFFFFFFFFFFFFFFFFFFFFFFFFFFFF38
:10687000FFFFFFFFFFFFFFFFFFFFFFFFFFFFFFFF28
:10688000FFFFFFFFFFFFFFFFFFFFFFFFFFFFFFFF18
:1068900000000000000000000000000000000000F8
:1068A00000000000000000000000000000000000E8
:1068B00000000000000000000000000000000000D8
:1068C00000000000000000000000000000000000C8
:1068D00000000000000000000000000000000000B8
:1068E00000000000000000000000000000000000A8
:1068F0000000000000000000000000000000000098
:106900000000000000000000000000000000000087
:106910000000000000000000000000000000000077
:106920000000000000000000000000000000000067
:106930000000000000000000000000000000000057
:106940000000000000000000000000000000000047
:106950000000000000000000000000000000000037
:106960000000000000000000000000000000000027
:106970000000000000000000000000000000000017
:106980000000000000000000000000000000000007
:1069900000000000000000000000000000000000F7
:1069A00000000000000000000000000000000000E7
:1069B00000000000000000000000000000000000D7
:1069C00000000000000000000000000000000000C7
:1069D00000000000000000000000000000000000B7
:1069E00000000000000000000000000000000000A7
:1069F0000000000000000000000000000000000097
:106A00000000000000000000000000000000000086
:106A10000000000000000000000000000000000076
:106A20000000000000000000000000000000000066
:106A30000000000000000000000000000000000056
:106A40000000000000000000000000000000000046
:106A50000000000000000000000000000000000036
:106A60000000000000000000000000000000000026
:106A70000000000000000000000000000000000016
:106A80000000000000000000000000000000000006
:106A90000020622CCF29A025002024195111D408F0
:106AA000622C903DFE393134622CDF2205183E0CF9
:106AB000CF29FE39A0362931CF29D920A016890B3C
:106AC000A025313429313E2CA025901D5D14610A8A
:106AD0000020622CCF29A025002024195111D408B0
:106AE0002419DF22D920901D2419C1139B0DEF0614
:106AF00051110518A0165D1451119B0D5F09C704B3
:106B0000D4083E0C890B610AD408EF06C7046F0253
:106B1000000108100902030A11182019120B0405BC
:106B20000C131A21283029221B140D06070E151CE0
:106B3000232A313839322B241D160F171E252C33EA
:106B40003A3B342D261F272E353C3D362F373E3F0E
:106B500000061016000610160100020004000600D0
:106B600008000A000C001000200040008000000116
:106B700008040204080101010101010307010000EA
:106B8000040000004801002404000000CC0100249F
:106B90004004840001000000A06B0108A06B010804
:106BA00080000000040000004802002404000000EF
:106BB000D40200240400000060030024040000004C
:106BC000E40300244004840001000000D46B0108A9
:106BD000D46B010880000000040000006004002461
:106BE00004000000EC0400240400000078050024E8
:106BF00004000000FC0500244004840001000000A3
:106C0000086C0108086C0108800000000400000006
:106C1000780600240400000004070024040000009B
:106C20007007002404000000F007002404000000A6
:106C30008C0800240400000018090024040000004F
:106C4000A409002404000000400A002404000000FD
:106C5000CC0A002404000000380B002404000000CB
:106C6000B80B002404000000540C002404000000B1
:106C7000E00C0024040000004C0D0024040000007F
:106C8000CC0D002404000000680E00240400000065
:106C9000F40E002404000000600F00240400000033
:106CA000E00F0024040000007C1000240400000019
:106CB00008110024040000007411002404000000E6
:106CC000F4110024040000009012002404000000CD
:106CD0001C13002404000000A8130024040000007A
:106CE0004414002404000000D01400240400000018
:106CF0003C15002404000000BC1500240400000022
:106D00005816002404000000E416002404000000CB
:106D10005017002404000000D017002404000000D5
:106D20005018002404000000A818002404000000EB
:106D3000FC180024040000005C190024040000007A
:106D4000BC19002404000000201A00244004840020
:106D5000000100005C6D01085C6D0108808080808E
:106D60008080808080808080808080808080808023
:106D70008080808080808080808080808080808013
:106D80008080808080808080808080808080808003
:106D900080808080808080808080808080808080F3
:106DA00080808080808080818181818181818181DA
:106DB00081818181818181818182828282828282BC
:106DC0008282838383838384848484858585858686
:106DD00086878787888889898A8B8B8C8D8D8E8F13
:106DE00090919293949697989A9B9D9EA0A2A4A608
:106DF000A8AAACAFB1B4B6B9BCBFC2C6C9CDD0D4D5
:106E0000D8DCE0E4E8EDF1F5FAFF03080D11161BFC
:106E10002025292E33373C4145494E52565A5E6251
:106E200066696D7073777A7D7F7F7F7F7F7F7F7FDD
:106E30007F7F7F7F7F7F7F7F7F7F7F7F7F7F7F7F62
:106E40007F7F7F7F7F7F7F7F7F7F7F7F7F7F7F7F52
:106E50007F7F7F7F7F7F7F7F7F7F7F7F0500010038
:106E6000646E0108706E01086C6E010880000000FD
:106E70002377803B050080007C6E0108046F0108C9
:106E8000846E010800000000000000000000000007
:106E900000000000000000000000000000000000F2
:106EA00000000000000000000000000000000000E2
:106EB00000000000000000000000000000000000D2
:106EC00000000000000000000000000000000000C2
:106ED00000000000000000000000000000000000B2
:106EE00000000000000000000000000000000000A2
:106EF0000000000000000000000000000000000092
:106F0000000000009F657B3A53EE7C3A1A559F3A89
:106F100007356E3A3D52823A5B5C613A00000034BC
:106F20000098793AB88E9A3AE2735C3A2B1FBA39D4
:106F3000E7F2C739BF688A365814BF3989A7553A6E
:106F40001F11973A83F7873A6E6E3C3AE8C74B3A7F
:106F500016BD813AF47D4C3AAA4E433AFAC3203A20
:106F6000AD96493ACF59403A48EBE0392D023E3AC6
:106F700000000034A68E5E3AC028843A0C3D833A65
:106F800073CC703A99DE613AB526353ACC47523A1D
:106F9000E4C7263A7A52993A70CD4C3AB5E5B839F9
:106FA000A38CAC3A69F17F3A8BB0963A95D8393ACE
:106FB00000000034D0A7853A93CD803A05542E3A8C
:106FC0001D297E3AE35E7F3ABA53713A1CB35F3AA9
:106FD000F879863A2B6F4A3ACBFE693A00000034C2
:106FE000F7BD473A00000034C306AE3723D8933AC2
:106FF000B1E9843A6080983A6FD7883A9A8B5F3AC1
:1070000000000034DBA22C3AB43D9B3AF844343AF9
:10701000282A633AE8688B3A1C94543AF9956A3AFC
:107020008FBA6E3AAD99773A81E3BC3989D4873A01
:10703000535B273A14E8533ADFEE5F3ACA935A3A61
:1070400075EF4F3A000000346B214C3AC0FA3F3ADA
:107050000758AD394072413A0C798E3A55284D3A6D
:107060008C6D4F3A12098F3A015F4F3A000000349D
:107070007183863A000000343453893AA3D8B93971
:1070800030287A3A4301613A000000348E4B943A3A
:107090001928A63AC62A493A46C3833A33D1563A02
:1070A000D4FE573ABEC83D3AFC766F3AFE48943A51
:1070B000AA562B3A3FBB3B3A8C3B4B3AFBE29E3AFB
:1070C0009AED533ABD98D63997876D3A8ECE4F3A9E
:1070D0001EB67C3A0FD34E3A15A58D3A0000003407
:1070E000079C363A9014623A36D1403A70D4613AED
:1070F0003ED8843AFF556C3A6166BD397FDC573A19
:107100007E714D3A050001000C71010818710108EB
:1071100014710108800000001C0BBE3C050001003A
:1071200024710108307101082C71010880000000F1
:1071300023C1343C050001003C710108487101087D
:1071400044710108000000009D8C153B0500010002
:1071500054710108607101085C710108330000007E
:1071600050257D3D050001006C7101087871010812
:1071700074710108800000001E803C3C0500200165
:1071800084710108AC7201088C71010800000000D4
:1071900000000000000000000000000000000000EF
:1071A00000000000000000000000000000000000DF
:1071B00000000000000000000000000000000000CF
:1071C00000000000000000000000000000000000BF
:1071D00000000000000000000000000000000000AF
:1071E000000000000000000000000000000000009F
:1071F000000000000000000000000000000000008F
:10720000000000000000000000000000000000007E
:10721000000000000000000000000000000000006E
:10722000000000000000000000000000000000005E
:10723000000000000000000000000000000000004E
:10724000000000000000000000000000000000003E
:10725000000000000000000000000000000000002E
:10726000000000000000000000000000000000001E
:10727000000000000000000000000000000000000E
:1072800000000000000000000000000000000000FE
:1072900000000000000000000000000000000000EE
:1072A0000000000000000000000000001BA5783B6B
:1072B000CBC9F33B6003973B9DB0643B0845E03B83
:1072C000853E943B9544B63B5FD10A3C0644EB3B7C
:1072D0004F29B63BD7169B3BC2638D3BF6D0953BFF
:1072E000242B9C3BB00E763BFBBEDA3BEF5A353B82
:1072F000FA359A3B28F9A73B1EA9B63BD3A33B3BE3
:1073000028B2653BF241CF3B14E7B53BF023993BF4
:1073100074B36A3B6CED9D3BFCF3623B7384913B21
:10732000F28C653B81C0803BB05A853BD701853BE1
:10733000A0B7DE3B5896813B9A3AD53B3036963B18
:10734000697A863B6FAFA73B1D53803B5C8B683BE4
:10735000EE6A013CB142BA3B6D24993BD06BC03B15
:10736000EE0BF53B088F8B3BD5DB9D3B5C19BE3BA1
:107370009F5B8E3BC1E7B73BBB1E7E3BD1FE863B8E
:10738000C1C7A73BF416993BD1C8D63B38DF693B50
:107390002FC7913B5A27C83B1B81A53BA54F923B6A
:1073A000D4BF803BF03B813BA91E813BEC428E3B2E
:1073B00042C5AE3B31F48E3BA3AD763B9C70993B0E
:1073C00026619E3BD74D9C3B69E5B73BA7ECB23BA2
:1073D0009CA4AA3B19CA7D3BF91A923B74F2C03BAC
:1073E0000617993B40CAB83BC77CA63BF596753B50
:1073F0009B0C923B03419A3BBEEE643B8D04863B63
:1074000028E6773B91ED963BFC23823B6AE23C3BCE
:107410009222E73BDD68A13BD73C783BC1FAA93B10
:10742000AC6DB43B8C3B623B4A91963B3DC0B63B56
:107430009524BB3B2F59983BA0060A3C942F933BC5
:107440009CE09E3B8D17863BC8EC973BE4EA7E3B75
:10745000B0FB923BCC47973B2894383BBF29B73BC6
:107460009EE0883B6B616B3B73CD833B3CF6753B89
:107470000C60993B37D34E3BB2DF703B2B458F3BC3
:107480006307883BFEF9D23B89D8D33B033F4C3B93
:10749000F814BA3BB50B883BC4EB813BFBD1B43B42
:1074A000E1336E3B307CB43B7381993BFB48AC3B92
:1074B000C4F6AF3BD03EB73BAD5D803B5B63543B16
:1074C000AA7FE93BD3E1DA3B7CAAD33B85F1E73BDA
:1074D0000774CD3B33AB963BE45DEB3BCB87CD3BB9
:1074E0000344AE3B87E9F83B3C9DCF3BA9F5E63B27
:1074F00095CA953BE0A3C23B588F9B3B4038843BE9
:1075000085AB8C3B3C3EA93BCE68813BC2E48F3BC4
:1075100036DF873B8697413B9EC1813BE944AF3BC9
:10752000781A903B6717A33B6F7AB03B65B6C13BB7
:107530008D45AA3B19E59D3B88FE843B20D4723BD8
:107540001D4AB03BE181943BAF87A63BE7F8093C7D
:10755000DF7E953B7F1DB23BBA38933B5050A73B33
:107560009F45963BACA5203C6966873B6995A63B49
:1075700013243A3BE05D7A3B7B8AB93BD395C33B0E
:10758000A6D2713B34324F3BC6998C3BE18D5E3BBA
:107590007E29543B0753993B3DFD573BD6A8A73B5B
:1075A0000891953B0F43803B4738A33BE93A653B45
:1075B000FE3BB43BCC2BBA3BB57C013CCA9AB13BF9
:1075C000B0C8EF3BD350CC3B2C788E3B4F17A83B39
:1075D00036F8853B87AD653B543B8E3BA7DF423B8E
:1075E000DC3C8B3BE9FD963BEE0CC53B3DAAAA3B40
:1075F000008DB13BA34F943B03C78B3BAEA9733BBC
:10760000BC00173C470B8A3B04F8783B8111493B8F
:10761000A3D4A43B7AC9B13B386E753B8C01A03B27
:1076200038CBDE3B81CDA73B9606A63BDA679F3B76
:10763000A97FF93B15840D3CCEF7853BB4D6A83B1A
:107640006664A13BA2DEAF3B49488E3BAE14AB3B28
:10765000118C8E3BD27F463B211EB03BDE8DB53B6D
:10766000C6319A3BF47EF33BA079903BCBAB5C3BBD
:10767000F4D1EA3B3BCB653B4E83803BC3A2CF3B7F
:10768000D7068E3BFA94713B229A873B5783B23BD5
:107690003B5F903B40F8B23BFFAF933BA731B23B1F
:1076A000EBD7953B296AB23B555CA13B0CB4A83B98
:1076B00045B88D3B7059903BA995BF3B71C3313B99
:1076C000BE7FC93B8B0A8F3B4496B83BF7D9E93B59
:1076D000D62D883B719E073C4C609F3B40317C3BE4
:1076E0005C60A53B4AC2803B5ADAEE3B14D3A83B10
:1076F000BCCCD33B5C00C53BF246B83BA058BA3B80
:107700008B11C63BC9D2893B3B1E6B3BD55A703BA4
:107710007F435D3B05A2B73BBE13643BCCE0C53B5A
:10772000424ACF3B58EC913B77AAA13B05000100B0
:1077300034770108407701083C7701088000000099
:10774000C2C0C03C050008004C7701085C77010806
:107750005477010800000000000000009261033B24
:107760002C3D473D7A8B7C3BA50E0A3ED279323CBC
:10777000021B293D7ED43A3A37C9BB3A05000100C5
:1077800084770108907701088C7701088000000059
:10779000C2C0C03C050005009C770108AC77010819
:1077A000A4770108000000000000000041EADB3A75
:1077B0004763D43AA13CBC3AE49DD43A0EFCCE3A9D
:1077C00005000100C8770108D4770108D0770108C7
:1077D00006000000B91FD43D05001800E07701083D
:1077E00000780108E87701080000000000000000B0
:1077F0000000000000000000000000000000000089
:1078000045BB8F3BE7E4B13B53AF273BB855233B28
:1078100072BFA03B0A32963BAC07203BACC9633B2E
:10782000C8B1493BF32D8A3B199B653B112B7B3B30
:107830004B6EB83B97CF4A3B06B3183C0BC9463B4F
:10784000F9B1A13BD0C4633B1EEB8E3BB05C653B02
:1078500044D7043B17666C3B32A1853B5B6E553BBE
:107860000500010068780108747801087078010843
:107870000600000083FB213D0500300080780108F0
:10788000B8780108887801080000000000000000B6
:1078900000000000000000000000000000000000E8
:1078A00000000000000000000000000000000000D8
:1078B000000000000000000097A7153BF537303BA3
:1078C0009ED0063B6B023A3B1677C43A7F54273B67
:1078D0006BEE3F3B10ED5C3BD9D7633BF1262A3B77
:1078E0005F2FFD3ACB93213B47D21C3B6D7C283B5D
:1078F000E98A0E3B8A30D73A36D3633BB49E353B98
:10790000278C653B953B593B516F573B880B5D3B43
:1079100029301A3B93F8583B63DB1F3BEC3E1A3B84
:1079200044FBEF3A154DE33AC415F43A9458173B2B
:107930000E1EE03ADA526F3B2597773BD7942F3BE8
:10794000E27A073B6741243BF518423B76010F3B47
:10795000EA56343BF27A233BDCD82C3B79C3D33A4A
:10796000AEE5013BA1C81A3B703B283B08B8F23A90
:107970001445443B5F480B3B05000100807901083A
:107980008C79010888790108FB00000059055A3DEF
:107990000500300098790108D0790108A079010824
:1079A00000000000000000000000000000000000D7
:1079B00000000000000000000000000000000000C7
:1079C00000000000000000000000000000000000B7
:1079D0000183BA3A41319F3A4AAF863A4709983A09
:1079E0000358B63ABCDCBC3AE4B1713ACE8A953A57
:1079F000D7DBFA3AA3D0883A5220903AE096BC3AC4
:107A00006ECA003BFE53BD3A6E237C3ABE0C673A09
:107A1000C547AD3ACB1F913AEE63A23A87B9F73A20
:107A20000C53A23A487FCB3A316D923A7E7EA53A0A
:107A30001782E13A3226A03A08AE473A70A5393AA1
:107A4000DAA6763A260FA93A7F797C3A7000D13AC5
:107A50006E23F93ABCE6AA3AF997D43ABA16A83A8C
:107A60006F94A53AA0FFAE3A02E5B63A47C0973AFE
:107A7000CFCA9A3A44E0B43A588BAB3A98179D3A39
:107A80003DA2273A1D377E3A9E77A13A0D75963A68
:107A900005000100987A0108A47A0108A07A01087B
:107AA0000A000000DC72E73C05003000B07A0108F3
:107AB000E87A0108B87A0108000000000000000020
:107AC00000000000000000000000000000000000B6
:107AD00000000000000000000000000000000000A6
:107AE000000000000000000081410E3B7E31463B5B
:107AF00089AA1A3B9F6E053BCA8E253B39EE053B92
:107B000055DAC43A0B7EE83A02172B3BE9341C3BAA
:107B10000F98D63ADB9F243B4F300B3B12A9FA3A21
:107B20005A455A3B04601D3B23E4023B02F8263BC6
:107B30000853DC3A8A0B033B0E2D1F3B76CB293BC7
:107B4000AB43123BA703343B69B1F63AB850E63A6F
:107B50001F8C093B47B4653B38DF0C3B12415F3B50
:107B6000BCE50C3B52D53B3B0E09C63AE838633BBB
:107B7000EFB7EF3A0249E63AE70E343B1E64E13ACA
:107B80001400023B3652C83AABA1B53BF39D7A3B99
:107B900094B1203BB37C003B26E4263BDE0D673BE3
:107BA000603D4D3BA7AAB13A05000100B07B01083A
:107BB000BC7B0108B87B0108F900000049C4F33C14
:107BC00005001800C87B0108E87B0108D07B01088C
:107BD00000000000000000000000000000000000A5
:107BE00000000000000000005AE4823B02A4B33A07
:107BF0001F0ABF3BDC0FD73A1BA8DD3AE453833A98
:107C000006B7A33B4C7B893AABB3163BF7A9143BB1
:107C1000603EC83A698B073B6D942E3BC66A503B69
:107C2000B8A0FC3A0045333B4433733B15BD663B7B
:107C30000FF88E3BE97F8D3A0BD4A03B38C43A3B1A
:107C40003F7E253BE64E233B05000100507C0108AA
:107C50005C7C0108587C01080B0000009ACB173DA2
:107C600005001800687C0108887C0108707C010808
:107C70000000000000000000000000000000000004
:107C80000000000000000000AA8B733BFE23A63B0F
:107C900041BA633B2F9C903BC3735F3B18E7963B15
:107CA000B72D8A3B363F803B4321773B52D29C3BEA
:107CB0003662B13B3BC4873BF5C3883B97BD4F3B26
:107CC0006D579D3BC6E0853BD988323B5D328A3B90
:107CD000E7D7933B22C0AA3BD4D94F3B4EA2613B8E
:107CE000D56B543B0B5AB23B05000100F07C0108F8
:107CF000FC7C0108F87C0108FB000000C99A3D3DAE
:107D000005001800087D0108287D0108107D010884
:107D10000000000000000000000000000000000063
:107D20000000000000000000C6829C3B20C7993B79
:107D30007173833B68FCBC3B47BC023B4122043B64
:107D400099D4543B91765C3B6460D63B3238553BCA
:107D50003839C03BD93B133BC6051E3BEB09A43B5E
:107D60008948733BFF586E3B0B5F533B79CFBE3B5B
:107D7000B8E77C3BD60A853B6005AF3BE95E443BF8
:107D80005542483B7A05723B05000100907D010891
:107D90009C7D0108987D0108F9000000F74B963D95
:107DA00005001800A87D0108C87D0108B07D010804
:107DB00000000000000000000000000000000000C3
:107DC00000000000000000003A0A3B3B02C08D3B6F
:107DD000F24F0B3BE72F933BD936403BB2CC063BEF
:107DE0009443653B6A10A53BE026583BB8A2383B5C
:107DF000D31A733BCF30233BE4D5BF3B57A74D3B52
:107E00000417D03A9DE0893B9D53323B3727873B8F
:107E10003E9A3B3B83304F3B965B293B3986483B40
:107E2000AA26893B68E73D3B05000100307E01083A
:107E30003C7E0108387E0108FA000000AC500F3D7E
:107E400005000800487E0108587E0108507E0108A0
:107E50000000000000000000630FDE3C70317A3C3F
:107E600063EB6E3CE297193C191B353C12A5813C33
:107E7000F4AD633C4699CB3C05000100807E0108CF
:107E80008C7E0108887E010815000000FE7E363ECB
:107E900005001000987E0108B07E0108A07E010850
:107EA00000000000000000000000000000000000D2
:107EB000F304453C445A853BE8C2943C667A8E3BC9
:107EC00037762E3C4A533F3C46EBB23B08EF0B3C27
:107ED0006BA8013CC58EF03BFD19D43AAC17593C58
:107EE000D5051B3C2FEE073C6EFA8D3C0C61B93B6F
:107EF00005000100F87E0108047F0108007F0108E9
:107F0000FE00000045EECB3D05001000107F01088B
:107F1000287F0108187F0108000000000000000011
:107F20000000000000000000D214CB3B2917223CC7
:107F300016A4773C3F42583C2A7D3F3C9315BD3BFD
:107F40007D3E8D3C4F34F53B8FEBE53BC1E6073C76
:107F50007AE9943CBB8AA63CF12CCB3B30064D3CE5
:107F60006AE8C63B9590283C05000100707F010837
:107F70007C7F0108787F01080B000000C6EF0D3EF2
:107F800005002800887F0108B87F0108907F01085C
:107F900000000000000000000000000000000000E1
:107FA00000000000000000000000000000000000D1
:107FB00000000000000000007E7B023C0A58EF3CFD
:107FC0006A6AAE3A00850F3CAA79323D647A213D57
:107FD000EC29073B2761FD3C45DB463CF2AAA33B6D
:107FE000BCD31F3CCDD4A93C18425B3B2804113BB9
:107FF000A900123D000000348FBFEE3B47BA903C11
:108000002FD30A3BFBD2A63D00000034628D7D3B9E
:1080100083C8983AE373C63C057C933B842B5D3D53
:108020003A93B33BD698943BA5901D3C9B4AA33D05
:10803000437F843BBF811A3B0BCC373D0CD8C13BFF
:10804000BE40EB3A000000340000003475BE323B05
:108050000000003498C30C3D050001006080010859
:108060006C800108688001088000000063BBCE3D81
:1080700005000100788001088480010880800108E3
:10808000800000009F98843D050020019080010839
:10809000B88101089880010800000000000000007D
:1080A00000000000000000000000000000000000D0
:1080B00000000000000000000000000000000000C0
:1080C00000000000000000000000000000000000B0
:1080D00000000000000000000000000000000000A0
:1080E0000000000000000000000000000000000090
:1080F0000000000000000000000000000000000080
:10810000000000000000000000000000000000006F
:10811000000000000000000000000000000000005F
:10812000000000000000000000000000000000004F
:10813000000000000000000000000000000000003F
:10814000000000000000000000000000000000002F
:10815000000000000000000000000000000000001F
:10816000000000000000000000000000000000000F
:1081700000000000000000000000000000000000FF
:1081800000000000000000000000000000000000EF
:1081900000000000000000000000000000000000DF
:1081A00000000000000000000000000000000000CF
:1081B0000000000000000000C964D83CECCB773C14
:1081C0008860483C37D6603CFE7E3E3C32C37C3CF7
:1081D0006FC2C83CE69BA73CD0319C3C5CA1583C9C
:1081E0007076383C5A4B943C379E6B3C12C1043C31
:1081F0001B8C403C55B4B83CF9680B3C8E01AD3C3F
:10820000EADA043D6628283CCA1F9D3CEAD3E03BDD
:108210001EAADD3CFE9B273C9237493C9B19853CBE
:108220009BB92D3D3985473D2F6E163D79AB363CC8
:10823000C4A1EB3B374F443C0871F33C66B8783C33
:10824000048F5C3CAE4A983CB9E52F3CEB5BF83CB4
:1082500025A3A83CC0913E3D6C46AF3BBF057A3C90
:108260008621A23C8D6AC23C8FBCD63C6C24DF3B8D
:108270003DBA7D3C0000003441B5B03C0E59533C42
:108280009D98D13B79552F3D70D1183DDD74B73C99
:10829000E9D87E3CE84C463C9517943CC6DE2B3C26
:1082A000947B5E3D188D893CE2B2463CFDE4833C04
:1082B00096693D3CA9D59D3C5038353CB36E8F3C0A
:1082C0003B1A023D13E7083CF890B73CA7D7443D62
:1082D000EB5CE03C30FCF13C9FC14E3D7179B73C1A
:1082E000B3683B3C47702B3CBB63BA3C87BD913BBA
:1082F00000000034614F6C3C7206393CBDACDE3C82
:10830000F861243C7751F43CF436633C5399053CC6
:108310003181BB3CA5F99E3C72838C3CD5F9A93CCC
:10832000F2A3823C45897B3C53BD253CF1ACAA3C81
:1083300072B97E3C3D867C3C102F703C00000034BE
:1083400058D79C3C2FC45B3C42633D3C9DD1203CB4
:10835000EB32543C6238993C545F6E3CE233973CBC
:10836000509A8F3D0063803C067EDB3B267F133CAA
:10837000E8E8463CF7748F3CC697EC3C2C7B9F3C6E
:10838000CB9A2F3C20D5853C84F9163C7EA7813BB7
:108390005340C53C36FF633C7E477C3B67C5343C5D
:1083A000579B833C5CBAA43C9326EC3CBD82833C47
:1083B0001E9BDB3C3677943C3550593C8AD5DF3CDC
:1083C0000FA99B3C8F6FCD3CED309E3CB4B6183D61
:1083D000A9FA0B3D7067913C127A823C6F83923C04
:1083E000A786053C5E8B403C0A94EA3C060D663D40
:1083F0007016AB3C1E298F3C05FD5F3C1D96A73CCB
:10840000A5466D3C1AA0713C505ABE3CC3B6883C90
:10841000230CA23C0D59913C3FE8A53CFD77B23CB2
:10842000E75CA13C637B6C3C574CC33CF3B6933C8C
:10843000B71DB43C60317F3C4386FA3C7CA8343C99
:10844000A1BF3E3CD6CA463D2953923C6E62613C78
:108450000FE99C3C3BEE403C0224F43CC69AA63C0F
:108460003B990B3CDC289E3CC8DD373DECF6543C88
:10847000DD4F7F3C7380D93B91C5243CDC08B53C83
:10848000C9686D3CE595AF3C92205F3CDD450A3DF7
:108490000835933C2B460D3D1F974C3CCC15943C26
:1084A000CC9DB23C7C41B23CA664133C1CCC043D48
:1084B000145BE63C5BCC4F3C082E123CCE93A03CB8
:1084C0002FA6E83C8817093C584CB83C06F8E33C1A
:1084D00030AEC43C555E063CD9D1613C80DF4A3C9D
:1084E000EB1B783CDAB4993C96CD003CB18D653CF1
:1084F000F8C69F3C743CD13C6E1BE23CCE4AD03B5C
:10850000BDC10B3CFA27703C10299D3CEED7783C4E
:10851000A6A2B13C3A89323DCE5B3C3CE665303C9C
:10852000FBF1B83B68F2043C88E71F3C83212B3CFD
:10853000080DD73CC310103DEB28E43C7787623C24
:108540004CD8A03DA5CC3E3CC214C13C503DB13CF2
:108550004FD7933C89AAC93B044A0D3CAFD8493B4D
:1085600086AC4D3DD551A73C21700A3D4DA0DC3C69
:10857000BF2D0D3CCF388B3CDABBAB3BF6A6583D4C
:10858000EDE4533CF788BF3CC071B13CA7178D3C6C
:10859000BAB7383CB823EB3C75719E3C84F2B73CCB
:1085A00074DC653C6CD88B3C74074A3CF4E1873C36
:1085B000985A433C1995F63B1836673C278ACE3BC0
:1085C0009E80223D0C433E3C9917083CFF268E3C82
:1085D00022F29E3CD4FBA23C33AC1B3C0CCB973C20
:1085E0003EA3DA3B72AA613C8538333C18EE2E3B41
:1085F0001FF8F53BAC95F73C5267B83C246E403C05
:10860000983D0E3DA018A83BF06EAB3B0890F33CA4
:10861000DB17923CB91C003CFDE11D3C800C2D3D5C
:1086200076E6133C0C49893C3D27213C6510173DFB
:108630006E262B3D92F3AE3B0500010040860108FB
:108640004C8601084886010880000000C2C0C03C7A
:10865000050020015886010880870108608601080E
:10866000000000000000000000000000000000000A
:1086700000000000000000000000000000000000FA
:1086800000000000000000000000000000000000EA
:1086900000000000000000000000000000000000DA
:1086A00000000000000000000000000000000000CA
:1086B00000000000000000000000000000000000BA
:1086C00000000000000000000000000000000000AA
:1086D000000000000000000000000000000000009A
:1086E000000000000000000000000000000000008A
:1086F000000000000000000000000000000000007A
:108700000000000000000000000000000000000069
:108710000000000000000000000000000000000059
:108720000000000000000000000000000000000049
:108730000000000000000000000000000000000039
:108740000000000000000000000000000000000029
:108750000000000000000000000000000000000019
:108760000000000000000000000000000000000009
:1087700000000000000000000000000000000000F9
:108780005F9A033CF480F93C4613033C5D904B3DFB
:10879000312B453D8EEDEB3CFA00443D98C8793DC8
:1087A0006AF5C33C5518BA3C08C4313D428DDA3CE9
:1087B000487D1C3DFEA4A63C2CCA2D3D7DA9393D1B
:1087C0008B3E4B3D221AD03CF837F63C8936023DB1
:1087D000A20AA93DBE58BA3C674E0C3DCF1BFC3CDB
:1087E0000490103DAFB8D93C38D0A13CA4FE0C3D5C
:1087F000ED70933CCAACB53DDE2B1E3D000000344D
:1088000061D68E3CEFF8813C7BD6013DCFEE273E12
:1088100074C7593D02FCC43D00000034E7FE2D3D05
:108820007CC0C73CBCE1EA3C4F009D3C55BE353D99
:108830005A528B3DEA33DA3CB59F6E3B431D233DD4
:10884000BBE4403D5D92DE3BB3A4F83C1B5C813D44
:108850006FFDB43C5AC0813BBA775F3D712C2E3C12
:108860007FBF023DCE31BB3C4FF2263D0194213CFF
:1088700020CE0B3CDAA0D03C1909FE3C1D739B3C7A
:1088800033C41C3DDBE1103D230EA33C17FD2A3C05
:108890003A15BA3C3479893C42E7283C3747F83BE3
:1088A000CA4A9E3DF1DF4F3DD3C18C3CD5781F3D78
:1088B0009BAA003D868C3B3D65B5713CC8EFC53C2D
:1088C0002C6FF83C7B694D3DC178923DC7B10D3DA1
:1088D0009F0C9D3C3103D33C20362A3C40F3BF3CE7
:1088E0009433063D74C9523DF415AB3C2C5F583DA2
:1088F0000743553D4FE3EC3CA46B063D7AFE503DEB
:10890000182FD83CB18EA73CE415E13C5CE8A23CB2
:10891000CAD1863CC182903D63E8303D78FF0E3D70
:10892000EEC5DB3CBB6B363D6E25F93C80425A3DC3
:10893000F7A8A13CA1AD003D2165933C75B5473D2D
:1089400062B58F3D9D0F313DF96FF63CF0CE963DFF
:10895000C612A83BF2AB383C3EBAA63C9173F43C3D
:108960004B20AC3C7F9C1D3D31C1483D4E2DAF3C62
:10897000C56D883BCC843B3D01D00E3DFAB81E3D11
:1089800061F9703D6B3A2F3D00000034ACBCF73C00
:108990000B409F3D00000034C947193AE0B2BD3C8E
:1089A000B422123D09E0153D68319A3C0819443D56
:1089B000E5E3943CBA75793D1574A73C46C98A3DF8
:1089C0006BB1DB3C423CCE3C2C3EA93CCFB3063DD8
:1089D000E5F4873DB7AD313D0E64163D3B8CAF3DB0
:1089E000EA564C3DAF904E3DE2FEFA3CD33EB23CDF
:1089F00007CD083D5A76D93C4C395C3C3505753C71
:108A0000C874563C68ADB23C23C7153D5C8B303D05
:108A10003E22473C06B4DB3B8A46283D9A4A393C15
:108A2000D1F4A33CA8C08A3C974D3E3D6B224A3D01
:108A30008099123D6FEDFA3CB4A2303DB033D03C8A
:108A4000CF5C633DF4170C3CC50E023DCB2C4D3C76
:108A5000D11EB73D43A5AC3D85941C3C8B4E133DC8
:108A6000F8889C3DEF88AD3DC2A4BD3C71C3BA3CC3
:108A70008A9E0B3DF407563C0E833B3D6273AB3C34
:108A80009339AB3C2648D33CE801C93B71F40F3D18
:108A9000F20DBA3C86EEA53C5323543C158EA93CFE
:108AA000DAD8BD3C5C60DA3C5D05273DA404FA3CA5
:108AB00081B9653D32DC193DA318063C2211633CA7
:108AC000D4B7363D98F1973CAB780C3DED32073D7D
:108AD000F7F3193C7EE3933B31B1123D71CE393D42
:108AE000F0F58E3C17F7813DE568DF3C9DC2D73C31
:108AF000F880B33C959A183DAFAF8C3C81B4AF3C45
:108B00009E47403C0DD0313D0D5ADA3BDF0DC93C4C
:108B1000678A093D2595223D77BDE13C64C7493D03
:108B2000B9FA803BBFED043DC591B13C3FFBB73C7A
:108B3000C504AC3C892C8B3D0B24DF3C23309D3C91
:108B400034D0523CE089543D3B1E0E3C60AD1B3D91
:108B50003D8F0E3DBC2CFF3CD17EB33C4F42A93C27
:108B60000D5C223CA085023D27E1D13C34621F3DD3
:108B7000F3DB1F3D3007B13CA6F2AE3CD6F0B43C6F
:108B800088C0F23C9FC21E3D5749E13C6F067C3CC9
:108B900098EAA73B000000346034F13CEDBF223D71
:108BA00031DED33C9910E13CAB14803C5F27B13CF3
:108BB000D94E763C13E2453D98850C3D022BB43CE2
:108BC000ED8D9E3DB19B0F3DDAB39C34FF32A93D44
:108BD00070B5093D0AF2063D72E2083D920A623D17
:108BE000C8A8C53C14A44B3C3762623D8950BF3BCA
:108BF0005EF90D3DB0F2A63C20FE153DFA5DD13C7C
:108C000005000100088C0108148C0108108C010873
:108C100080000000C2C0C03C05009000208C01080C
:108C2000B88C0108288C010800000000000000003A
:108C30000000000000000000000000000000000034
:108C40000000000000000000000000000000000024
:108C50000000000000000000000000000000000014
:108C60000000000000000000000000000000000004
:108C700000000000000000000000000000000000F4
:108C800000000000000000000000000000000000E4
:108C900000000000000000000000000000000000D4
:108CA00000000000000000000000000000000000C4
:108CB0000000000000000000CC30C43BA994773BCA
:108CC000C4C03C3CC8A6413C6664273CA6B5033CF6
:108CD000B240233C6951363BF616893D31ED813B6C
:108CE0002D97393B38EB193BA02BBA3BBCC6813CD6
:108CF000C326A83B36E4203CA745D53B32A1703BB8
:108D0000B8AD373BD685E53CA5D9C73B48FEB03B5F
:108D1000C13C223BF2E0EC3B6C9EB93B2596F13C1A
:108D2000332FC73B7DB7953CF8ECBF3B430AC13BB3
:108D3000E6CDD63B497AFE3B636FA63B61095D3CBD
:108D4000B22C383C4E723D3C1B29733B7625E03BF0
:108D50008EB19B3BF8CDD23C788A8E3BCDD5663C1C
:108D6000ACD5803CDF2F163D0000003427C82C3BDB
:108D7000BBA00C3BA03BAE3CF592A13C3AF71D3C9E
:108D8000EBB13D3C61024C3B46E2B53C00C2953B39
:108D900016A8883B045DAE3B6B9B333B5EC7193B1B
:108DA000506CB03B546BD43BF912123CDBDDCC3C35
:108DB0000CE99C3B00000034391A303B57782B3CBF
:108DC00037E6A63B3166B43B4BDA433CDDA8C03AFC
:108DD000237BE23B9F81263C999FB93C1DC58D3B7F
:108DE000241A7C3B31A2233CA5544B3BDDA65E3BC1
:108DF000D777983BB4B84B3B6CC3353C674F013CCD
:108E0000CECA4D3BCE664D3B57087D3B05F24E3BEF
:108E10002242043C9E4FB73B379F353CDC8AE43B03
:108E2000866CA63CA814B83B67F0F73B9C26BE3B7B
:108E30005AD2FB3B43BB153C27E0013D1737003BB3
:108E40003A69DD3B3750433B6CC5E03B654A983B94
:108E5000A057673CA7E8033C22134B3BB94CF53BBA
:108E600057760E3D0D55293C4B32DC3CF825AF3C86
:108E700027F3183B5BB4363BF7FBA33B04E9563CB6
:108E80007650CE3BCF07C33B3B95E53CEE88E93BB4
:108E9000F209D33B000000344DA8A13B9C5BC43BCE
:108EA000621E5C3BF586A83B01CB6C3B6DBA1B3B5D
:108EB00035713A3B9E7FCC3CC7940F3C87A18A3BDF
:108EC00077622E3B735B0E3DFD8E573BF80A353BB8
:108ED000CDCC4A3D2776443B477E4B3B60CDDE3BC5
:108EE000BDFAAF3CC5E1483C7BC3A43C4EE4783CB2
:108EF00025A8DA3BDB1A3D3B05000100008F010885
:108F00000C8F0108088F010880000000C2C0C03C1F
:108F100005004800188F0108688F0108208F01089C
:108F20000000000000000000000000000000000041
:108F30000000000000000000000000000000000031
:108F40000000000000000000000000000000000021
:108F50000000000000000000000000000000000011
:108F6000000000000000000011F3143D4E3ADA3C0E
:108F70007911833B553BAF3B77134C3C0ABAB33D69
:108F800009DD873AB41F813DF848433BC305273DBF
:108F9000670F5A3C6E68AA3C763A233D69CBD23CB7
:108FA0008588613CB06B693D283C4D3CC2261E3C27
:108FB0008D8F2C3D7B5A8C3C9CEE583DB5DEC63CDB
:108FC00064A3063DA940E13BE4888C3CFD69063D75
:108FD00087CB333C2B12B93C53EC593DE828CD3CB0
:108FE00064AFC83B5C85103E70B5183C9AE99A3D69
:108FF00068E9C53D00000034E327E93CA88BC83C84
:10900000EAB1193D8567023D8B85DB3B09DB1A3DE3
:1090100051E9A13C2A8B733DF4A6FE3A8981473C75
:10902000258A553D4197CB3C595BC13C6CD3263BCF
:10903000257A7C3C27B2203D3D17A63C0845F63DED
:10904000A19D673C5294A33D2F19813BF1545A3C9A
:10905000C61A343D3B24FE3C4997143DC066B33CE0
:10906000C7B15F3CB1E1763DD968203DBB7ABD3BDD
:10907000C5B4973CD8DB1E3D6659823D2489BF3C70
:10908000BC59873D2351F73C050001009090010831
:109090009C9001089890010880000000C2C0C03C6C
:1090A00005004000A8900108F0900108B090010868
:1090B00000000000000000000000000000000000B0
:1090C00000000000000000000000000000000000A0
:1090D0000000000000000000000000000000000090
:1090E0000000000000000000000000000000000080
:1090F00026185A3DA7C6693CADDDCD3C5E88813D52
:1091000089DC9F3D4896863BB220703C9454A63B38
:10911000DA680D3E0FAA943C8DBEA03DBE85AF3DE2
:109120000000003457508A3C04A3163D4B8AB53BDF
:109130002573203E77F1623D6B781E3E7B2CCE3C42
:10914000173C9A3E6E226A3DA8C6943DF8A9A93BF9
:10915000C8E7083DF34E813DE68E863D77F28D3DB2
:10916000DAFCF13C9C9C173DF3ED173D205B093C7C
:109170003521C73B6BA4903C40DD9D3C7A7F083C89
:10918000B9C6143C2951BF3D51711F3C1E11963C7C
:10919000BFE56C3D4F37233CF990993BB27E893B4C
:1091A000CEECB13C62B5703B170F8D3D78B7FD3BFF
:1091B00039D0873D85966B3CA627873CE5E2A83CE5
:1091C0000EC3A63C3757263D9B8D533D60835F3DC4
:1091D00012831F3E9132643C0156C33BFB1F713D1D
:1091E0009C9B7D3D9EAF603C1185C83B57A83C3D94
:1091F00005000100F891010804920108009201089D
:1092000080000000C2C0C03C050078001092010838
:109210009092010818920108000000000000000070
:10922000000000000000000000000000000000003E
:10923000000000000000000000000000000000002E
:10924000000000000000000000000000000000001E
:10925000000000000000000000000000000000000E
:1092600000000000000000000000000000000000FE
:1092700000000000000000000000000000000000EE
:1092800000000000000000000000000000000000DE
:10929000F325273D1572993DD6846F3D870D033E1A
:1092A0004D68253DF336A53C0B3C2F3D00000034B6
:1092B000D7F4383D45F27C3DCF97DB3C7865A73C41
:1092C00071A8463D03879F3CF83D123D2D80BD3C73
:1092D000C12E4D3D96876B3DD4ADA73DF0025B3D61
:1092E000B5F0953D17579D3C776D563D2E88AC3CAB
:1092F000692A913B5979D63C926A863D1213943B78
:1093000003AD8C3D09F1013C4FC22C3C642E5F3C07
:1093100096B2153D3B53E93C5B2F8D3CD080B73C6A
:109320000000003437E4D03B11B9A83D533ABE3DAC
:109330009F5FDC3B8A59833C66FD8C3DD13DB83D47
:10934000A693983C9649453D60D3C63B5645573C4D
:109350003A14A83C179EA43D6F33C03DDCE6EB3DBC
:109360008254233CF0BF013CCB680A3D99732A3DEF
:10937000BB7C8B3DC737323D00000034E90D4E3DCC
:109380003717843DB01D2F3C1EB9A03D86D08C3DC3
:10939000FAC0163D35B9993BB885A03C0EA2993C60
:1093A000DF10113D0823073D4821AD3CF5428D3CBF
:1093B000801E433E2E4E3F3D6289B33D1558C73C4B
:1093C0007E877C3D7B9DD73D8856C53C76AD143D60
:1093D000FC85143DC41B313D96464A3CDA0E323BB7
:1093E0001A9B873BAE72B03DD1129D3C52F60C3DAC
:1093F000C107E33C200E3B3DAF71403DE306193D04
:10940000B1234C3CD40C9B3DBDF7953CA18E9A3AC0
:109410007763A23B9FE8FD3D6CB7183D3049423D64
:10942000581F233DA9C8053EADD58A3D7BDFFB3CD7
:1094300006086B3DC9AF623D8251813D04BEB73C19
:109440006B9F823CA45E9E3B7C5C0D3DF48D1D3D7C
:1094500066A9023C7B439A3DC14B663D72BA993D79
:10946000C47CCA3C6543833C34282C3CB2F39C3C0E
:109470000500010078940108849401088094010893
:1094800080000000C2C0C03C050078009094010834
:1094900010950108989401080000000000000000E9
:1094A00000000000000000000000000000000000BC
:1094B00000000000000000000000000000000000AC
:1094C000000000000000000000000000000000009C
:1094D000000000000000000000000000000000008C
:1094E000000000000000000000000000000000007C
:1094F000000000000000000000000000000000006C
:10950000000000000000000000000000000000005B
:1095100014184F3C86CDD83D54AD5D3DB9D4AA3C1E
:10952000D6BAD93C57DFAD3C0305AD3CBCD18E3D2E
:109530001ACB623D92B31A3C24A68B3D386A2F3C6D
:109540001EF1EB3C7216763C6B01783C571CB83C24
:109550001FD78B3CF480283E4CB0153D26CC393DBE
:109560006096423C38968F3C31B2A83DA7FC1C3D2A
:109570005D0A9B3CCE50AD3C986DB23D949D853DBF
:10958000BF50833C50653A3DC530363D509CE33C6E
:10959000B3340B3D1AB86B3AC12BCB3C0014F73CEB
:1095A000F915E13D5EFF683C5A2B6B3DEE1A6C3CB1
:1095B000D9F2713C34114C3E24C98F3CA16F8C3BD5
:1095C00031B0153BF275B83DA747933DF919BF3D42
:1095D000F627823C9CAAE73C5077A13C51033F3DD3
:1095E0000B661A3A8C69953C41BE603D164E2A3C8A
:1095F0006B3CCE3CBE9E083ED128E53CFE1DBE3CE9
:109600009FD9933DC53B313D62CABC3B6C90813CC8
:10961000CDB0753C4A236A3CBCCF553D2280093C05
:109620004AF4B93D48A4363ACFF2F03B2AA28D3D28
:1096300079779D3C2B7F663D7A16713D31A2753D51
:109640001BA66E3E6574C33C3FC0CC3DDFCF5B3D87
:109650009676A53DE51F623DA096873C056A913D43
:109660000E189C3D84F3A73CCDD3333B3B0A643DAD
:10967000CB3ACE3D0B70243D9DFB813C6F81983CE5
:109680003FE7953C9FF5A73C3FCCB03C465E9C3CF9
:109690002D46233D5A391E3CC5F9B43C92E98A3D1A
:1096A00017300B3D1E674F3D7274833D25400C3CC7
:1096B000D256943C4E14F03C5582513C0E0CA83DC1
:1096C0000652853CDAF85D3E9B21F43B727A023EFD
:1096D0004AC2803CAF83323DFAE7BC3D5F19273D6B
:1096E0001741A43B3B9BB23A1551653D541AFD3CD2
:1096F00005000100F8960108049701080097010889
:1097000080000000C2C0C03C050030001097010876
:1097100048970108189701080000000000000000A9
:109720000000000000000000000000000000000039
:109730000000000000000000000000000000000029
:1097400000000000000000003AC1A33B890E253B49
:109750008F3D233B9F433A3BED0B6C3CA460013BA8
:1097600035ACA13BB04C243B3E27163CA464263CC0
:1097700056B0F03BA1BCFE3A7CB3843B7573EE3A25
:109780003B3F853B187DFD3BE8A0983B402F3E3D8D
:10979000FE1FEC3ACAA8CE3A4396503B8421003CC7
:1097A00067B1243CD1BB123B70215A3BB447A43A69
:1097B000D568A73BA1F6193BA212733B4C8B4A3BE1
:1097C00043A6233BFFFC283BA9DF293B8B3A983B70
:1097D000DD05813BCAC9973B9D65A43A29A67C3B20
:1097E0001987173BD88E893CFF16CB3B7B1F873BE5
:1097F000AA6BFC3D8140203CD64D2F3B2893323B49
:10980000ED52733BAD1ABC3B0500010010980108F6
:109810001C9801081898010880000000C2C0C03CD4
:109820000500300028980108609801083098010868
:109830000000000000000000000000000000000028
:109840000000000000000000000000000000000018
:109850000000000000000000000000000000000008
:1098600000000034E665273C309AF33B5050223C20
:10987000000000343429EE3C6BB0943CD89D693C28
:10988000B157733C24016F3CB5E6073C71E7DE3B02
:109890004050CC3CA0B2A43BBCA44A3C7312DC3C7C
:1098A0000F5F533C69058A3B026B403CD1C7C33C08
:1098B0000000003447576F3C00000034E318543C6C
:1098C0000000003451A86B3C35C5233C0000003437
:1098D000000000343032D83CF6DD533CA4499A3CB9
:1098E000C3681C3C6FCE463C6A239E3C5325563CC5
:1098F00068AA8A3C1BAD8B3C9490823C62866B3C90
:109900008426183DEB5A153CFF37AF3C4A587A3C49
:109910007F46A83C2E478A3C0000003442E2873C48
:1099200005000100289901083499010830990108BF
:1099300080000000D78DB33C05000100409901086C
:109940004C9901084899010880000000F6C0C03C0D
:1099500005000800589901086899010860990108F4
:1099600000000000000000001670803C066CC43B44
:1099700068014F3B5F19573B93DF673D8A7D943BFE
:109980003025FF3D0237823D050001009099010816
:109990009C9901089899010880000000C2C0C03C51
:1099A00005000100A8990108B4990108B0990108BF
:1099B00080000000CC0BBC3D05002001C0990108CF
:1099C000E89A0108C89901080000000000000000A2
:1099D0000000000000000000000000000000000087
:1099E0000000000000000000000000000000000077
:1099F0000000000000000000000000000000000067
:109A00000000000000000000000000000000000056
:109A10000000000000000000000000000000000046
:109A20000000000000000000000000000000000036
:109A30000000000000000000000000000000000026
:109A40000000000000000000000000000000000016
:109A50000000000000000000000000000000000006
:109A600000000000000000000000000000000000F6
:109A700000000000000000000000000000000000E6
:109A800000000000000000000000000000000000D6
:109A900000000000000000000000000000000000C6
:109AA00000000000000000000000000000000000B6
:109AB00000000000000000000000000000000000A6
:109AC0000000000000000000000000000000000096
:109AD0000000000000000000000000000000000086
:109AE0000000000000000000AA1A043BA053063B3F
:109AF00060773D3B2738443A45701C3B6436603AFA
:109B0000BBB6CA3A9F0A0F3ADE7D653AA1CFD13A79
:109B1000113D9C3A5068463BE19E013B9645953A83
:109B20003A97263AA0AF193AD7631D3A44E14E3A24
:109B3000827FB23AEA496A3AAB29113A49D09B3A54
:109B40007287BD3AC6D0C43AB778BE3A1988803A0F
:109B5000FF006C3B51E4D53AA7108F3A9E4F253A4F
:109B60000A2B663A000000341F09993A234B203B28
:109B700094450F3A0A148F3AF48F493AA1F8343ACF
:109B8000000000341B5C513A5E78753AE537773A4D
:109B9000FD21AD3AF071273A001F0D3A71ABDA3969
:109BA0006B82AE3B0000903A05B1163B9E37993B65
:109BB000350B3D3AA396123AFAE4AA3BDD737438AA
:109BC0009871223B6B1F463BA17B6D3A6670A03AB1
:109BD00024D3C83ACA459C3B0409763B6F56EB39FF
:109BE000594AE93A49F01E3B63ADB83A7E6E423AB3
:109BF000EE3FC63AB6AE563B4D4E593B5DEE9F3AF0
:109C00008A712E3BDA755B3B0CA4A5396216993A32
:109C10008750933BAAF28B3A9276143AC172E63A95
:109C20001FE8063B873D163B04EABC3AFACED8391A
:109C300033A7FF3A62E4903ADB9E153B1B299F3A1B
:109C400044CB933B3317E63A113C9D3ADF20993AD7
:109C50003DB06B3B035F063AF57B693A01F1683B27
:109C60002B86113BE9C5D23ADFE9153BDCE22B3B01
:109C7000E96A583BF232EE3A75FA823B9D63C73986
:109C80000944633AFC19683A637BD93A909AFF3ADF
:109C9000767F1E3A47E20A3A6EF5963A771F103BF6
:109CA000ECDD823B2A57943A4C45B5395B05513A75
:109CB00060F1753A206CFE39CEC7093BCD12823A6D
:109CC000B9C6673BAA529B3A34B5A23A411AD73A71
:109CD0001D0F5E3AF78B5F3AC2D5443BEEEF8B3AED
:109CE0006343453BEC49643A15C9363A55D30D3ABE
:109CF000000000347535653BD6139C3A00000034F3
:109D000000000034CF66833AA312803AB773013B58
:109D1000DBFB003B943BC23A13B4013B990C463B3E
:109D2000DDA6123B7EA1443A012A713A27BD843A4E
:109D300037CD223B083E433A807C003BEF5E253A1C
:109D40005B6C593A48746E3AA2BB903AC0F5C23A7D
:109D5000CDA69F3A13525C3B7C252C3B9943A23AFB
:109D6000CDF20D3BF867B83A9DD3C13A7FB7003BBF
:109D70007C4DB93A2E756E3A0031453B2BE0D63A10
:109D8000B9FD5B3AF35AB23AFBFED73AE209693BB6
:109D90000A40433AC7A1103BA34D7D3B6204903A71
:109DA0008DB3DE39A1B8383B0B28803AF9AE163BAB
:109DB000781EF63A30CBC23AB655563A9539223A21
:109DC0003218833BD1DE653A1623163BFA80C23A3D
:109DD0004CCE033B693A993A57BCF73A07624D3A81
:109DE0009008A73AE02E323B7FF5C73AC332143AC7
:109DF00096E2E83B4C35913ACCFCDB3AAD19973B07
:109E00008469743AF46B583BA1890E3BDB20353BE7
:109E10000F7C8E3A1BB3623AD435EA39EC02223B0E
:109E200037FB333B4393823B5F1E5D3AEE867E3ABF
:109E300027B3AD3A80C25D3A63FBE33A4F1B913BD7
:109E40000F71D63AF99D933A0D892F3BFEDF873A81
:109E5000FFD7603A14133D3A25B6AB3A2F26853A20
:109E6000500F493A1ADBEF3A594B313BDD7B533AFD
:109E7000C293A13BA8682E3AC812A93AC303843BF7
:109E8000603AA03A8FF97A3A3B81C93ABF459C3A89
:109E900059A12F3B6679343A7E0B123BB2FC503A03
:109EA0006193173BD2C1933A2E4F333B4AB43B3AAE
:109EB000C6138D3ADB28823AF7C6E63AE1F1303A2A
:109EC000F1929F3A57090D3B047D693B734F4D3B1F
:109ED000858BA03A09D10B3A9962853A7B8AA83AD8
:109EE00057C4193B4C62F33A92FC3C3BA6DA213A48
:109EF0006281843A8E913D3BB05F7B3B0000003431
:109F00004988CB3AD9AAA03A94442B3BECD8773A6B
:109F1000816C643B13C0673B91B30F3B140D723AE5
:109F20000D41903A6DDE663B15DDB039CFCE553A26
:109F30000000003485516B3AD450B33ABDAC573A67
:109F4000F6E1E23A3515F639A879883AA860193B66
:109F5000EF3DEA39AB1D473B89FC4C3A0D81A63AEF
:109F6000C02DE43A29430F3B05000100709F010812
:109F70007C9F0108789F01088000000083659C3C5D
:109F800005009000889F010820A00108909F01080B
:109F900000000000000000000000000000000000C1
:109FA00000000000000000000000000000000000B1
:109FB00000000000000000000000000000000000A1
:109FC0000000000000000000000000000000000091
:109FD0000000000000000000000000000000000081
:109FE0000000000000000000000000000000000071
:109FF0000000000000000000000000000000000061
:10A000000000000000000000000000000000000050
:10A010000000000000000000000000000000000040
:10A020008EF0D03A9570D13AB99EDB3A7E1EBA399D
:10A03000404BD23A51810B3B9744E53ABF5BF03A33
:10A040001EA34A3A3229D03AE27B3E3B3D61E33AD5
:10A05000B4235B3AA0E0CB3A8CC7B03A08EEE73ABB
:10A06000B9FCC93AF16CAE3AD78F253B8A115B39FE
:10A0700052F3DE3A2AF0063BEF04CB3AA1BF2E3A68
:10A080006F57AF3AD33192392B90CD3A739A3E390C
:10A09000B986D03A7651273A4AC8A03A1FC2B63A92
:10A0A000FD4E5B3A94DA923A7C71E33AB991DB3A2D
:10A0B000BB484E3B782B703A59F6C83A3A468E392F
:10A0C000E710EE3A8C17EB3AABEF9B3A04D6233904
:10A0D00000000034B235B53A4D81003B6085A43AAA
:10A0E000A571853A3887CF3AC25C62398A32143B0F
:10A0F0006C8A2139807D103B3B97BF3AC009963A64
:10A10000804BC43A077ED53AC76DC23AD93C4C3B26
:10A1100067A6EB3A18543739E0D8233B00000034E7
:10A12000AB64843A9ACFE33AE98F0D3BF8F3963A61
:10A1300075E6333B6D02C93919ACCB3AC211F2391D
:10A140005B641E3B75ABF83A97EDCF3AA776873A3A
:10A15000794E0E3B1ABEDA3A87E22D3BBB205A3BC2
:10A16000BD618A3AC4CDEE3A7446B53AF3DFD53ACA
:10A170008078BD3AB1128C3A5280BB3AD32AE33A86
:10A180007230133B7A50E23A02934D3967B0113B7B
:10A19000E8E3D33A47C6963A2ABA413BFC621A3BF7
:10A1A000D6D73D39B369F23A4FA6E33A9E36D93A4B
:10A1B0000E9AC7399B81ED3A632FAA3A1B0E713B69
:10A1C00017EE033BECB7C63ACF8AAD3AE6C2B13AD6
:10A1D000D6BF9F3A97F2DB3A450D853B258EB13AC3
:10A1E000F96C8E3ABDCF6839AF3B143B109A963A62
:10A1F0000B2E843A02CDC33A34EBCD3A0000003442
:10A20000C537F23AB27FC43A05EF8A3A4E9ED33A46
:10A21000C64ADE3AAB4FF93A00519F3A787FA239ED
:10A22000643CC43A6738A73A0444C53A1BAB263BA2
:10A23000CDFE083B71A4063BCEA1C63A3F9A023B35
:10A24000B981E03ACAE1EA3AF44840391786CE3A91
:10A25000A80AC4398BBF8B3A1983FE3AE5B6EC3AAB
:10A260000500010068A2010874A2010870A201089B
:10A2700080000000C2C0C03C0500480080A2010868
:10A28000D0A2010888A20108000000000000000020
:10A2900000000000000000000000000000000000BE
:10A2A00000000000000000000000000000000000AE
:10A2B000000000000000000000000000000000009E
:10A2C000000000000000000000000000000000008E
:10A2D000D267DB390CE6BE3A1BD4923A504CF03AC6
:10A2E00006D1FF3A5EF13C3A97998D375050943938
:10A2F0005AFC173BBD2B373A05C16E3A1D4F9A39B0
:10A3000043E9D139008B173A2D0AE03A65829A3930
:10A31000BD5A463A3CC7EB3ADFA59D399B5E183AD9
:10A320000B9F153A2FCE483A083B993A572C3D3AA5
:10A330002FFA8F39D934233AE28A523A46D9323A3F
:10A340005E6AB539E51A953AD865223BF1314A394A
:10A350003C399C3A8B3EA63AFF1AF3380000003491
:10A3600041D5C939C204B039483BEA39BED2E73ACF
:10A37000BA90C43AE4775E39AC87AF3AC45EAA3982
:10A38000E1BF8A3ACB9F4B3A780DF739A081A439C7
:10A3900000774A3A00000034C0389F3AB20D833A41
:10A3A0003496BF3939862E39ACA1183AE43BA83926
:10A3B0003C02C73AB8DE8C3ABB76083ADFFA3D3A3F
:10A3C000FA004A3AACD5A3393F75EF3A9DE6143A04
:10A3D000D17AA83A0331053B4E1DD13AA9FB4E393B
:10A3E000E2D3B639AEBCFE390A69A63984E1743AC3
:10A3F00005000100F8A3010804A4010800A4010855
:10A4000080000000D2ACA13C0500400010A401086F
:10A4100058A4010818A40108000000000000000072
:10A42000000000000000000000000000000000002C
:10A43000000000000000000000000000000000001C
:10A44000000000000000000000000000000000000C
:10A4500000000000000000003393F5394D49B23A86
:10A460008DC1C73A4A49CC39E28FA339A250403B4B
:10A470006C73433BED28673BA5CC5E396145223BBD
:10A48000E5144B39FE6F9139000000343915793AE3
:10A49000A885BC3A00000034695C9238F92DE13996
:10A4A00014B78E39CE3E4A39BA479639AD48303A5C
:10A4B0005E8782392F781C3B55A3FC396F017F3AA8
:10A4C000E7A4433AEA0DAE3909184F3A38F6FE3A96
:10A4D0001BFA243A3F3F233BFD625C3B2980E23A72
:10A4E0005A74CC3A27D70B3B418EF43A6DDE7D3956
:10A4F0009A5F573A77070E3AB679FD39019AF63ADC
:10A500000D22333BFBE8313B7BCF8A3A211A573B84
:10A51000CB31A539D6AB363B5380AB3921D70D3B78
:10A520008D0EF23AF768C73AB9D5DE3AF72B7B3A87
:10A530001E51493AE186E939B8DF2839AC76343B17
:10A54000C8175C3B47249439E66099393B99F13A46
:10A550004581D13AED88803A0500010060A50108E7
:10A560006CA5010868A5010880000000B8B7BF3CD1
:10A570000500780078A50108F8A5010880A5010864
:10A5800000000000000000000000000000000000CB
:10A5900000000000000000000000000000000000BB
:10A5A00000000000000000000000000000000000AB
:10A5B000000000000000000000000000000000009B
:10A5C000000000000000000000000000000000008B
:10A5D000000000000000000000000000000000007B
:10A5E000000000000000000000000000000000006B
:10A5F0000000000000000000C090C73A653DF3393C
:10A6000029DBAF3A346F8E39D7B0DE391168323B6F
:10A61000ECFDAE3A00000034BB09F139ADE58139FB
:10A62000D7DDB23BBCD8893B5E39BA3A29ECA33AB4
:10A630004B03413B6613033B88967239B46BD9399F
:10A64000A3AA163A4EDFEE3A00E4383B00ED123A88
:10A65000BBC3DB398D42FF397A80373BC4C6103B20
:10A66000AB9A3C3ABC94F33AF2DCC93A01DA8E3A3E
:10A67000FC06593A4520143A90AAEE3A949E043AC0
:10A680007738B43A9CD0243B00000034D7C1B43AA8
:10A690009C65CF39AF239039CEE06F3A3D61173BCF
:10A6A0002D8C1639D7DC3F3AD170EF3AEC544F3A43
:10A6B000DC59593B6135C93A2194443BA674143A9C
:10A6C000F39D0A3A0112013A59E9DF3AFD702F3B36
:10A6D00053C0D13A16E41B3AF848DA3985AF113A3B
:10A6E000000000347AB9A53AD1E9A4392F46553B88
:10A6F00005F3A4392F8195397F13BB3AC344813BBD
:10A70000FD2CA93B62DB883A37C5143B6980553A7A
:10A710001C4C1E3BBE8CB83A5B95553AAA6F9D3ACD
:10A720004B6DCC39F0A99339C446B3399FBE9339E8
:10A73000F404473A2D33633A7C20C13A9513A53A85
:10A74000C98F7B3AEF80AF38BD352E3B47886839DB
:10A7500047DCA23B6792A63A8771C83A6DFA673A1E
:10A76000A387233ABEAF403AEC9A65378AAF8F3A57
:10A77000A750F73933AA753B4507253BC9EF1B3A6C
:10A780003CABD439229A413A4816723AAD050A3A9E
:10A79000132D9A3A8FC2FB3A919B753AFEDD443AEB
:10A7A00068237739493CF739445D0D3BFF93FC3A08
:10A7B000E4CB353ADA3A673ABF95803B0A484D3ADE
:10A7C000B837033A5538BB395A2F273AFB08803A35
:10A7D00078C46B3B578D013B05000100E0A70108E1
:10A7E000ECA70108E8A70108800000000664983C77
:10A7F00005007800F8A7010878A8010800A801085A
:10A800000000000000000000000000000000000048
:10A810000000000000000000000000000000000038
:10A820000000000000000000000000000000000028
:10A830000000000000000000000000000000000018
:10A840000000000000000000000000000000000008
:10A8500000000000000000000000000000000000F8
:10A8600000000000000000000000000000000000E8
:10A870000000000000000000106F863BE24F263B06
:10A8800081FC143BE18B043B3272463A9EBA8A3B10
:10A89000FD06503AE0A92E3AEDA1B03A3DC9003B81
:10A8A000353ADE3A96A3A53A2D6A343BD3F9913B6B
:10A8B000E17AAB3A2F519A3BEEFD5B3B1E7A45396C
:10A8C0007C202D3AD12EF03A494CE63ABD9E793B98
:10A8D00000000034DD41323AC801093B23947D3B3E
:10A8E00011F1C43948244B3AD23F433CA3C9913AB1
:10A8F00063AD043BE88D843BBE89A53A000000347B
:10A9000071283A3BCC245F3A292D2B3ACB8BDE3A87
:10A91000304F8D3AFCD2283B17C6C03B0F03BD39E0
:10A920001E1AB13B98C25D3B00000034776DC43AFB
:10A93000D8AC173BCB79763AD0B1C43AD3F3143BB9
:10A9400007363E3AC828453A00000034E0D0933B31
:10A95000E596A639D5C6B93A2346F339EB2C6239C8
:10A9600017553A3B2518243B0FD3693A5DF47E3ADC
:10A970003D55E13A53E21E3A5FC10C3C160BA13B38
:10A980005032ED3A65629D3A876A7D3A567A5D3576
:10A9900074B0913B41BD1B3AB846B63BFB523A3BC3
:10A9A000DB0CCC3A9AEC663A28CE56397EF2C03BA4
:10A9B000494E933A2ACDC83A355AF1393F6B973A06
:10A9C0005582513BDCE8693AFA5C093A2354693A0A
:10A9D0004CC8433B55A8303B292B923AE980323A88
:10A9E0003C07023C7424463BCEE79E3A94055F3B0D
:10A9F00017A1113BACFF833BDE4E1C3B66195D3B50
:10AA00008934383AD9CB8C3A039D983A9AB6893A28
:10AA100052EC013A2845113C33A4A73B101F973A4A
:10AA200044A0053BC00EEF3A62780A3AAD76A839E9
:10AA3000C6B08C3BFC5A893AC565963B4447053BFA
:10AA400077AE283A8B46CE3900000034000000343F
:10AA5000248DC039ED7A663B0500010060AA01082B
:10AA60006CAA010868AA010880000000C1DA833CD2
:10AA70000500300078AA0108B0AA010880AA0108E0
:10AA800000000000000000000000000000000000C6
:10AA900000000000000000000000000000000000B6
:10AAA00000000000000000000000000000000000A6
:10AAB0003523823B29AF933B8EAD123B2DDB243BEC
:10AAC0007704AB3B420C133B22D0363B1161853BF4
:10AAD000C693143B566B0E3B57C5A83AA82F6C3B48
:10AAE0006C01F23A88173D3B102D9A3AF4DEE73BB1
:10AAF0000F34B43BCD305D39140E893BFC17893BD4
:10AB00004A54883BBF1CE73A27EC063B72BA563BD7
:10AB100082664F3BE3BB0F3BD894423BB286C03BBF
:10AB200027E35E3B74CCF13AB426A93BC137183C0D
:10AB3000E2CDBF3BD4948A3A512A743B674F163B0F
:10AB4000A028FC3B08F67B3B3963B63A76010D3B07
:10AB50004175B03B18430A3B45C897399BAF623BF0
:10AB6000AB23193BD949173B3ADE0D3BAAA9AD3BB4
:10AB70000500010078AB010884AB010880AB010837
:10AB800080000000C2C0C03C0500300090AB01084E
:10AB9000C8AB010898AB01080000000000000000ED
:10ABA00000000000000000000000000000000000A5
:10ABB0000000000000000000000000000000000095
:10ABC000000000000000000000000034802FB03AB8
:10ABD0000C181A3B0B04F93A00000034217A5D3A54
:10ABE000F67A213BC1712E3BBA90F33AE5955D3B75
:10ABF00031E4163B3E8C173ADC948B3A8BE41C3BD9
:10AC00009DDAA53AE66F353AD4BB843BC68F113B3B
:10AC100037A7853A5FA8903A00000034A727353B54
:10AC2000000000342B09BD3A00000034DEE0203B78
:10AC3000CE178C3A0000003400000034074FAF3BC1
:10AC4000D8DA073BB739913AB6A5AC3B90C8AA3AD7
:10AC5000CAAF653A11F9003B5268AB3AF0A18B3BA1
:10AC60004997CC3A53BBFC3AF052D5393C40FC3AB8
:10AC700035A1D03AE302A33A9959643B83ED333BC3
:10AC8000000000349842003B0500010090AC010830
:10AC90009CAC010898AC010880000000D78DB33C43
:10ACA00005002800A8AC0108D8AC0108B0AC010828
:10ACB0000000000000000000000000000000000094
:10ACC0000000000000000000000000000000000084
:10ACD00000000000000000008F1D823B3BB1213BC3
:10ACE000B7F8A13B2F42B43A6F79133BAF82953A44
:10ACF000E29E843B740C893AA247543AC054DF3B2D
:10AD00007ED8B53B3F6E7D3ADCA3423B76A0E43B68
:10AD10009CAF9B3A000000342629CF3A0370213AB9
:10AD20009BF2913BB2A1943A000000340D87093C9C
:10AD3000C250603B5C921A3B3708463C57E6493AA2
:10AD4000BE65D43BB91AA43B5509923BD250C639D3
:10AD5000BDC7883B6E32CE3BD870193BA593053BEF
:10AD6000C0E0F73B00000034000000349584C13B94
:10AD70000000003483902B3A0500010080AD0108EB
:10AD80008CAD010888AD01088000000063BBCE3D9A
:10AD90000500200198AD0108C0AE0108A0AD010872
:10ADA00000000000000000000000000000000000A3
:10ADB0000000000000000000000000000000000093
:10ADC0000000000000000000000000000000000083
:10ADD0000000000000000000000000000000000073
:10ADE0000000000000000000000000000000000063
:10ADF0000000000000000000000000000000000053
:10AE00000000000000000000000000000000000042
:10AE10000000000000000000000000000000000032
:10AE20000000000000000000000000000000000022
:10AE30000000000000000000000000000000000012
:10AE40000000000000000000000000000000000002
:10AE500000000000000000000000000000000000F2
:10AE600000000000000000000000000000000000E2
:10AE700000000000000000000000000000000000D2
:10AE800000000000000000000000000000000000C2
:10AE900000000000000000000000000000000000B2
:10AEA00000000000000000000000000000000000A2
:10AEB0000000000000000000000000000000000092
:10AEC0004367A93A623F8B3AFAD71A3B1085233B76
:10AED0002356703B32C7183BE0264F3B3A2F8F3A40
:10AEE000B5D51F3B652B473BA3C50C3B5109E83A41
:10AEF0005DBAD93AA0D0CF3A9FFC253B3A921E3B8F
:10AF0000CD34883B9395253BAC31003B3AF0323B46
:10AF1000E36C173B7C916734C14ADB3AB4AEFA3A32
:10AF2000B8CC063B36061E3BBA3A803AC357393A8C
:10AF3000D63C023A5451093B65CE043BD532433BE3
:10AF4000CA0B613A0F81D43A8017293A5BEC813AF7
:10AF5000E5410C3B7631083ADA78043B57C7163A9C
:10AF60003A18093B63AC613B085A683BD871493ACF
:10AF700075A4EA3A215CA43B00BF003B000000340A
:10AF8000A5B4A63A0375053B0FD1153BBB37DF3A95
:10AF90003614FB39AF25573A18F6343B2EE4E63A1F
:10AFA000B7CA0B3BB12EC43A89AECA39C2CBED3A0F
:10AFB0003799503A35670C3BF47D1F3B59EB083B02
:10AFC000EFFAC13AC68CF13A8FFC1F3AFE17103BDC
:10AFD0003220713B1E476E3ACAC62B3B5856DA3AAE
:10AFE000B85AAA3A6509DA3AD53A053BEDA4473B87
:10AFF0008C70833A5D72FC3A0000003474D1FF3AE1
:10B00000AE77323B71C1893A9D24613BCD4F9C3A6A
:10B0100020FBAA3AAA6A123B990FC23A9F89D93AF1
:10B02000F1FC413B41AEDF3AAD22063B17AE183B87
:10B03000827F093B1405023B1520463B5E1E253BE3
:10B04000ABFC0B3B00000034F673463B93DD8A3BC0
:10B050002873533BE284183B291E0A3B7C7E233B2A
:10B06000D9094B3AFBD58A3A1820BC3905510C3B1B
:10B07000E5BC8C3A1F042B3B5DEB513BE90FE93AF1
:10B080001855113AB3C64E3A5425143B3681A43AAA
:10B09000AC44213B51B6713B8FC7493B522DCC3A52
:10B0A0008B7B13358D28793B70D92B3ADA23653A9F
:10B0B000D928013AFCE2243BA5B6FF3ABA96063BF2
:10B0C000DE50DA3AF973EE3AF905CC3AB2CE853A67
:10B0D0005E9F6D3B4503AA3A06E96A3AFD85813BCE
:10B0E0004E43353A1AF0EF3A12AD043BFF8A303B3B
:10B0F0002F71B73A50EE2B3A2F56553BDD7F913AE0
:10B10000AB63D03A304D373BCF19113BA8EF943A9F
:10B110001A68263B0A0C083B01DF0D3A45F73D3A19
:10B12000E9E54C3AB2C5963A704DDB3A237F2F3BA6
:10B13000B5228E3A7A9C1B3B6802F03A04271D3BED
:10B14000C753A03A9FD6153B6EC41A3B7E85553A2D
:10B1500031E9973AC897553A4E832B3B3F450A3B16
:10B16000F0CD473A829D4C3BCE61063BE520823BC9
:10B17000A825313A9FEE653AA6636C3B12CA573A4E
:10B18000D731543B81BEE33A327E103BC222CE3AE5
:10B190007BB00F3B6237EE396475D33A04BF853A12
:10B1A00006E8F43A7A09143B9C138C3ADCDC433B06
:10B1B0004F2E0F3B700C933A710EB63A16E86B3B6C
:10B1C000BA33303BC4BD423B90E97C3AFA35403A51
:10B1D0003CF99B391DC1E23A10E5F33AAC15CD3A82
:10B1E000A097123BB5C70D3B160F303BFC86663A65
:10B1F0004637393B9681183B42C31F3AE23C133B2A
:10B2000023CC1D3BE8F9E83A089C0A3B3C700C3B18
:10B21000CA07063B8239873BFB68633A3047B3393C
:10B220003ACA1F3BFE96D73AE91B6F3BD20CBA3A9B
:10B230004847173B18FB5C3BB2C7463BAD650B3A32
:10B2400066A73A3ABC60103B8AB0443AC262BF3A41
:10B25000A95EC73A83835C3A553CEC3AEDEE1E3B5F
:10B2600085E5253B1CCF5138A2A2863A7BB5093B28
:10B270002A180D3A99E3553AA131C73A8E4A7D3AD8
:10B280000DDE5E3B2299653A6E33583BE8C00B3BBE
:10B29000BA85193B01B7053BB44D313B2A7D4E3B86
:10B2A0004A24563A98E95A3B77338F3B3BF5283A84
:10B2B0002E63F03A6C830E3BE1A8743B8768A93B90
:10B2C0002CD62A3A52B35E3B3DC7B63A3BF6353BE5
:10B2D000AFEA3A3B2AA9E63ADD67E43AD773303B56
:10B2E000E39A583A0A13123B645A693BB742043B4B
:10B2F0002D7B203BD404F83A6C312D3BB9B0D539C5
:10B30000F435153B20DCFC3A9D57A6392152CD3A45
:10B3100029157B3B38595F3A4424DF3AEF4B2F3BEA
:10B32000C754193B2B3BEE39AB9A103B8477BC3AA0
:10B33000E760123B98C8F23A6533F4392A080F3BAC
:10B340000500010048B3010854B3010850B30108D7
:10B3500080000000D8EB583C0500010060B30108F4
:10B360006CB3010868B30108800000006876533BA5
:10B370000500010078B3010884B3010880B3010817
:10B3800006000000E5531F3E0500010090B30108D0
:10B390009CB3010898B30108FC0000006F347C3DA9
:10B3A00005000100A8B30108B4B30108B0B3010857
:10B3B00003000000076B123D05000100C0B3010847
:10B3C000CCB30108C8B301080700000072EBE23DEE
:10B3D00005000100D8B30108E4B30108E0B3010897
:10B3E000FF000000A712D33D05000100F0B30108E3
:10B3F000FCB30108F8B30108F40000007888CC3DE4
:10B400000500010008B4010814B4010810B40108D3
:10B41000F6000000ADD9563D00000000000000001D
:10B420002B3C5E785A7F2CE313FCFDF9346D38BD5C
:10B4300081B443347E64F5C2ABD84AE809EAFA0025
:10B44000FE7FE5EFD650F1B87FE6E342F5B93B1950
:10B45000816523C036111D0E26B195B4A0809A389F
:10B46000501CFEE5EBCB81B76DC3070039490000E6
:10B470000CE001008DE0FFFFACE200006A35000047
:10B48000D1F70100E0140000F4EEF8C0F9FE42D656
:10B4900004BEF9560E1802A507E00679F3F0BCAC1D
:10B4A0007638FCAEEB0C7FC6117F9E537F5F018028
:10B4B0008055817F8E8084AD5CE7FFFDEC021C250A
:10B4C0000AACB0FE5F44FF5C92CF9E11AEACE214BA
:10B4D000DD0600005E34000098C80000180400007B
:10B4E0005E090000A26A00004A000000C3020000DA
:10B4F0008007FEEDEFDF010C2C7FFBEACD234A072E
:10B5000024FA800214EDEF0F0DAEFCE6815701071F
:10B510000CF97F3700E5F1C5AAE80720FE1D7F0181
:10B52000FF047FC4FF160E32FF07022D07F8EE7FDF
:10B53000E8050000EFF0FFFF8A0600008DFEFFFF28
:10B54000D9FFFFFF1AFEFFFF4CF6FFFF9AFBFFFF3C
:10B5500033C500CA0881F10EFDFF7F1E03D401052B
:10B56000DF8001C2E4031991007FFBC0F2050B0CE0
:10B57000F8FB01073901CA8045F71E126D97821545
:10B58000320DFB19F47F0FF0FD117F340EC80672E7
:10B5900080D119C4E9271E0C7FC5FFE3F610FA0419
:10B5A000F3EB09D00B80E908C8D61E8B3742B57F74
:10B5B000EF0A5E0E981980F3E4080772E60A087F26
:10B5C000FE23F9815A1E9D58000000000000000073
:10B5D000998100F6E7001DE1085BFDE8DF7F22CCE2
:10B5E0000709D9FD85F880F8F9028100F2FAEE002A
:10B5F0000000000000000000F380FF4E061500036D
:10B60000FBD608F73E09A17F07F614FAC809327F76
:10B6100009FE8100BD04B6FAB2150AC8D07F3729E9
:10B6200081480437052511F1FF7FF8B4F5EA0FF1E1
:10B6300004A2FE1C1881E2297F43E757310E02B6AF
:10B640007FDEF904F16502FD097FFCBE01E5040E11
:10B65000FAF51C0032FCDE80802E050A09AA05FDE1
:10B660001CDBFE810701FD0F000000000000000050
:10B670000000000000000000FAF980FF2F01131203
:10B6800000000000000000001B597C2C002C237FD0
:10B6900034010000D50600001CFFFFFFEA10000087
:10B6A000EF050000F70A00004DFEFFFFDD0D000072
:10B6B0004C100000EDFFFFFF7BFFFFFFEC070000D9
:10B6C000070100009EFFFFFF7A0900000000000054
:10B6D000DC030000FA1C000094010000C00B000015
:10B6E0000000000042FFFFFFBF020000F50700005E
:10B6F00096000000B30B0000FAFEFFFF40FFFFFFC3
:10B700001AFEFFFFBB2300001BFEFFFF8BFFFFFFA6
:10B710006E0600004F020000BB00000000000000A9
:10B72000000000000C0100000000000037180000BD
:10B73000FC1B01A4FA10FDE511F4EAFF1127070034
:10B74000010DED0E000E170309FDEBC2FAF4D0F95E
:10B7500009000F0000FB0009F60BCE80DA01D715B7
:10B76000FDD8D8171744090013F5F6280035381E00
:10B77000F1E6DA9CD433C0D03C03370000E8003156
:10B78000FFC0DF9B2DF0DE22EDE2F0FC0E240E0068
:10B790000CF002CD001E2325EC1CF0BAE3DDDDE544
:10B7A0001601150000F80031CF1AC2211A18CF0A6D
:10B7B00073C7BC23344507001FECF2D3002C45F1BE
:10B7C000E2FAC4B5E0D6A9D8E7262D0000EF00D6EE
:10B7D000807C81FB5F13818281818033B77381001C
:10B7E0007F815D1B007F7F82A37D80818048818176
:10B7F000857F7F00004E0082C83891148580A86B39
:10B80000009BBD80876B090067837778004E5E9E42
:10B81000A08AADA893E5BBAFCF604400006E008660
:10B82000DC81C0FAF119D83074D0C5133C2A0C0061
:10B8300016FEE91F0022360AC206DD02ED39CAD91A
:10B84000111B220000E5001995C681F4C6129C84E4
:10B85000849DA91CA57FFD0072B4648500606F54AF
:10B8600083A19604B5829EA048665A000057004CFA
:10B87000CD04B3F254B8AF3715BACE92807610002B
:10B8800059B77FF4003D5644805DBA0BAF41C1B754
:10B89000164C3100007F0033410A00000600000012
:10B8A000DC4E0000150C0000C9FFFFFF7102000014
:10B8B0000E1A0000FBFFFFFF44000000590B0000C0
:10B8C0009D030000910000005A080000C9FEFFFF20
:10B8D000EE0000000000000012FEFFFFCB0D000094
:10B8E0000E010000EBFFFFFF0000000085000000DC
:10B8F000450000006F00000041090000E3FFFFFF6A
:10B90000900400000E03000089030000E4FFFFFF25
:10B9100050030000E2330000BDFFFFFF45FCFFFFC6
:10B92000E60000000000000000000000E4FDFFFF52
:10B9300000000000E000000006C7BFFD1819F3C4B6
:10B940001011D9E804ACE90081CCF5CA00E803FF86
:10B95000F61C02F3DC1FEB2AFEFEC10000FB001FF9
:10B9600012000001000005FF020F16035100000045
:10B97000FF04810200FCE6003BFF0401000104FF1C
:10B9800002030200001E0000EACB81E8F5E2F4D5D4
:10B99000020212E9F8C6E500E915FCE0002D0FE708
:10B9A00007030BDEACFE1BFCE5F30000000000FA11
:10B9B000C00709FA08F8BD01F87FC80108030900AB
:10B9C00000FD06F900010904F8F867010BF42B0BE0
:10B9D00008E40A0000F60004561A1BD41A0D2312BC
:10B9E0001E15F3050CF10A00ED14EFFA00297F0F84
:10B9F000000306FAD704F30E09FB03000016001437
:10BA000005B79EC828FE1B90F100E1340DD52D002E
:10BA100047E701F10024F04201D2F21B4ED813F4A3
:10BA200041277F0000080068EEFFF3FAFE0381FD66
:10BA3000053A33FBFF09FF0001FAFF230005090364
:10BA4000000130F92100A6FD0244010000FB0004C2
:10BA5000F3E7DBBE2E18E0E906FAF3CD06CFDC00F3
:10BA6000D6290506007F072BFF0BF8D603FA0B99A2
:10BA700029371F0000FB0014E3407FF42F31042717
:10BA800034E239560EA55E00B2FC08FB001FF93304
:10BA9000F009F70C3B12EDBC3EE1F5000005003F5C
:10BAA000034EC92144FAFE32F5EE18EAF9D9EB004B
:10BAB00039F4040B0080044CFEDDF634EBD3F87A45
:10BAC00051EE1B0000FF004901FF03FF010103FFCE
:10BAD0000205F302D10302000102F5FF00FFFF029D
:10BAE0003F00FE0302FF0A01010200000080000087
:10BAF0000001F4E213EE05EEF501FF060202090073
:10BB00001900020A0019061102F2FD010EEA0307EC
:10BB1000110D80000001001228281D3A0223072879
:10BB20004246892AFFF51900CBBFF66500CAEB290A
:10BB3000FF0D1B17E82770D42F7FE30000F8002AC1
:10BB40000F0BEE0205E506FEDCF60C02FF2D0300EE
:10BB500080FC001200E1FE0EFEEF03170EE4FC2B4A
:10BB600010FF1C0000FF0007F8FDCF3407D90BF3CE
:10BB7000E907FCD7E7E2C600800800DB00FFD91127
:10BB80001FE2F4DEFBDB0AC012D11F00000A000C2A
:10BB9000D20DF9D1101AF90C1BEEA2EE000CE70041
:10BBA0000628F1F6001280FB09F4D8FBCFFAF33B2C
:10BBB000F9FBFD0000FD00FE741200009DFCFFFF7C
:10BBC0008B1D0000AEFCFFFF5CEDFFFFBC0600001C
:10BBD000340500000C180000F3F7FFFFC9F1FFFF68
:10BBE000040200007900000077FBFFFF16FFFFFF53
:10BBF000E81C000017020000000000000000000028
:10BC00000000000000000000DF02FDF4F9070C0551
:10BC1000BBF518EFF181FFE26AEEA8F3170E103AB8
:10BC2000C83405DDDC1380E7DB007FFCFEFBF72C6E
:10BC3000093500FD051FAAFB000000000000000000
:10BC40000000000000000000E7FA0211092B0F04B9
:10BC5000010B0180E03CF6F67F07FAE2E6EA04BD5C
:10BC6000FE20F7F32C9B52E8C40238F8F9FA00C022
:10BC70002BE2031D1AE17FF91FF28105FF090AD9A2
:10BC8000E9D702F204DB65F71F000301FEDB05FCC8
:10BC9000F9F9FE7F06EB040D7F002601E05A02E76A
:10BCA000E30A021BF0EA01EFF3150B0DCC10B1F023
:10BCB000221AFC7FF8367F929905CFF546971D7FB3
:10BCC0001012FDB407EA0054B7FBF003F881FA0B39
:10BCD000F61EFC02152DD418FEE87F1619BAD87787
:10BCE0001967F6DBBBA0D59C85FB1F14B4AEB681EB
:10BCF00039010C7C1F6CC0937F060707035B00EDC6
:10BD00002F27FF0107C810E6F9D4F49A80103D25CB
:10BD10000E10EDF33ED41C3EF9B555E3122EF27F22
:10BD20000D5900E7F415C505D707170D1112FF7F50
:10BD300049C805FF11AA2EF3000000000000000012
:10BD40000000000000000000F00105FCE2F7EEF743
:10BD5000F5F0007FFB0E15EC000000000000000075
:10BD60000000000000000000F6FCFDEB05073304B6
:10BD7000ED027FE917E1EB20000000000000000069
:10BD800000000000000000002EFF9FF2D510031EEF
:10BD9000CEFEFD29F5F47F1A550B81FF0EDC08C994
:10BDA000F3DFF5E4F3D07A1E00000000000000008D
:10BDB0000000000000000000000000000000000083
:10BDC0000000000000000000FD80FEE4F80706040B
:10BDD000FC049D030B0309FE5CF193FBF5E1EB3BD7
:10BDE000BE0C01B6CE1280F62B18FBDDACDD7F3A1F
:10BDF0000408FB0F132E849917001423EA34F91555
:10BE0000D112F97FEB35130520D5E809670D4EF9FE
:10BE1000C8F42A800BEBFF608505C80C1D5E031B70
:10BE2000EF002755E6047F0E25FFEDF2EBF306BE8B
:10BE300006DEF8E719BA7F0F98083CFB0F3F0CE3CA
:10BE400014FFF94618FB7F12480009F90ADC0412B6
:10BE500021D8F9EE117F3100CA047FFC191DFB299E
:10BE60000B260702FA4C981C17F035FF098812A818
:10BE700081ADF7A8BAB61977C235DEB668B60CB090
:10BE80002F81E2B6B3D8C54DFFFDF9FB2800130A98
:10BE900007F40180F5041431B3001620D848E6D524
:10BEA000C3FA097FDA5B36E87FF228F6C28CECDA57
:10BEB000F507E9B30CE79CEED0FA191FDE1503DE97
:10BEC0009F0C027FC37456ED0CB5FFF40405030A02
:10BED00004018001050AF0FC0000000000000000E1
:10BEE00000000000000000004CFA0AF60ED4060D17
:10BEF00016D9F9E8097F420F00000000110C00007C
:10BF00007C0200000D040000000000000F0D000086
:10BF10004D00000090030000EA0800006FFEFFFFE4
:10BF2000D3010000C6400000DB0C00009F020000AF
:10BF3000BE060000C510000094010000F6060000D7
:10BF40001E0A00003C0A0000000000003CFCFFFF4D
:10BF5000000000006706000000000000C0010000B3
:10BF6000B50500000000000000000000FF00000018
:10BF700014070000CF02000008F9FFFF350E000093
:10BF8000AE0B00006C0500006A06000063FAFFFFBC
:10BF9000F905000047FDFFFFD50F0000D5050000A3
:10BFA00014010000E7060000BCF8FFFF6A0700006C
:10BFB00000000000AA01000000FBE2F00001030BFA
:10BFC000F1F5A80F177107FF06F7DA080012002A2B
:10BFD0000003BA0000F700F8FB0038F00AFC05F394
:10BFE00006F80E2111CE00FF00DB0C0400FBE30D70
:10BFF00012EBCB8C0FF032FBFFB7800800C90004B6
:10C000000008840000E1070B132C89811BE001E28A
:10C010000CC5EED104FE00E600FA04FB0008FEFEAB
:10C02000FCF87E05008B08EE0C01FF02000E00D22A
:10C030000002BE0000F4F503F9041B42F1FC04F316
:10C04000FEF41108161200FD00D885020001E00E72
:10C0500018F8CD8CFDE1DD0AF7A2420B00B200D941
:10C060000010EC0000E90500132BC163F3E4FEF7B8
:10C070000FFF1C530AA200E3007F5D7F00807F7FDB
:10C080007F7F028281D4807F817F4D81007F007E0F
:10C0900000807600007F7F7F82817F1C7E7E7F7E96
:10C0A0007F7F8280877F007F00DA7F0E00FCE415AF
:10C0B000FAFED680F2DBDD0EF5C5CAF300B300FC54
:10C0C0000002050000E28A040A1FDD98A8E60FFBC3
:10C0D0000D031D2105F600E600FDD7000001040454
:10C0E00000FB6816FE9321EB060CE503001000DF51
:10C0F00000F9E60000F8FFF90201FADB1300F8F698
:10C10000FCF912231009000400DCF62D00ECE60611
:10C1100080EDF48AFFD353FEE9A352FB00BB00DCA1
:10C1200000FF7F0000DA060F0E21026686E09BE822
:10C130000AD2E3D5FE0400E500FB0DF50008FE047D
:10C14000F5F5901E107F160602F60BFD0006002383
:10C1500000FCE30000FF03FF060302105BFEF1F5A5
:10C1600001F4150A18F2000100000000391900005E
:10C17000C9FEFFFF9DF8FFFF000000007B080000E4
:10C18000AB080000AAF3FFFF29FFFFFF8A0A0000A7
:10C190008D1A0000DB8C000052060000B73300004F
:10C1A0009EFFFFFFF8F6FFFFD7070000A443000043
:10C1B000B70000009F06000000000000C60B000052
:10C1C00000000000FCFCFFFF000000004C09000024
:10C1D00028040000000000000000000098FFFFFF9E
:10C1E00036FEFFFF81F8FFFF55190000D20800005E
:10C1F0005E000000A3FEFFFFC6FDFFFF4707000033
:10C2000039FEFFFFBF0A00000EF6FFFF1C180000FA
:10C21000A8040000890100003D080000560100004C
:10C22000000000001E0900000010F51B0025F0159D
:10C2300010F4047F311FF792AD1FEDFF00FA00CF1D
:10C2400000F9FD0000FCFDF752DF02D7E920E7F11D
:10C25000E8EB170D2C6A001E00F91A0800FE08F71B
:10C26000F7FBFA01F70303F4FFE3FBFB00F800F62A
:10C2700000000E000081E8F3FC06FCEF010800035B
:10C28000020F0BFC14F0001200E60C8100F4F0A485
:10C29000412340EFFE510AFA0D010BF900FE0005A3
:10C2A0000009F800000038FD12F424182512F901E5
:10C2B000F4EE1511FBEF0010001920D400A7E6E5FD
:10C2C0000710103EE902FA0CE9811803002000E88B
:10C2D0000021DA0000821C17EEEAE90CDCD4F3211D
:10C2E0001806F30DDEDB00DC00F8F7E4000EBAF709
:10C2F000FFF40B24E40A03F1F180FAEB0020000CB8
:10C3000000EFEA000014051308C7F922F9ED10FF49
:10C31000EB0CF346021900F600F9FDEE00D41CFD0B
:10C32000F7EDF1877F191604C1FFD419001200C977
:10C3300000030B0000EFD907A0FAE0DFF1FB0CFFD0
:10C340001C0BE9F7DE360005000DF4DB00F9D4D94B
:10C35000EE02EDD9D6FF05CEFD79F408000E0008F7
:10C3600000000500000AFE801301FA0201EF160822
:10C37000021406FA1C6B00FA00B129E2001BDF5719
:10C380009527F19FB6F9D7E13E20D48000E300DB8A
:10C3900000D4D10000E1FBFCBDC1A398B4408FDC08
:10C3A0001C2218D301E9006400D3F1BC00243CAC8A
:10C3B000F0270D99FEFE0D369E00FEBB000900F829
:10C3C000007FF00000F9062BA9EFE1E7E14BECC597
:10C3D00015FC510646F90060006EE58100FC1DEF7A
:10C3E000CEFF01D101F31614C5E9B56900DD00F4F3
:10C3F00000FBAC000004E801F232EBD4E8C3E439FE
:10C40000312C0EF713EF00AC00F1D6EA00F7F1F58E
:10C41000F0F00422FDF0F7140D39E6220006006961
:10C4200000F1F000008100FFEABBEC1009F20DF40E
:10C43000001EE3F2E0D400F700070FED00FB010B54
:10C44000EC7F0D4A0B0FFC10F905F8E00005000623
:10C45000000802000003E8F0F714000A05CD0EED15
:10C46000FD8DCE07C5F800D300EBE8C5004D49931C
:10C47000FB04F8E8EAD5132E0537EFFF00F8002D8E
:10C48000003F18000023F481EAF50EF1F23616E6BB
:10C49000FF1544213DFA0048009E2A0600CDC6291A
:10C4A00023C7277FFD2534212707182F0009001BEC
:10C4B00000E81F00001004E21AF7002BFD752DCFD5
:10C4C000FE0EED10FCF6007F00E10EF6000B12D719
:10C4D000F3EC907FFE8DE0E2F9FAF2D80032001022
:10C4E000001EF10000110D13E7080207FE29F91DD7
:10C4F000FE3BD6F4EC00003800D948F6004F890026
:10C50000C825047FB7ED0AEE2459DF3300D100209F
:10C5100000DD17000014FA0C22AE0C5320E1541376
:10C520000527284F251100F722D2FFFFE503000061
:10C530009BE5FFFFE6200000B12400007724000007
:10C54000DEE9FFFFF73500002DFEFFFFF1FEFFFFE4
:10C5500082130000E90E000077DEFFFF73DBFFFFB0
:10C56000E50A0000A4ECFFFFDA06E107EE26E83F4B
:10C570000BF7057F1B5720ECFEFA177CC20C7FFFE0
:10C58000FA00FF197BFB0FF1FADDCC0707D3DEB30E
:10C5900081D6FD15BF3D29BB16FB24183F2DFB2F6F
:10C5A00013DBFF7FE705B911077F0BFC11F4FA05D8
:10C5B000F300E7FBFF0302F85C0BF0152BBB057FD4
:10C5C0004F32100D35E625C6EA01EA190AC4FCD43B
:10C5D0002D190AEF1CF27FD6EFF61EEC01D2F6D031
:10C5E0000C2203E812C57FF6EFFF0EFE7BFC0C3534
:10C5F00080D4F5AAD4E1F93AEBE030F77F5E2C0461
:10C6000014E30F3E0E4AD52A23070817CCE0DFAA11
:10C61000F2D9EC7FED172E08ED15CE20D3F8FFD11F
:10C6200026D5F1DF10347FE86EF0F3F2E38003D516
:10C63000A51108592735EFFC10072BE8BDE10D0ABD
:10C64000BBDDEB80D7AA7D2F2106F20E12E9F4F2B2
:10C65000B50E0681E4351DDFD8090F5D0327E8D646
:10C660007FF0F62307F405CFEC09EEFBBDFEEF0AE1
:10C67000EA2C033B37430A80F2F0E607800ED6F23D
:10C68000410C86F488F5FE1818000B011FEF0F21EE
:10C69000EDDBFF7FF2C3F9221902561102B8F84C04
:10C6A0001C6B02EB0CB97F0C11E208FA7FF22C0133
:10C6B000F5F504FB0801050F0F1C160520F4163DC7
:10C6C000122D168009FEFD19FE06CB1506D2E88054
:10C6D00074F00118010D03CFB9064226EA77FC6217
:10C6E00096FD003E997F5D98EFED0324851E2A1389
:10C6F00006DEE5152105107F6BED2C033C8033E64B
:10C70000C12000A1F0D3216012FEA80707D1E200EA
:10C71000A3EEF711D9FB7FED099C0503E6F80407AA
:10C72000F4017FFD03040107E5FC6024561514E9BC
:10C730007F4C06AD1FB19ED004F18209F130D15A71
:10C74000B08A08B8A3815C2301F67FEA0DED14F5E9
:10C75000EA2BFDEF1BDF300F2AF70CFC14FD0E2B2C
:10C76000ECF106EFF232811F7F042F06066113F908
:10C77000FCEE001EEEECFB00401E120DD7CE0502B3
:10C78000D2F1FF03051C1D7FFDF6291C441980030F
:10C79000C80301FB7FF205293DF1FFF5FA7FEEFCAE
:10C7A000FDE01741F10CF8C303052206E6F003048F
:10C7B000E281020007D70CDC0C010BFBED08FF1334
:10C7C000091A00800F3CF5FF37FC1D1215A1D47F1C
:10C7D0000EB40841D39B3C1F3BFD3D050AA4033C1E
:10C7E000F52504BB15D4C1813C0AEDF781D42DF0A9
:10C7F000F302DD1D0B1E17246604D9F60B801E2CD8
:10C80000C62A05881004FB1BFEE9018003133205CC
:10C81000E509EF16420D05FC07FFEC270F1280FD1E
:10C82000DAF008116B08050A2FE8E1ED3ACF4A0368
:10C83000D7F604A715F5F57F97FF100D2080F53486
:10C84000FF05032C081FECF9A2F3F7FF1D81091E59
:10C850001122FA001F27EE0212D50BF77FE62804FB
:10C86000E8FCF609F40313DD0B0600003A070000AC
:10C8700063FDFFFFE1FCFFFF2DFFFFFF030300004F
:10C88000C5F4FFFF68FEFFFFC7FDFFFFBBEFFFFF23
:10C8900029000000D4F8FFFF25FFFFFF84F3FFFF0E
:10C8A0004CFFFFFF1FF6FFFFD9FBFFFF070900004A
:10C8B00055030000F6FCFFFF220300005C17000098
:10C8C0006FFBFFFFDB050000C0060000BE07000095
:10C8D000B0F8FFFF2E08000061FAFFFF27100000EC
:10C8E000C60200006D0000002AFFFFFF8B0500005C
:10C8F000DA0D0000780B0000FC010000430100008D
:10C90000D0FFFFFF81EEFFFFDDFCFFFFFCFFFFFF1D
:10C91000C506000026010000770A0000950500000A
:10C920009011000050FBFFFFFBF701FBFA060B0222
:10C930000006FC02FC0A03F60305FF05FB0306F7ED
:10C94000FF050308FBFBFDF302FEFF02FAF30108FB
:10C95000FB07FAFA0001F0FB02000D00EF090103EA
:10C96000FD00FFFEFC0206FD070CF9FAFAF903F7D9
:10C97000FB060014FBFBFE00FBFDF80107FE0204B2
:10C98000FC01FF070002F7F6030E0DFBCAF6E6F8FE
:10C99000F507080610F20F000A02FF0507F0FEF483
:10C9A000150FFC24060A0BFA030D0BED01050F0011
:10C9B000EE0311F1EEF511EFF4100FF4C6F2F3F9F6
:10C9C000EC08110210F81DEC0D0807090EEEF3F249
:10C9D0001B07FF1E041213F9FC1405F301FF0BEEF5
:10C9E000E3FF11E6EAF5FDE3F80906F6E8F4F4F9E9
:10C9F000F401080B10FB0FFD0D09040802FBFFEF0B
:10CA00000C0A030D120103010B0B07FE0508FCF0D5
:10CA1000FDFD08F6F8FD01F203FE07F9EDFF01F94F
:10CA2000FC03FAFD040E06FEFC14FE04FAFF07F6F2
:10CA30000406010AFA0806FDF502031302F1FA00E2
:10CA4000FB05FBF9FFFAEBFEFAFD0604FD010A10F7
:10CA500007F8F5F5F8FE0304FF08F2ECF314030100
:10CA600003FD020CF7FB0BFEF7F4F80907EFF8FDE6
:10CA7000FEF503FB03052A00E6F8F80505140E1978
:10CA800005F0EBE5F50EEF11F2F7F5E6F0250E0BEC
:10CA900005FE0EF8DDFEFFE8F5F30005F2E8FE1BEB
:10CAA00005DFF9FB0B095A02D9EEF107FB061D1E43
:10CAB00005E3EEE6F514F819E7F8EBEBF2310E16A4
:10CAC000FDEE1AF4E001F4C7DDFCF7C9E6D4EB2271
:10CAD0000ADAF5FD0E09E7FFEBFAF906F304081090
:10CAE00005F6F5FEF30AFF0DFAFAECF2F82305025B
:10CAF000FDFD15FBF9F0FFFBF700FFEDF8FDEC0D78
:10CB000006EBFEFE0D07A8F9000A1AF4CFEBF9F5C3
:10CB1000EA0108030F030F00FD130B0E01F6FAF1F3
:10CB20001707FA21FF0C0FFB011206020CFC02EFA3
:10CB3000EE0702F2F4F2FBEAE3F7F8110910141918
:10CB400002EAF3DFF80FFB1DEC04EFE5F320101A07
:10CB500009EC00EAE0FA0DEBF0F3FB1FFAEBF52726
:10CB600001E5F9FF0F004908AAC0B3447F4F5F5C9D
:10CB70005FA1B5A3BC50AC5AB0B5B5AFA9544955E7
:10CB8000B7B54A808AC3BE9AB3A7D73FC59BB574D1
:10CB9000589DB53D54447F61919CB25973667F6B3B
:10CBA0006A8C9E939B639D68948F9F97A15858664B
:10CBB0009099668B81B89A869A95A48FA78E8A7F62
:10CBC000758096686C5CDA68C8D5D9270D393B3317
:10CBD00024C2D3C8D531D747C7C8D0D3DB32262E1D
:10CBE000D0DB34ECC5D0D3C1D6E1D9A2D5D4C8406E
:10CBF00026CAD5333224911FFC0F17F4CDEFEEF087
:10CC0000E2FE09010BF817EF0016050B08F6EFED31
:10CC10001407FA25FD0E16FD011607F211000AE9A8
:10CC2000DE0505E7ECE5DEE2E1F6EF1C0313171C79
:10CC300002E5EBDEFA150320EA01E8E8F4DB0A245A
:10CC400007E906E4D6050FD6E6F20017F5DAFE1876
:10CC5000F9DAF7F10EFD050296AD9669716D696C12
:10CC600063939792A671975C9BA99898959C53693A
:10CC7000A6A6678181A6B18F8E95C3639F98B4766F
:10CC8000678FB14E615B2A698080817F767F7F7F6D
:10CC90007F808080807F817F8080808080807F7F98
:10CCA00080807F8A80808080818080D08080817A2F
:10CCB0007F85807F7F7FEF7FB3D0C1390B4A4346AA
:10CCC0002EC0C8C0CA32CA5AB2D7BEC4D8BB3B3CB9
:10CCD000D0D035FBB7CCD2B8C3D7D180C6B3C43916
:10CCE00028B8D03A3034F62204030DF8EBFEF6F4FF
:10CCF000F203010107030E01FF0DFE0801F2F9F333
:10CD00000903FF14000A0BFE0706F8F5FAF7FDF712
:10CD1000FB00FCF7F4F5E6F8F0F3ED0FF0080D0A70
:10CD200000F4F8F0FB12FB0D0101F2F0FBEA071032
:10CD300004F40300E9040DEEEDF2F6F8F8EFFC0759
:10CD4000FFEDF5F805FCDCFAC3DCC12F0531332F0C
:10CD500021D5D5CADA3FCD3ADCE3D5D3D8DF2033AD
:10CD6000E5DA2FECC3DFDFBAC2D3ED3EBECBE62758
:10CD700022CEE3112027E723B7D0C13CFF40453B3B
:10CD800027CDD1BCBE43C651D6D8C0CBCFD8313CBD
:10CD9000D5C92EF8A9CDD7A9C2D0D716AEBFC746E0
:10CDA0002BBEDE1E2E2C0F25DEF2E918F1201C25ED
:10CDB00008E2E1E0E71CE230EE01E1E9EAE61815FD
:10CDC000F4ED1212E9E6EEE4EFF2F0C0DAE5DB0989
:10CDD00006E8F90C17102F092CB60000F1BD000071
:10CDE0002B8100001F3200005D0C00002833000082
:10CDF00095250000777D0000DA100000C7190000BB
:10CE0000443D0000DC810000F45600006E49000043
:10CE10005F4B0000B1030000244B0000AB03000097
:10CE20004DEE000009FA000085710000FF1A0000B5
:10CE3000A4150000C1EDFFFFF79A0000B64E0100F7
:10CE4000093100009EB40000574D0000C677000075
:10CE5000AF9C00000176000099970000F951000096
:10CE6000D7A400007C1700009FCD01002A6F0000AE
:10CE7000588F0000EF180000940F0000A74B00002F
:10CE80009208000085FDFFFF085B000008E8FFFF37
:10CE9000A6430000ED110000F511F816FC0C0D1072
:10CEA000EE071908F52BD17F2BEB042107060105AE
:10CEB000D80D08F83A11CA100ECA15F5E0F4F1F6CB
:10CEC0000CF2030722FCFFF5241BEBDE093EF9E020
:10CED00027412535E0DF962B0E221E1726F7812FDE
:10CEE000D5F7F207411CA4443E091D12E33D8B1007
:10CEF0002D21140017EE1E0D2026C7FAED26F7A5EA
:10CF0000FE1B277313AD0C40DF33E4173E05DDC76E
:10CF1000D10B70EAB0D6C1DE3E63D2252CE71014E7
:10CF2000BA38287E1E22F9BEEEEE34C1E43BE0F5AD
:10CF3000592A3A271DE92714E1C924F9281724D9C9
:10CF40000620EC0802227FBD1C12FF1AE03B095E9E
:10CF5000B71BBCE437EEF8A70BE122014808F9162D
:10CF6000EC2CF5EE300609E4FFFFD4F3ADFA2EEF1A
:10CF700080DEFD3112FDF4FED8FA40ED20E0322BC8
:10CF8000BAF765E2D2EA32200819C28D0BC1F94422
:10CF90002B01C71DFBBBFC38F0117EF8DDE91CBC82
:10CFA00003A1EF05295724EDFED8F9F90D2F04024E
:10CFB00016D20B2615E31E060C1BD81EDB03FF1E24
:10CFC000D2BDCF2C11FA1A02EA4C22F35714246B6B
:10CFD00033C604230E1080029A94D1FC6713729A10
:10CFE0002FF3DB02A6F311D2E03CF2DAC629F8D324
:10CFF0000CC2EB8C470FBD13B817E9EC07FE2BF5FD
:10D000007FFCF63F43611F1F052A40E72306E1B47A
:10D01000D3AF2D34AB35EC1511FFF5D602F3EBD7BA
:10D020001DF10A04F8D000335DF71052C6DE40E768
:10D03000E1DA2812E95D824AC7613EBE9115F20F1E
:10D04000CC4609FB17F1DBE4A6E6FA3700A4E401BD
:10D05000D90E05E7E42CD20996EF6C280B2CE99F3A
:10D060001AFD1D0D0517CE0408C8E0C2E9267FFA97
:10D07000F2541816FA3112F1D01AFDCE05ADE97747
:10D0800006F8481124DAF60BE919ECF51BE73D7FA9
:10D09000DA1EEB04601AFE03BFE21622D7F5DA357A
:10D0A000F96D3728036B9DD4F3CD8F151A1AF887C5
:10D0B000ECF33A2380F444060B1BF644DE17A1512F
:10D0C000DE7F4E02D527041F04B3190CF33791E815
:10D0D00009092EDCE1E4F519E9022008F827F80B2C
:10D0E000F6FFF307F8F8F912FAFC20FC81010E03B1
:10D0F00002FD0507F3F917E9FEE0E2080202132238
:10D10000AD0DEDFC1C29074DF73710DE0807F8DEE2
:10D110002A7FDEA9FD25F501FEF2F9FF06FD0FF5D8
:10D12000344DFC262D3FEAD9C8403AF9EBFBD22C0E
:10D1300024BCFF0032F3FBF33119CAF1FFDFF0F139
:10D14000030901F0490403F9140127000F07EA2B32
:10D15000F5A5180A08EF30EBFC11FB1FBCFCF2042C
:10D160000E1FF7198125F708ECFDD50FE9FAEEFA45
:10D17000C27ECF11FB242AD338F1F24B69DB2001A8
:10D1800002DF00E8C1E8811506DB66EB2CE32445ED
:10D1900026FCD596DF0CE5FDDD0BDE0E0B2578C4F5
:10D1A000FB1524F61A2FF2E4D907C32D0934CDA9B3
:10D1B000D6D28CFF2AD9B67F22E8F525D6A01DE469
:10D1C00008C007F113F7E6FEEDFF18040FF7071389
:10D1D00006FF061FE528320DEFFD380B02EBFCE5DC
:10D1E000EB03131716F1BB04084C01EF2B102EFDB7
:10D1F0002320F3C77EE1E94814E91626E83116E456
:10D20000FEB8ECECF5E71C2D022ED4EEE5FBEBCCE2
:10D210002AFC11F3231FE00D0445070545F3218186
:10D22000FFE1E3E7C717FA160705DDFA1104FAB1C3
:10D2300012010FFC06ED80EDD6F90C42E11AE27006
:10D24000211DE928D018F525097C0D1515F90810C0
:10D250000703E4E61A1A701A2927191863FF26EA49
:10D26000B428FC191ECC1C20F2B0F8DD570FD3FBFC
:10D270002D06227FF81BD60EF2B22A1456F028167D
:10D28000F518F8ECF11BCCA601E1081C070CEE35F3
:10D2900006AA1F7926F62B3814C9F0D7BA19F8FE5A
:10D2A0001A0FF3E122EC5CD0F3C47F0FBAFD04EC5B
:10D2B000F324E486D720FB2DEBCC1EFAA9160AF93D
:10D2C000EA4AF1F50BE12208EF0BEFFF470BFBE613
:10D2D000C5E60F81F90BEF04D712DCF902FE2F42ED
:10D2E00025FF1AFDE22031DD4C0EF354E7E1B42BAB
:10D2F000322323EF35171004521F80E5DFE21DE7CC
:10D300000841E9032E310FE7FEB7ECD31EA5EE343A
:10D310003335EC24ECF6F42062EAFFFFE5F6FFFF7C
:10D3200042C1FFFFEE72FFFF0AF1FFFFDB090000C1
:10D330007F4000009A350000782700004116000069
:10D340002DB4FFFFAC4A0000C5EAFFFF87ABFFFF2B
:10D35000D54B00001007000096790000146CFFFF09
:10D360001544000063B6FFFFB5B0FFFF4712000091
:10D37000AB1800007FADFFFF2BF533F6A724E7566F
:10D38000CFEBFCDCFC1C0027FFE0EEE0C24A7F0391
:10D39000F30E087FFDFC02E2EEFB08F5E20EFD1F36
:10D3A000E8D1DEF74A2342058421ECE6F2ECE0D82E
:10D3B0001215372EF20D05D0182281F11ABE55082C
:10D3C0002A1E13CA80070BEFFCF4EAE415EA1631B3
:10D3D000F216F8E19E556605BFE619EFEE4815CD49
:10D3E000E4ED411AE9207F053EE8EED2FFFBD3DFF2
:10D3F000D4F5D8310B1F0109C625F6FDCECBC5ECFF
:10D40000210BA9086ED180ED020D001C30FC4EDF0F
:10D4100047F0AC3F020491E58220F6021A06290C7F
:10D42000C5E4F2FC261C3BF2F70880F11011DCF198
:10D4300007E9D3CEED0015C53A0903E830D5B1C4EC
:10D4400008EB0FDF82EFBA23A7D53FD7180E0CFCED
:10D45000337FFEEE2B0D0D2520F5FDC1CDCAC2F3A5
:10D46000F8B8F9EDFF022B0076B5A7F50532E61501
:10D47000F2EFDFEEFF54F75CECC060F09280FC024C
:10D48000117F02F632FC1F3518FE2DBFA1E5F8F81A
:10D49000E0F1F8101D1E21FD05351EFB7809EF8116
:10D4A000D112280F1FC839DFFAEE34B8D5EFD1E614
:10D4B000F010F2F1DF3225FB01FC27447F0A090B53
:10D4C000F4D2EA000F080EF2C13A06C8A92E38B10C
:10D4D0003AFC3ED17F52D9E2BB7F39180F93C9CEB7
:10D4E000E02712F8F7ED6D067FE010AED06219FB71
:10D4F00009B26D14CBB21AFAF0181C591B7F19ED42
:10D50000ACF30ABCEC9CF647FD1E22C8FA2901E2E6
:10D51000ECA07268F5A67E70B8D06A7FAD4EAF52AF
:10D5200037C298CBCA2798E9DE084854EFDB04BE1F
:10D5300031E1F7B145DA98032F80CFB429E19E0598
:10D54000301AA767531D470FC8040D3BDD09B022F1
:10D55000F98019DCD4E54727930ACC5B6A1624DFEF
:10D5600076E8110D7F1932BAF7FA1C46B1E15D3D3C
:10D57000FC00FC432A0527D0F814F5090310E4FB4E
:10D58000FDC3120A3ED88009000000000000000020
:10D59000000000000000000000000000000000008B
:10D5A00015581101651711AA681205F704C3D6D8DA
:10D5B0000FF8FB0434E1811008CE5C1B044BD10052
:10D5C000959117BD3511E4E1F5997FD5475F045F6B
:10D5D000D9E7A83A86EC34A9F002E7803AD44A0E9B
:10D5E000CB3F23FD14D710E117E22BE3F0F14BE919
:10D5F000B6805743123A1AF8E100E630EEEFC4AFB6
:10D60000C9F9BB64EBF1370BDD271842CA0CB80F20
:10D610000C80DBE90DCA1D2641F0ECF60513EFC9BD
:10D62000DF07FFF8F20907F8D8801F1018220CEF67
:10D6300080E0A5A21AE63EE0082B13B0F62B2E469A
:10D6400013E44EC8D6ADF1FB1DF406399F1EF90C4C
:10D65000CE0E14B881CA0060E78606BF52DC3CB922
:10D660002529727F211AF53915B6D58E0BA5E0E173
:10D670000D7723B9313EE6D71207D304E6FE14072F
:10D68000C7F6002208E8071E110310CC80EE7F08C1
:10D69000000000000000000000000000000000008A
:10D6A00000000000000000001D2F3CD3810B094F3B
:10D6B0002BD11EE829B529AA1157E8ECD1FE441058
:10D6C0001AEAD3B03CF7F836EE18F8FD7FE61E48AC
:10D6D00002DE1FD9E3E7B9DD14D80DF17FDFCA0DF3
:10D6E000FB1C1A3DE11ADC32F2CAEFE4BE352CEE27
:10D6F0002113FC5F8A1D07D4911206F1031AE4F38B
:10D7000001CF15B4B3F67F0C1AEDDF14D4C5292967
:10D71000F7121126FCD4DA1C0EA30FD6A6F37F0154
:10D720008168E2B2F40632DD2A2E08F124E4FE4AD2
:10D7300008F213DC1FDC02CEA9CF469280E89E9946
:10D74000EDF5E6479CDFF0141EF94D128036EEF23F
:10D75000F4BE2442C80AE08155F0D1A61E60CCE98F
:10D7600001F85648FD448B0CF2EA6780F40CEEA7F2
:10D77000F904F511384EE3211124DC36BB24C60E22
:10D780002215B7D417B8F1E870D9FCD55B1E255E19
:10D79000C0277DDE807F40C3000000000000000045
:10D7A0000000000000000000000000000000000079
:10D7B000CD27063EE1357F12DFC01316922A46CBF5
:10D7C000E3FCEE0EAE144722B81413F545DA25A596
:10D7D000DA3D175ABD0EFD1E007FC1B717F0E3FFFB
:10D7E000C31817005CD4D1FB520707E87F120EF76D
:10D7F000F3191E21FB0CF4F218710F050D180F120E
:10D8000028C7178022DF5302FCFAF91CFE05DF133C
:10D810007FB265D3ED22C5DB2635D9D5E5260212C8
:10D82000D2D45B03230EDDE01512DFE7242B1EFDAF
:10D830000ECFD7B82D037AD47FAD0903180D2D4034
:10D84000EDE145135CFCAAE3DF13311615B409D8EA
:10D85000EFF3EDAA81EA60FE000000000000000086
:10D8600000000000000000000000000000000000B8
:10D8700015B7D33513012434E334007F0516AD38D2
:10D88000E69A10F5F5FA112AFCDA614CBF3EE7A0E2
:10D89000EE01EBFE480C802500374E13F0D4F51B4B
:10D8A00058FA2F0FFB0FE32AE00E4E2710E7D31292
:10D8B000CF19297F08F0221D3B2033C1E746BEFF68
:10D8C000B20D60CE14061C0C0D45777F09E222DFF5
:10D8D000F68100EC0000F8210CEAF1D90CEE13DC23
:10D8E000B72102F1E3F8E6EE0817C1B12BEE2CB92F
:10D8F000260BFCF7E5EC2A39DE3708B5C639E48299
:10D900009E1FF1812B3901B7D1A0EBD1CEF8482F62
:10D910001EBF07E71CEDF8FFFCC9A2BDCB06DD6604
:10D9200029E8F9E180E70892FFE244162EC3F6B732
:10D930001EDAB90707FE3302D2F8CBF51AE2DB0C88
:10D940001DDD63E7E71981C31125C9BB9CEA1E23CE
:10D95000CD11F1FDB50A364CFFE39D813CB31DFEB0
:10D960006D1FF916FD3ECD2EFFF1E5E4270B80FE7D
:10D9700015264D2305DEF5FFC6E347B4F702D9812E
:10D98000DD1D102BC0F7F6BEFEFF2503CA11C6F23F
:10D990000B03017F3F2AD4950A1101FC0AFDD6B37F
:10D9A00005A907EC68B597F41202915BE7F951F904
:10D9B000BC07E42B1916032F18FB5E03F180B3306C
:10D9C0001241E9FCE6F140067EB7DF43ED21B2C625
:10D9D000E73821A52C0E0C2C11EF0E2339F914D8A1
:10D9E000E31414101FDDD71E0A8012DBEEFCEE08D4
:10D9F000000000000000000000000000000000FE29
:10DA0000000CFC007F0000001C12F5297F00160F9F
:10DA10000B09232C04E2F2F805FE14CFF7DEDAF846
:10DA200039F57F4F15290EC9300CF8B0290FCBD12D
:10DA3000E7FEF5EE227D95170BFB227F2BF1F8F622
:10DA4000FEF2F4E71508BC4113F7C70337D70D11F1
:10DA5000C8E52C181D09DFC9D016F618F64FF0EEF0
:10DA6000FFD614152F038115124AF0F3F00510E2CA
:10DA7000DD16229F46FD1713D582F732EC05E2F83A
:10DA8000B187F2280A430EF214250141D0CC7F263B
:10DA9000F31B1E0317F80303792D6ADF4F134105AB
:10DAA000CEF019FE1F8418D010FCD1BFA2816C2FBC
:10DAB000B621FB331D117ECE32D91BF00C000B2991
:10DAC0001A213D20C12C3A27F321F8EF1616D82C45
:10DAD000BA170F1B59EEF02911FED8CAAA147FF706
:10DAE000EBFAFB0DCDF31348010A1B1DE2EBD52722
:10DAF00008D106F2BCFA7F1311DB551D950FD9B280
:10DB00004DF6CC8A08071CD7D30C4B370C37800452
:10DB1000A8DFE4271CCE03F2C81B18B0800AD4FB90
:10DB2000F01A130BDCE7EB07F1040FBE7FFEEBFFEF
:10DB30004F083032FCA6E7FA1CF9F1EFF7F9F4ECE4
:10DB4000AA1C0E55AFFA5F0F4EE71808857FE89DB7
:10DB5000141FEA0637552B19FFDA1809D4F2C1153C
:10DB60008E367F14F2E7252F15F42150EFE7F30BE3
:10DB7000DD8124F3011F13FF00E601FCFC491C16A4
:10DB800029C80FD0DAFEE1048FFE25DF3351B3EB55
:10DB9000A5FFB09CE9E87F267C05FDFFC0E9F3F016
:10DBA000E1FE18DA1017B17EEE0622D9F9DE061D65
:10DBB000F1CD051C23FD0B02D61453B0271C97F69C
:10DBC0003B080AD1C14904E0E943DA497F4AECDD68
:10DBD000CD2BD54DC430FD81E22BDFA012C8EE1E47
:10DBE0000E2F00E8F60FCC1981D4173A0BE8A3DB0F
:10DBF0004BF3F5E9F924F0E2E211F84610E50EF9ED
:10DC0000B4F204DF170703E8B3442D37CAE61AA5B8
:10DC1000FE06E8BDED8143F4C13B2F34E81CD91268
:10DC20001B09BC2A07B42DF2810800F7090EFF0674
:10DC300003E7F3309706C5C7D80BFAEDF3DAD4D271
:10DC4000F480E3C6C9F6541DB7C4156E20740502EE
:10DC5000F043D37FE3933313252B5FD961EF552036
:10DC6000BFCBCF2B81CD0900CA31D6F527ECF7DF2A
:10DC700000D1141FE7BAFF2344FC1DEDB8FF353473
:10DC8000C71AFFE7C303191CCEE3E0CC7F2421D3DE
:10DC9000EB1993F7E5D6CE02EAF21EFC7F07D9D83E
:10DCA0006800DB0DEAF54CEB3632E1BA1050292A58
:10DCB000D5FB262D810C58083693A152FF0FF0E7B3
:10DCC00007EE0BD037FAE2D706EBE7ED47DE1F7F12
:10DCD00006EE411CAC02D81209EF11DAD813E62F78
:10DCE0002EE43934E0F715080EDB9DE20AAD7FF033
:10DCF00010125167C7388110EFDFF4AF21D7C93553
:10DD000012EA45F1191CB7D90FE750A601F2AEF29D
:10DD100011F002F7320D20ECEB3F3DEC806941F150
:10DD2000E90636ED080367E5DCE9211B207F28EDD5
:10DD3000043610FCAF34F3341603192006F73631DD
:10DD4000BDEE293E10028125F3E1040FF51701F223
:10DD5000F27FE9E8190625360CFD09F0E102F0E949
:10DD60001CF9F0E1F2F4190A81CF1AF70D3CB7DD86
:10DD7000B335F9E31B39031F6CEF28D30624442A7B
:10DD8000BE06F3E7BF0BF02BDD0E101FC0F5F60348
:10DD9000192EDDE5D11B7FE70C6308DE0854D36B39
:10DDA000CC62186C3A867F3228B0DBD22EE74CF377
:10DDB000B2FD031C5B09EA1A37F1FF257F190195B3
:10DDC000F250FB58BF1CE630EB03CCF2213239CDC8
:10DDD0004FFA96FAE01435F20A01DDB4D7DADC81A5
:10DDE00094DA9D6F1032CF1E3BCAF0B8B64FF18067
:10DDF000D1A70F2626B444DDF719092B7C07E30FC2
:10DE0000D02806CF7F1DED38F4D7D9C034FDCF0818
:10DE1000052C21C2FCFB7ECD1CE5021EE25332081C
:10DE200009E6571D8219DD212E9D2C121BF9221A9D
:10DE30001204CA05801338EAF81F340210EE0C08E9
:10DE400016E6E6130AB903F430813E61C2D5526585
:10DE50008621CB0185DB9405000000000000000056
:10DE600000000000000000000000000000000000B2
:10DE700000000000000000000000000000000000A2
:10DE80000000000000000000872008D70181E97031
:10DE9000003028BB19DC503A20E8A5CBDA49D93C40
:10DEA0000FFD05CB7FE510361304073311C0EE03D9
:10DEB00009F902082DEAA6094210000025FBFFFF20
:10DEC0006AFBFFFF77160000E71A000093120000BC
:10DED000F0FCFFFFE6FCFFFF27FDFFFF63140000DF
:10DEE0008DEDFFFFF51C0000A0F4FFFF34F5FFFFF0
:10DEF000D1020000B3DFFFFF62F5FFFF48470000DB
:10DF00006B17000009000000401E00003F010000E8
:10DF10000000000037160000C2E7FFFFC8E2FFFF65
:10DF20000921000047000000D6F8FFFF6D0C00003B
:10DF3000E5F7FFFF11E2FFFF600F000000000000A7
:10DF400099F1FFFFA8150000190200001C03000052
:10DF50009EFFFFFF750400003CEDFFFFA2FAFFFFEC
:10DF60000FEEFFFF6FECFFFF0000000059FCFFFF0A
:10DF700096F2FFFF9D0C0000941800002E38000060
:10DF8000545C0000470200000000000011ECFFFF9D
:10DF900073170000A90A00003DECFFFF6832000083
:10DFA00057F2FFFF1BECFFFF91010000320A000057
:10DFB0008D020000C31800004EF6FFFF53F8FFFF6C
:10DFC0000C050000D10600003E05000062190000AB
:10DFD000B6EEFFFFA403000018E7FFFF69FBFFFF99
:10DFE000B9FFFFFF45FCFFFF0422000005FAFFFF19
:10DFF00007050000C3FEFFFF28060000E112000035
:10E0000054FCFFFF06FFFFFF180400003916000054
:10E01000C6E6FFFFD4010000C0F6FFFF3F2100006D
:10E02000DDF5FFFFD0EAFFFF3D1D00009EE7FFFF8B
:10E030005EF8FFFFDAFAFFFFE8EBFFFFB1F7FFFF43
:10E0400026F9FFFFAB0400000FF8FFFF9CDFFFFF86
:10E05000CD1200007EF6FFFFE0EEFFFF2F1700005D
:10E060003318000068060000591400003DD5FFFF7A
:10E0700022E2FFFFF7F5FFFF63F1FFFF86F5FFFFE9
:10E08000A7EAFFFFF45700000000000000000000B6
:10E09000F517000070ECFFFFF6F7F4040404FC062B
:10E0A0000615FF0100F905F3F7FF090DF9F900FE68
:10E0B000EFFE0300ECFB03FE0100FFF6F0FCF902AB
:10E0C000C801530800000A0508F7FBFE00FBFEEF3D
:10E0D000050000FD09FE0313E50006EFFB000A053D
:10E0E000F8FAFAFE030600FD04FF04FEFEFAFBFB4D
:10E0F000FE0BFA060AF902FBFB0CFC02FBFF05080B
:10E10000FFFEF905F1FFECFCFEFE04FC0000060337
:10E11000FC01FD0309FF17FFFA0B000504090118B4
:10E12000FF050600FEFC00F7FD05070008FD02FEE6
:10E13000FE00FFFCFA050B021400D1060001FC00F2
:10E14000080D0C0600FBFB0B0805F40202F8091190
:10E150002100FBF0FE00000300FCFCFFFF0301FFB9
:10E16000010001030101EB0306FFF606060214FAA3
:10E170000517F005FF17040107FFFF080203DB0086
:10E1800005FF08030000030100FCF905EFF8030791
:10E1900008F603F3F7FD15F6FFFD0E03E6F900FDA3
:10E1A00005F7FAFAE900041B02000100FCF5FEFC89
:10E1B000CCF7F3060004F6FDF6CDF3070005FE04E8
:10E1C00010F907F400F61C08DA04050DF2000F0040
:10E1D00004F7ED010508F90301F7070103F8E1F47D
:10E1E00002FDFAF21C0B07F10B02E7040901040718
:10E1F00006FEF7040AFFECF705F407FD0000F8033C
:10E20000FD05020007FE1305F20C001205E1FD1AE0
:10E21000FAFF070905FA0012FB080D000A0205FBC8
:10E22000FE00000001FAFA031100CF0300FEEEFF2A
:10E2300008080E0500FFFDFD060000F903050812A1
:10E24000FA0904F8FB00FBF60905F9F202FE0201E7
:10E25000FEFC0805FFFBF30909030504050610078A
:10E26000142BEF02FD09FE000903F9000BFD350038
:10E2700003FA080200000401FFFDFC010200EBFBB1
:10E280000706FC01F5EA01E60000FD04F8FC000DBC
:10E29000FE040CFDF8FD06F8070000FF03FCFFFD7F
:10E2A000B1FD02FC00FBEE0005FBF8FE00F602FDEE
:10E2B000E30200FC0400020AD60000FFF70006F9A2
:10E2C00000FAF4FC07FD00FE03FF0606FFFB050550
:10E2D0000202010603040C090D15F105FF020107F6
:10E2E0000002FDFD08FE06F504F5090800000B011B
:10E2F000F7FBFEFFFE0203F60619FE17F611F910F2
:10E30000FD04010D00FD0009FF05000312FD02FEE2
:10E31000030000FBF3FBFBFEC305D90000FFF40183
:10E32000060B070700FB00FA16FBFA0600FA0604C4
:10E33000C5F9FC000200050103FDFA000404FE0417
:10E34000FBFEF803FAFB0A0002FCF50B00F408FAE6
:10E35000060E0300FC0EFE0501FDFC07E80007FFAA
:10E36000FE00FEF50000F70101FEFAFF04F5F5EDF1
:10E37000061000F8FBE4280F04FDF714E9FA00F991
:10E38000FE0006FA020103180600FF04F2F6EE0B87
:10E3900015FAE8F500FB07FC09E2E50F0008F3CFEA
:10E3A0004D05FE0DF90D071306EE01CAF800EFFC4E
:10E3B0000C09FAFF0705FAFDF9F5FFFDF0E504F594
:10E3C00008E8F2F8FBFD0BF810F5FD06F921FF1E39
:10E3D000F5F5EC09F200C5FB02FE000500000B0696
:10E3E000FEF6F007FBE8C2FEEC871183FFC0F9AC34
:10E3F0000EF17609BCEA002919F3F0FF0E09FC3F83
:10E40000F40014D708D3B6244BED1E9300F0F3F5B7
:10E410008006E5180027FBC1A9F00E0B08FA93A1AE
:10E42000F0CCF9B6F700D9FB0DFE1305040DE2019F
:10E43000FC05F500DE959EFE08D3DB14DADBDFEA8F
:10E4400017A7F0FE1C0C032BE2E6F3FA7F04F3FCA3
:10E45000FF01F3F10000F018FE06F7FEFEF9A0FE42
:10E46000040CF50F02E41713FAFDEBFFE6F6001BB0
:10E47000F90103FD0C02041601000407FEF50C0A65
:10E48000240127FF00FF0E0111E5E50200FFF6F56C
:10E4900090FA0C03FFF5F11C5EFA01E7F700F3F4C4
:10E4A000180CF20402FF00FDFEF7FB0202ED15F668
:10E4B000FDF1F9F905EC0D0809140204042101131A
:10E4C0000AF9F403F7FD7F000706FD0400000202CD
:10E4D000020208FFF4FDF6F70315F910F609F43A05
:10E4E0000105F4FFFC0800FA080602020FFC030015
:10E4F0000700000501FDF7FE1500DF0B000407FD16
:10E500000708FE0000FA0102060103F80106060AE8
:10E51000FD04F917FE00FEF9FAFDF70004FC030004
:10E5200002FB0708FAFC0A0102F9010203FF110DC0
:10E530000C0FFB070912FC050002FFFF0000EEFFB5
:10E540000501FA0700000200FBF9F401F6F705FBEC
:10E550000110FAEDF1F41BFFF807012CF6EF00F5BE
:10E5600014FCF9FEED0000DEF50003FDF7FBFEFFF5
:10E57000D0FCD70100FCFE0104C9070A0000FCF230
:10E5800016FCFBFE0328FCEFDBF002E9F60015FBAE
:10E5900000F7F8010A02FAFFFFF7EEFB0B0202F4A4
:10E5A000FAF4F6F803030CFF02E1EE03050D07127F
:10E5B0000EFDF702F9FDF104000401EE0000F10187
:10E5C00004F0FEF8CAE97DBBFC7F108102B5FCD5E2
:10E5D00007F7F97FD1E900992DE4EAFB0E10EFE58A
:10E5E000EBCC15DD0BDDA42341F3249900EAF0F612
:10E5F000FE051A1A002DFDAAB8F01BC10777DB89AA
:10E6000060D3EDB5FE00D202001A0FFAF917EE0042
:10E61000F504ECFDDD0D530008DED811C9F4DCE291
:10E6200005A8CCFE1430EE1BE3DBE4F5F811D504AD
:10E63000F70001F80000EC187F7F7F81807F2C8934
:10E6400080027F0F7F8280807F800DC57F8181FF68
:10E650007F80817F7E7F8080810081817F81ED80CE
:10E660007E7F7EA0817F7F81267F817F817E7FE08C
:10E6700062817E807FE4810F7F8180E47F81837F60
:10E680007F7E7F7F807D7F7F807F827F7F7F7F7F98
:10E690007F7F807F80838080808180817F81817F78
:10E6A000827F817F057F0A7F817F80808181818257
:10E6B000F5EDF516C3E1817F0D8BF87AF6C205AC56
:10E6C0000CFB0BB2C6EC007F11F7EEF30405F6D994
:10E6D000077F18E7FEE17F2724E0198000E4CE02DF
:10E6E0000C0119020021F07FCDEB10BDFB81B57F3D
:10E6F00014DF1045EB00CDF10AEDF7F404FFD5E887
:10E7000015F6E4F5E4094BCED4CDE406D0D6DEF61A
:10E71000FFB7C40712070C18F1D8D5D41811F8FBAD
:10E72000040506F90000F210FFFEF7FFFAF6F912F1
:10E73000000DF8EEF1050EFEFF0B07F9ED0200F6F5
:10E74000070AFFFFDEFD04E10100000604050400E6
:10E75000CBF5392000F6E20208C606FD00FCF8F40D
:10E760000A04FBF901E5FCF589F5FC16F70000FE4B
:10E7700002F4F7040EFAF7FC02F707FB0D070CF2A0
:10E78000FFF3FFF200060D0B02FCED06FB0E03FC8F
:10E7900011FEFFFE0BFFF8FA070003000000F40B68
:10E7A000FAFF02FFFD0100F40208FBEDFB09FC1A71
:10E7B000FB060A0907F90000F6030701080003FF3A
:10E7C000FC000100F80113F9C6FAD70300FBF000C2
:10E7D0000504FF0100F805F6EBFEFB0804FB02024E
:10E7E000CB0500F000000C00FEFF000003FF010459
:10E7F000FD02FBFBFCFA03FE02FAFA080A05FFFE23
:10E8000006F6F606FF0901000102040A00FF03FEF6
:10E81000010209F80000FFFCF8FD000109FB3808BF
:10E820000BFEFA19FEF5201A02FE0AFEF0F30003B1
:10E8300006FD08FAFFFCFF10F80003F7FCF91B0BBC
:10E8400004FE27EB000600FFFDE3E30100FDFBFDF6
:10E85000C2010C0003FC0306B8FA061CFB0007000B
:10E860000F01FD040A0002F9FDF8FBFD00E500F8C8
:10E87000FEEBF205FFF7080603FAE9050A1D0AF2A6
:10E8800002F8F3000201680403FD07FE000008031C
:10E89000EEEDF816FCE34F28FD6C0775F7D10AB7CB
:10E8A0000EFB81F2C1E500CF0DF501F4FA07FF3B45
:10E8B00004001BDEF0F04D2442E0089800D7F3007E
:10E8C0006804CF110022EC3D91EF0010FD0080485C
:10E8D00060E40A7FE500F2F7FFE40AFB0B04D3EDE6
:10E8E00016EEECF7DCACB8E0E0D8E7F1D8FED403E4
:10E8F00003D0E8FF08170828E3DCF6C69401E0EC33
:10E90000F60003F30000EB16FF01EFFD0CFBFEF732
:10E910000A10FBFDFD0D16FA0AFC0E16F5020007A3
:10E92000F9000F05FC0107180700FF05FA000109AF
:10E93000F908FD06000A1407FEE5F1030002F8439A
:10E940007FF80AF4FC0303E2CF0301430000EEFE6C
:10E950000310F7FF05F502FBFDF7EFFEECEFF0F615
:10E9600002E904FD0C0302FEF803F2FFF31AFFF9BB
:10E9700000F9F2050C01C3070103040A000007FEB9
:10E980000600FF00F800FE04080CFB14F621FD1839
:10E99000FD050BF7020500F9F610050205FC09FE5E
:10E9A0000300F5010406FAFD39FFE9090003140329
:10E9B0000F0AFEF7000002050301FD01FC0C05F73C
:10E9C0003FFDFA05FE0005FC0202FDFF05FFFFFC0E
:10E9D000060006FFFC04090100F9FA011300040710
:10E9E000090CEF01F50F01F70100FD0814FE0AF90B
:10E9F0000406060A0000F705F8FC01FE08010304FE
:10EA000009FEF8FB05F508F1FB03070200F900FF1A
:10EA1000F60307FDF2FD03FEF7000502F9FFFDFE18
:10EA200060F9FB0300FF01FEFAF7F7F900F9FF03B5
:10EA3000ECF6FD05FBFB01073A010021FF0004FB9A
:10EA4000FB03FDFE02FEFF0204FC02F5FB0200F4E4
:10EA500000F903F902F706FC0108F006FFF90702C6
:10EA600008010307FCFB12FEFAF805F70000080294
:10EA7000FB000801FF01D00B0415FCF0040B02237E
:10EA8000FE0608FD06FF0001F6070806110200F960
:10EA9000F70001FDFD05FE00C9FDDB1600060302BF
:10EAA000FE0B090100F2FD01F4FB0007FCF8E9FA96
:10EAB000D60A07180000FFF903F600FF080002FF5E
:10EAC00002FC00FFF908F1F905FAF90D01FA0C0250
:10EAD0000A12F000FD03020307000808FCFF27FCF0
:10EAE000FF0407010000FDFEFDFDF105F3F808F548
:10EAF0001D03FFF7F317170309040C0DFBFE00FBC2
:10EB00000006FF00E501031605000600FCFE0100FB
:10EB1000C4FD4F0000FBE2030DCEF5FC000300082E
:10EB200011F40002FB00FBEAB4FF100BF9000EF930
:10EB3000F701F4020DF8FBFA04F5FC000704FEF4FB
:10EB4000FAF8F8FA0D11FEF903FFECFEFEF806FAEA
:10EB500005FEFAF707FEF0F8FD030CFD0000EC06D9
:10EB600006000100FFFBFC0601F3F921011CFE1F5A
:10EB7000FB04080702050008FC0109060EFF09F85E
:10EB8000FD00FA010308F401C30116ED0009F906BE
:10EB9000060909FE00FAFEE711FF0400F40CF0EE8E
:10EBA000FDF602000000EFFFF805FBFE02FBFFFE92
:10EBB00000FCFE00F50CE50206FBFAFB0B0A04F66E
:10EBC0000916ECFDFE0BFDF808050407F6FCD3FC66
:10EBD000010606030000FE06050005FD010702FF11
:10EBE000060AF501FA0303EFF40506F4F5FE000149
:10EBF000F50C0701F5F80CFC0200FA06FD04F5FF20
:10EC0000B802B1FD00FCEA0202F9F5F400FF0012BF
:10EC1000DEFE0206FC0400FED4FA0100FD000D0138
:10EC200001FBF8FB01F9FEF905FF07FA010D08FBEE
:10EC300001F7F50510EB11F9011BF603F9FF0A08BE
:10EC4000FA05FA0504FCEDFDFE020A0900000103C5
:10EC50000EF5FFFFA1FDFFFF8AFBFFFFAC080000E0
:10EC6000BB0600000400000022F5FFFF85FFFFFF48
:10EC7000AE01000056D6FFFF9AFAFFFFC3E5FFFF83
:10EC8000DDF5FFFF910200003E000000E3020000FE
:10EC9000D4F9FFFFE102000070F5FFFFF2F8FFFF7B
:10ECA00034220000890C0000FCFCFFFFF6FBFFFF94
:10ECB000C3EAFFFF3003000049000000DE0000004F
:10ECC0002CF7FFFFF4F8FFFF7F0200001CFAFFFFA4
:10ECD000F4040000BF54FFFF5B0400004E0A000074
:10ECE000B9FFFFFF76120000CBFCFFFF48040000D5
:10ECF0008CF3FFFF6CFFFFFFFAF0FFFF942500008D
:10ED000062BCFFFFA5FDFFFFA6FEFFFFCC020000D7
:10ED10000BE8FFFFE10900001D1F000021F5FFFFC8
:10ED20004325FFFFDCFEFFFF6C00000005E9FFFF4D
:10ED3000F40100000705000073F2FFFF6C02000001
:10ED40002DFDFFFF16FCFFFFE11C000011F1FFFF8E
:10ED5000C9F1FFFF480F0000C10300002DE1FFFFD4
:10ED6000E500000039E3FEFF3A1000003800000023
:10ED700055EDFFFF9CFBFFFF1D01000007FCFFFF9F
:10ED800079FFFFFF9DFAFFFF96000000C6FEFFFF20
:10ED90008901000009FEFFFF570900003D00000047
:10EDA000F9FFFFFFE30400000314000049FFFFFF29
:10EDB000C8FFFFFFEC0700001F10000086F1FFFFF7
:10EDC000580D0000A8060000120400005B0C0000B3
:10EDD0006B020000A91100002E0900004202000091
:10EDE00065F7FFFF1D0000005D0200002502000026
:10EDF000C10300000F0300001E1F0000B3F9FFFF56
:10EE000077F0FFFFC5FEFFFF440C000082FEFFFF0E
:10EE100067070000E1FEFFFFF30000008707000026
:10EE20008DDCFFFF6368FFFFCA030000B203000030
:10EE3000D504E6118109D6FE211610F9D5DFE8DDEB
:10EE40001DFB15FD251C0004D9C5F31A19C0E2EFFE
:10EE50000F0012F2F8ECEE0236FE581A00F91AEA28
:10EE600003095CFB00E718E7F007E32772EDE9EC24
:10EE7000C9FAF40CF000DEDAF6C0F77CF159E80BC1
:10EE8000FF6D23DB1C3C4DFDF9DB6F3123FF1209C5
:10EE9000E9C9744ACCE6F2F028A50DF80A2AF30471
:10EEA000FBB8E11C00001AE0F4DAFA09FE0B07FDDA
:10EEB00000C441D0F5FAE7F8C9182AFADBFE00FAD7
:10EEC00033FF31FDF3DEFE040500030E10F1F809F7
:10EED0000F030F0A00C4FEF4F0EEDE11000EF90B72
:10EEE0000D7F19FD3718F6FE06EE0AF90700FCF84B
:10EEF00011F30DDFEFF10BF7072B0CF3F6E6F6F845
:10EF000011091F00EB011E14D507061E163700F26B
:10EF1000EC120B1102EB06FEE7011CE20000ED0D06
:10EF20008EF00BF763EC46DB100F2D182019C3BED3
:10EF3000FCF2DFC937290031EB17FA3B0653E70F24
:10EF40003E009F00F92107FA281535ED00F808FA70
:10EF5000E3F8AEC8000920066616741315B614E16E
:10EF6000D11D61D74A008C8109CD1F318DE9F05F39
:10EF7000CC236D59FFEBCE241EAF4F41CDE1D0F332
:10EF800025772BDEFCF3282AD5DFDAEAE1EB5B16E6
:10EF9000311CD8860000748750E70917240D12DC55
:10EFA000E304DDFC08EEF3CA05F11B380FE400E0D2
:10EFB00008E02A06D3C581F5F9002091E0D8FEE5E6
:10EFC000FFFA18C000010AD0080100E900ECD912CC
:10EFD000FA0CE435111CBD07F004C3F0CE00153A5D
:10EFE000F3F8CEFB1F0AF712E1FDF3EDF413FBD8A3
:10EFF000CC11EDD9E7AB00FFD930ED12E451042577
:10F00000D8F6EFF60BF8F22DBDF818DB0000F30E82
:10F010001B0AFA7FFB15EF45EFF5E8F8ED16FAEC61
:10F02000FB09E00936D500E0004B046FF7EDDD0C7D
:10F0300029002E411C4D190323FB030D00F40ED4AF
:10F04000F50D220700FDDF02EBFC17F120F9A50307
:10F05000F6A4F6FE0D004B0C5301FA0FE80AEDD2B0
:10F06000E9FFB42CF4060101F2EE0E0D203AF91777
:10F0700030090AF9B90DCB0618FB091A07EBF7F2AC
:10F08000B70F1719F700FEADDBF91D148410E75810
:10F09000E1050AEAC9CC06FB4B1F370530F8000D25
:10F0A000C51DD91AF6EBC3530000E1DAD4D2090723
:10F0B000EBF1DEEA00FE022302E6030A000DF9E7A7
:10F0C00010BD2EE8CEFBA4D92E1211051C00FDECBC
:10F0D000D6EC8F16EBCEF2F51D3BE103FD1AFA0FCD
:10F0E000F842FF09E900C542237252C71F1404FB0E
:10F0F0000D0B19171601FE02F7298F8100000D1A5A
:10F100002D283A0247FBD724E6BEC3FFD4F2DDF92F
:10F110002A0CE707E42A00B6FEFCF917BAB52EDF81
:10F12000E900DB64050CC4B7B6E0272100F31BE55A
:10F13000E4DEB34E00032510F017AB082FC54A26B6
:10F1400032FDD2EBF3000325C9FD0522097FC8F388
:10F15000FA3D0EA3CB27E0BD0CE67CE8FFDCC90E30
:10F16000891C0569C844EB4CDE64BEF0E7230F251B
:10F17000DEEAEDE70000E1AE120C06DE96FEFE0BC5
:10F18000FBFADDDE0C0ADEC7D0A118021D1F003B12
:10F19000D21CF9C2F717E5D5F900062215071705A5
:10F1A0000C0C0CF300E3E9EDCF004229001240EF14
:10F1B0009410F115C52FF80320080EE6D200EAF0EE
:10F1C000ED113D121623FA5F513E01CD24397F2502
:10F1D00027D031081034F4E10121FC1A58F1EB1862
:10F1E000110FFCECE71893F7FA0EDBD900002701AA
:10F1F00021EFEBE22215CEBFFDDE051114130B0348
:10F20000040304A617E200BE2C272EDFF87F1CEFB4
:10F210001F00232C4F38E5DF171E102B0010FB0FAB
:10F220000EEF0AEC004136FFC6F1E13BB5A92FE035
:10F23000D40E1DF31B0027F4E4240F3123BB000E72
:10F24000CEFD551EF54C2112F9FCEC032803E5DD3B
:10F25000361826CE0538E6CFF3C9EFF408E906E103
:10F260004CDCF10E0000E30A1D0BF63626FECE172D
:10F27000F524181D1124FA0DDFD8D1E0DAC30008F7
:10F280007F4F0E164AE9F5B1FA00150004160A7F01
:10F2900004F0D3F900E8DCF8B713C01B0032D2C782
:10F2A00019C117610A1418F21FED0B230E00211368
:10F2B000F42324F3FBC0F0FE03E9DEFB04D1EAD61D
:10F2C000D8FCE6F30F15C6F6E052F102FFF304D5C1
:10F2D000A3F720F1FA1D1C03C13FCDE500005FFB41
:10F2E0000112F60A33042D970617F9C403E3E4006C
:10F2F0001AE9F9EEF20A0009021EE0F8ECD0E0D5B6
:10F300000A00F5F21301DA2AFAFFF4EC00F407FE22
:10F31000F30723FF00F9D1F61F0B130700F405FCD8
:10F3200013F21F150B0005FBDC0413FEDC0CE90ACD
:10F33000F90C0A1D7F16231101030207D4F92215C7
:10F34000E6F504EE04E4FF09030D02FC0B01ED0AEF
:10F35000F31E2E190000E30235D71C16DCFB00FD5E
:10F36000FAFF5C15E5E103F980FC000B0FF20017D2
:10F370002827FAFBDAFDEBF4F90027011F0F13260B
:10F3800000FAEA2100FA0ED35DF00BFC004212FDF8
:10F39000DC08E1162108180F17FAF5FDFF003129E6
:10F3A000D7FED921E7E10D102302C8DF0EE71BFAD3
:10F3B000E7F6D0F3BB08C9F72B22060D0D36F2D1C4
:10F3C000D10C0109E8F0FDF40E0699F90000DFE424
:10F3D0000002F6F707040BEE462A0228058004E532
:10F3E0002907F10962ED00F5EADD0D18F9FF07EDD7
:10F3F0000000136D01FEF0F807090AF8001A06E292
:10F40000F0070101000432FDFB06F6FE1A0C9FFB1B
:10F41000F2F7FC04F70014EC47F90E00FE0D03F7B9
:10F42000E2F50D0FFA0605FFFC0717FFF6004AF696
:10F4300010D51416EF0C030D0404D90906AFFAFA1F
:10F44000C102B8070000FA01B001CB10DD0DECF3EA
:10F45000E1E8D0F6DDD7CB35FE00F6CDBF100021B8
:10F46000E9C13304C906180C3700E9301332EA7BCE
:10F470000BE939ED00E0E1090EF1381200BF050C8F
:10F4800047343224F381BA01010817F7E100FEE5A1
:10F490004DF2F3D63005F6125DC3E5281738C027C4
:10F4A00035ED620B2A48262E15F938C60F98BA3E5C
:10F4B0006264F4DFFF2A381EEABFB5F5FF0007A833
:10F4C000C3180E02D3032AE5FD370119F327FC19EF
:10F4D000B12A2AE1EE090009C9A7050F0D13F65D4F
:10F4E0000100030F0D070B230004F6EE002719CBD4
:10F4F000D9FAF3E200DC811DFD15F5E049072E2D58
:10F50000F90E1602FD00E0C52CF11D54F22A060684
:10F510000B001D0F293D0D061E30D4FCEBFBC61958
:10F52000E911EE5F062BF9E683C00B0908F7E4E763
:10F5300000EFEC2E0000E303DC03E306FAE91BED29
:10F540000E04F20D140204061DFFF8E6E90600FEA3
:10F5500001F1011E1C9500F50C0006F7EDFFF7BF49
:10F5600014E8E903003704D5F30AEA0000E2E409ED
:10F570001B0010064AFAF102EF0EE9F8F100F5E679
:10F58000530FF1161B33FA0A0C04F0450AF304EA90
:10F5900006DF020B0B130D24F60B2C7FEAFD0FFF89
:10F5A00011D404F3FA2303F0FBEEE72100000B1360
:10F5B00025D3FF17CCF146CD19280D24140774ED7F
:10F5C000A08BEDE805F7000DF009EA0F0BD308DD7D
:10F5D000FB00F5FC00ECD8E1FEFC15D90005FB2E84
:10F5E0001CDBD51D00F25322FF4332B43CE4ED0B8B
:10F5F00009ECF601000002251A1D0615FDE6F1F9D9
:10F60000F4E6EDF1417FED16FBF00C0D0A0DCB2178
:10F6100025F2F0E6120E06FDAE16E402DEDB002057
:10F620002412CEB400003515FEE519F51D1209F7B8
:10F63000F70B0F19EE110EEF1602F9182C29000E18
:10F64000F3F4F4D8186520E40100193821FD041200
:10F65000F1013E0000E20F3CFFFFD7E800F5FEFE9F
:10F660000507E7F3D7211E0AF828F3FE030000126E
:10F67000EDE61EF20DCE0F0210F51DD7FEF2E4EE00
:10F6800009021BF11FF2F0F308FCE081F4D5C31E60
:10F69000F90CF506F5A8113C33D70B1A000000F45D
:10F6A0007AD745E7E8FF19EBFEFE08CB3240E5E5E7
:10F6B000CDC033E5D9F90005FC0AEDEBD237505443
:10F6C000EA00F050203816DEF710982200FD050100
:10F6D000462CF3000042D0EA424CCBBEE3334AEF63
:10F6E0006519CBB21D0016244449EC9E3C101C0049
:10F6F000DBB2C112287F9D04051E8ED4DF9A94BE12
:10F700005542C90A530515E24468DD1B332A23D448
:10F710005101BFBE0000A61FF2F5EEFC6C12077F80
:10F720000A1A2EF1F805A621C21B29D50BD000F12B
:10F7300025E2EE03A52520EC270021EC0710FFB9F8
:10F74000FB1407FC0035040DC2EA8B16000110E221
:10F750004D1BFB20C6F5E9FFDD03F40CCC001BC4F8
:10F76000F1FA382E1AF005F506101E023FBBAF1D48
:10F770002605DAF0E10EFFE94602ECE53823C0D5B4
:10F78000DEDD0F00FABF59FE60CC0CE20000930AE8
:10F79000EBF2E360E7390CC50A12FF0DC5F2FDFB81
:10F7A000121215FCBDA200D9EB04E54C18F6AB1EF5
:10F7B00049005AB1F215070715090C9BF9D8FED676
:10F7C000060D273700F6DD01EFF316CCF201F2004B
:10F7D000ECDDD8F4C7004AE7ABCFEE2703DC0DB76A
:10F7E00007FD25E1F7F911121124EFD9334AF20987
:10F7F0008016FF28DE278CD6F4DFEE010F3EFCECEE
:10F80000BC1CD4D0ED001AD89FF60ED509F1FCEE41
:10F81000010AFE05E9EECFD80710F0FE072D000B18
:10F820000009F2EBECC3151726001605F0060DC90A
:10F83000EE06097F00DFF9E718E2ECD100EC800763
:10F8400020D6E7DF2DDFD815CFF54EF93100F09344
:10F8500030CCDEF320F20A101923ED60C0F4E4E5A9
:10F860000E182B1CBEF20A39C31CDE2A1A03DD0B4C
:10F87000D3DF0C2AEE1B170214F228C60000F2FF99
:10F88000F700FDAEF0F8032BFC02FEFA1CFAF30FB2
:10F89000FAF80603F94C0028F306F381F222D7FDAB
:10F8A000D000FED81CBCF3000FFB0E1D00FDFAEFCC
:10F8B00008FE08BD000BEE05F8F90DE5FC0A300A5C
:10F8C000E43B2102F300E01EE8F304FFE6002559C3
:10F8D00044F207FE08190509E3000D1AFFD5F5FBF0
:10F8E000F90BF219210340F0EF12DF110D0CF1F9C1
:10F8F00000FDF3ED0500ED5023F1EEF70205F2DC1B
:10F90000F5F1FAFF16E30AE9B727E60F28FB00072F
:10F91000C0FE651EFFB80A3200FCB91BEBF0FFF811
:10F92000180322C10009FDEFE9DACC0C001E25E323
:10F9300008F912FB3006DDEEEC0CFE34FC00E6F5B7
:10F940004313FED2FBEFF81FF4162EFB0E110D042D
:10F95000F5EC2C0BE7E417EC0BD2E3ED15FD0D29CC
:10F96000300981F30CCFC430E6F4446E0000F6EDAC
:10F970001AEDFFFF9DF8FFFFF5E7FFFFDC38000001
:10F98000D1E5FFFF170600008200000089EBFFFFB2
:10F9900007DDFFFF1E03000062000000A40000005E
:10F9A00080F8FFFF74F8FFFFB8FEFFFFCAF7FFFF04
:10F9B00067FCFFFF27F6FFFFDEEEFFFFF8F8FFFF13
:10F9C000752C00001C0D00005A01000024100000DE
:10F9D0000233F246FFF67FA810F013151D87372E6D
:10F9E000F0F8F9EAD0DB15FBEFF380F71B001B45BD
:10F9F000F4FBFA150C2A1113FF0FFD3675B2C3D6AE
:10FA0000F93EF4E07F24F0C0FC1C0F190AFAF5DF80
:10FA10000446DBF25DD3D1D6FEEAC5070D12321DD6
:10FA2000FCFAEDEE08EDF8E4E50726111B1880EC72
:10FA3000F3D9F1EB3B1500F1EDFD05C07FEED3C727
:10FA4000080B1CF5A1E8DD13D2DB10EBF67F562B7B
:10FA5000DD2CDAD23AF81CCB3915572617F33CE3E4
:10FA6000FDE2F2165D0EE51531EDF7EA7FDAF0D131
:10FA700007CD1814C109B5FD00000000000000000A
:10FA80000000000000000000000000000000000076
:10FA900011D51A0B162005ECFF04DFFA7FDFFBDD22
:10FAA0000DF622149EADC617C080CF1214BC1400F0
:10FAB00023EA026425DB5E3306DBFFFE092211E444
:10FAC000ECF512C0A412F4044BFEF80781E3E886BB
:10FAD0000052F22965B6EACCCA28C6CC0300E70D6D
:10FAE000ED01DBE8DA50FB04F080D81DF4ED03E50E
:10FAF0001608D6EB253105CE1681F2F9D606451546
:10FB0000B1F7353813F9FC4560F1237FFBD0E625CA
:10FB10009413F4F7036CCBF088096AD023C0DA3071
:10FB2000EA463263170E0B1EF3D7D11981EAF9FCAE
:10FB3000C801D2D0B01090178162FA1328983026ED
:10FB400000EDD5F1D5EE62F4108133E2DC5C2C607F
:10FB5000A482D3FAAEE6D334123EE5FED301E39F8E
:10FB60003B7968039E27212C0D12CE2B7FCF1E3CA4
:10FB7000F30BEF423A0FEE0B381615135DA7A0F802
:10FB8000187F2B1324F20BF9110CCA0EFE2B2B2A13
:10FB90000201CC0024F4DE1BDC4824D00A0E28F13C
:10FBA00029D4FEA14A147FED3FE8D0032DFF0BA11D
:10FBB00081B7E2D8E6F6ADE641EFDDD8C5CAFEE88A
:10FBC000D305485303F4D5C9D3D1E1E8C8F1C7C37D
:10FBD000E00E1F0545F981E3FE0BA5FF0CE308903D
:10FBE000E8F0E41A7FF40CF1EE07F8201B00ED1AA0
:10FBF00006FB01F830D7ABFED9EDDD1CE05DF0DD92
:10FC0000AC05252BEE050E053F757F1E040C0E2B53
:10FC100004F6F0F5B3FEDAC723C07F16E9267D1C93
:10FC20002121089A44E9B80BBB81EE1D01DD2ACFE2
:10FC30009EDBF7A709CA0E1714FBF608000A28C0B6
:10FC4000E2E9AD2C1A0D362CD123051C1E0B172A08
:10FC500018E4FFF52580F50B3774F8002E0D7F2E84
:10FC60004D181CC3CA0AF902E309BCA963CAF818F3
:10FC7000BFC81A3A1CD0A8E3310505DE18EBE7F837
:10FC8000EAF6E43B44C27FE31728F81AE9D6C40C2D
:10FC9000D6FE7F30FA0509F101091E6CF0E30B2A4C
:10FCA000DB7FFCEF24D64AFB2231FBD0F2F71A4F60
:10FCB000CEAEBDFE290ED7CAFA663EE789CFEFF277
:10FCC00044EB5D0910373732280ADE81790FA4230F
:10FCD000D32A192AEED81798F66EFA18122981CA73
:10FCE000D001FE3CCBE405DBF6CEC30DDAB308EA67
:10FCF000F2D7FB503BD07FBFFDB02D07F81A2BD1B8
:10FD0000DFE5803E19F74D05DFF8FC5A9B10F21A2B
:10FD1000231DD31D547417EDE1FDF7FBCD1CE8F74F
:10FD2000E713EB7FDF099DC100074DC8EE2117CC1B
:10FD300000000000000000000000000000000000C3
:10FD400000000000000000008DDEBF181FE76E8974
:10FD500056A68104D118EABE0FE7CA8DFD470F3DB4
:10FD6000F6F6FB50CB193E05D629F1FAFED00B175B
:10FD7000F8B219D1C481F531FBC7F91529EC4FE26E
:10FD8000E5184212E2C27F2DCD0AB6FD23501DF4C4
:10FD9000E21086392FD25BFE7EAEA6310D14F1C47F
:10FDA000D0058198F81311F634B8144E3BCFE2C950
:10FDB000F003F4B7083AF182ACCD7FED57E5FB00D4
:10FDC0002118F611D28014166F68382505DEA9E0D7
:10FDD000E6EB15CA1800F9FACBF4E8E3F80DD20FF8
:10FDE000CEC03BE60A28811CD915E7BA001D09E1FF
:10FDF000C113ED220E3D55E8659380ECFD1F38BE22
:10FE00004BE8E58B06170AFEECFFCEED435C43F2B0
:10FE100037B681D7FF0744F0FA0BCCB0E5011FD30A
:10FE2000B4F4C301310C4AC40ACB81FCE2F9ECCF33
:10FE3000F0E8E6F4EA251E1D75B9D60A1381ABE297
:10FE400068B81C2BF26E4E9D15DD2C0AA7CA0A2637
:10FE5000EE1EB62F8124E72A620AF70511F7DEDBD2
:10FE6000D6430F2747CA7BF6F145EFF8F413FBF3AF
:10FE7000DD131981C80FF9DAC5F7EFE5F21BE608C3
:10FE8000EED435E71440FD23C8A0D6E6DDF3660CBA
:10FE90003216F8DD31FCF47FFDFC07F8610213F245
:10FEA000FF03F917050C0A0109070D1018EC810C66
:10FEB000D1B6B9E52F5B43D6F526A8221E38B8C5C2
:10FEC000F1FBF081082C2FA323140F06D7F8CCE008
:10FED000CD437F09E408FA03050E3B65EAFE05F809
:10FEE000644839F518D92A82FEB50D15E31F410182
:10FEF000B89C4C18FD21E2D8EC05D11119014EEA4D
:10FF000057CF80F90512E9E5FB06BA99FF1605EC13
:10FF1000AFB61AB3D89917AE13DBCD46F3D6A1D03E
:10FF20000A09802CD63A044DDC1DBC20B8FA3F45A6
:10FF3000DF573B40E6FB380F0B82F6D191AA511BED
:10FF400000000000000000000000000000000000B1
:10FF50000000000000000000BD2ECE2ADBE2E8D841
:10FF6000EFD1A8267FB4150023B725B7B9FAFE3C18
:10FF7000FFC7F91DE7E324E3E5DAFCBD314980D48E
:10FF80002D58E010E93FF50BFCF11613F6C43DDFE8
:10FF90007F45F63E3824EBFEEFBBF7040A06F4007B
:10FFA0003CE45B2329EC47F16B151C801537FD1CE5
:10FFB0001FF5F1F3170C15256161E55EF912C137E4
:10FFC000BB3C1C5617DDB28628A59F007E6E0A2911
:10FFD0000119E81DF62C01181E531EF309101F0409
:10FFE000020FE8EFCEF5FB81BCE4F9F2DA0A0A80F1
:10FFF000FE1CDFDB01344AB71CDB1DDE032FFD1FB7
:020000040802F0
:10000000F20E05EE1BF3121200ADDC02F9F0E90767
:10001000DDE3310231191F7F00D783D843366F6685
:100020001C25DC16811705242EFE6A3841DF581482
:10003000EF03D0445BF6D21F7FFA21FB44B8F7935D
:10004000D82D142A380FE8C0DD0A20F91FE63A201F
:10005000BAF22E242A81476DEBAAADAF650EF1E40A
:10006000E37FF1F51149F5304CA20EF6EDCBE52317
:1000700036F6E811E0CCEEFD20610DDBFD701527B2
:1000800053B7EAE312ED7F3AE0D606EB4209F505F5
:10009000F3FEFB1CBA0403EF11FF15FB8124FA10D9
:1000A000F5F6CC06550749EDDED5E221050F2B0804
:1000B000E00E1C02FD14270905E7EBE52F800C2656
:1000C000031219B2E4DFA9BB35DA0DF0CB2C18CC42
:1000D000F47FF840015115E4DE091FE5CE35DB4B16
:1000E000EA16077F39E1349F5EAB5409152523E2F8
:1000F000F60B2E6143B31911EBEDBB0D811C39E8F2
:10010000CECA4714F252FE56FF144681FEFC111B64
:100110006AE02B211C35687CD6D21EF7F943EFF13B
:10012000FB2FF87FFDCD2D0CD13C01D40FC8E6EE9E
:100130001DCEE5B074A25FFD28B90521C47FEBF4A4
:100140005630107BD2F739105CFAE04ED2EDD44035
:10015000291BF4E8DFBFB000B41B7D2402D9AB201B
:10016000E01E517FFBD90C470813E502FFD8050AB2
:10017000227F0D12EF18DC10F41DCE11C1FDE6C078
:10018000D20F9A151E1E50B57F15900BE317CFCDD9
:10019000C727D0C4D90C04B800010000000000013A
:1001A0000000000000000000007F000000000000D0
:1001B0003A4943D27F17556916190A036DCC2CFEB4
:1001C000DC15F1B3BF0F8826F28111590DF32D7C98
:1001D000FCA8EA1635DD16E2AEBAF811F14EEBF1E5
:1001E000D1E7F3F110EF152DD60CF5D58016E2C24C
:1001F0000C2E09F3F21512FF1142A8D8F85EDFD8D1
:1002000021D22508D9E77FDD24B4DBE4D350211BBC
:1002100037055B6D51E8271E06CBC114ECDD4A5D46
:1002200081F7780C11BA33D6F61A97D73BCF66D63A
:1002300078EA842BF2E281039611BEB618EF13130D
:10024000083CBCE6F31B55FCFBE17F170BBE042BFF
:10025000A4FBCE56F014FDCC23EC012480112BBF5F
:10026000F2E5ECF08120E1E20824EC0E2E981BFD73
:1002700000002A0000000000F998000000000000C3
:1002800005F800E31A00007FE23FDC080B07F105E8
:10029000C510FC81EE08C0F9CF0FF3D510D7DAEA0C
:1002A000F7EF09D9DD77E6F40B19EB7F7700B81982
:1002B000360431CE20F70A1FC1C2B07FE617718A1B
:1002C000AEF33C33259C4A10EA3CC8FB92424FE314
:1002D000DCED051DC7C9D0D7A6F07F0FDA0205EE09
:1002E00033EB5971FD190955F103FB136507EA0258
:1002F000EDFDF1F47FCC1824F5E705CEC908DD0843
:10030000C9813610F1F6F31559D8EE6C3BCC55394E
:100310004AECC24033D30A1E1E5CE018FB1FE6CE37
:1003200008B54521E11B870D81CACE97452AE5AA6C
:100330000CF0C8E1DE59F70B00DB1F7FB9F015E7C1
:10034000BEF30F05FB0FE5F3F1F914D9C4F3FB522B
:10035000F4F91628E611211DF63410EE910B7F05F5
:10036000E92AC7E4D3EEDFE4FFD448FB7FFAD4DC0C
:10037000FED8C52ED51B0DDD8002BB85C4FAEEBBB1
:10038000F20AD6F1985E0F02EE83CE10F7CFFCD1C1
:10039000F0EBC927072CDADFEF4102C93116190D3E
:1003A000062B06EADFF512813501FFED075DB90086
:1003B000A4E55DD9FEF1701226215F7FE3DB14FA1C
:1003C0000001EE312DF18089280E04D30136E62C90
:1003D000E4E0D91F774731F9C052F1E1FAE43F96E2
:1003E000D72F1925DE018139B0F2F13FD203C2388F
:1003F0003BB5F1571BDECCBAD5FB00A81C42FD88EB
:10040000CBDA7FD741E60402ABE0A0EAF5BDBEB58A
:10041000CCA3F739B30180C61FCB03AACE41230377
:100420001BEE14EEDE36C7F4C3BA64E9F8027F327D
:100430003013350A2EF8F421120CFD0801180B8038
:10044000D4120700F0D000E12628E9ECD128F40B03
:10045000DCEF020AF6F1E6DAABFA2307E7EAEAF1A3
:1004600012ED4A7FF0031A44E8B429060F74E8F449
:10047000B9C6FCB4021A7F02383F110907F21AA16B
:10048000FBDEDE5A31C583DB10E8D981D6B8D5054D
:10049000E5D31E171AC127B20D1110EA41140CD76B
:1004A000160D05E7131208CBFF07F5163BEF800486
:1004B000185FF3CF25621AC127F3F2E08EFEDE57F4
:1004C000811C56512CE105F6097F18CC231A2C4AC1
:1004D000F45C25C0EF39C6DBFDF5B6FD03FC035423
:1004E000FD5EFD29FA94E7C5221EDDE721BE59E233
:1004F00081EF2ECE0509FAEEA07F460DF7370D5D90
:1005000059F01958DBD315CA4CDE0520012239E811
:1005100090F9FFFF29F8FFFF78F3FFFFB3F5FFFF26
:100520001E060000E2F7FFFF9BF7FFFF0000000040
:100530003A000000540E0000FFEFFFFFC9F9FFFF73
:1005400011F7FFFF9EFDFFFFCBE3FFFF8FF3FFFFE0
:100550002B190000B509000099F6FFFF74DBFFFFBF
:1005600072CEFFFF32F9FFFFEE010000E8670000E6
:100570001AF6FFFFBAF2FFFF770200005AFBFFFFF7
:10058000BCEBFFFF7D1A000065160000FA2F00008B
:10059000ADE2FFFFAE300000D2F8FFFF58EAFFFFE8
:1005A00000000000C30000009F040000FE070000E0
:1005B000F321000073EFFFFFFDD6FFFFA0ECFFFF6C
:1005C00010FEFFFF4FFBFFFF3709000080F1FFFF28
:1005D00045EBFFFF48F7FFFF71F5FFFFBB0C000085
:1005E0008DCCFFFFA2030000C3E9FFFFA8040000B9
:1005F000845500007C1B00000000000032F0FFFF6B
:1006000064FFFFFF60F2FFFF441F0000C9120000FB
:10061000870100009FF9FFFFFAF4FFFF4DFAFFFF8B
:10062000F1E9FFFFEB12000036E0FFFFCC11000004
:100630007AEDFFFF2B0100003CF9FFFF495D000050
:10064000692F0000C2FDFFFFDB090000AF020000C0
:10065000ACFBFFFF4B0B00007A010000FBFFFFFF2C
:10066000DFF0FFFF4937000076FDFFFF91FBFFFF42
:1006700031E3FFFFD0F3FFFF1A040000EF02000098
:10068000F8FFFFFF49FFFFFFD00A000009EBFFFF63
:10069000A1040000C50100000019000091F9FFFF4E
:1006A000141100009A05000082EBFFFFF1F0FFFF3C
:1006B000ECFAFFFF7EFFFFFF91C8FFFFDE0800009E
:1006C000A9EDFFFF5DF0FFFFBAFEFFFF7AF9FFFF24
:1006D000D905000062DDFFFF72F3FFFFB1010000EA
:1006E0000AFBFFFF7FFBFFFFF3F4FFFFE6F3FFFFD3
:1006F000FDFE00F9FFED0200FDF0E001FEEFFCF66B
:10070000F70310FA04FAFE0302FE041400F41402C4
:100710000BFB000400F7F8F9FA03F103F9FEF8F80F
:10072000E4F10504F2100302FEFC00F502FF0503EC
:10073000EFF60403070714FFF809FD12FF02EA00B1
:10074000FCF70400F5FEE10207FCEFEF0003FE08F2
:100750000404000002FEF2FDFDF7FFFF06F40D06A3
:10076000FAFDFC042BFA04F3FCF7FF06EDFFFF0093
:1007700005E50807FB0AF8F903F706FEFB0D01F98A
:100780000CFA032AFF0A0509F9FE070600F4F2FA3B
:1007900004F3080AF90405FD08FC0209DD16FFFC54
:1007A00000FA000000FC020200FBF7090112130A24
:1007B000FE0FFB05FF05F4F3F7FD0B000806F9FE3D
:1007C00009FEF1F7000AEF04000309F608FF01062D
:1007D0000B0602FCF3FF00FFF50E040AFF0D07F7FE
:1007E00006FAE431CAF0FA0004CCF505FD00FEF388
:1007F000F5D8F6FF080100F30CF3FB2FF9E4D3FF63
:1008000005F50CDD00FBDBF8F50648FCD1F9FEF937
:10081000D10CF8081C06F2110B0800EFFA0302FBDA
:1008200000FA07EBF506FD0900300200FD12FBFEA1
:10083000FCF60C0013F4C9FBFDFEEFF80009E6D04E
:10084000FB02FBD00304FA08E4F9FFF10300FE0EFB
:1008500003100601D0300AF0FC010408F202FB008C
:100860000CF31209FDFEFA00FBF3FA02FD03F7F8A0
:1008700004FAF60FFC08FAFFFE03FDFF00FEEAFF94
:10088000F0F01606E302F3F2160302062D1002043E
:10089000FCFA00FBFFF5FE0208F2F103F9090C086F
:1008A000020CFC1804F8FB08F7020A000FFEECF833
:1008B000FBF6F80A0009F8E9F20603F90808FB0557
:1008C0000DFD0102F908FEF90702060202FDFFFB19
:1008D000F801FEFA01EEF8000FFBF00300FCF9FB53
:1008E00009F90DFEF4FE040205F6F621FE091006D4
:1008F000040302F800F5F4FB0202F5F9FAF2F6F04F
:1009000003F700041D0EFC03FB0100FA05FEFC01C9
:10091000FC00FEFDF709040A01040015FF02FF07B1
:10092000FBFC0600FB03ECF6FAF9F6060005F4F50D
:10093000FD0CFEFEFDFFF704F602FFFBFE01F8F3DF
:10094000F6FFFCFC1B0700F8FCF7020002F40000B5
:10095000ECF600040005F8FCF8FF16F60204EC04BF
:1009600005FF141F00011AF900F510FE00F4FCFB4E
:10097000FEF1EDFDFBFA180402EAF8FEF71C0A0B83
:10098000FE0900F8FD0402FFFA150E0207081A0519
:10099000FD0EF7130204E3F804F60700FAF9EA057E
:1009A00007FDFDEB00FF10F319EF1105FBFBF7014D
:1009B000F4F70109F8F60D12F601F70D07F002F150
:1009C00005FAF128D5FF0100D7D108FF0ADC0A1388
:1009D000F6D8DB11FD32DBD724042A0107E10DF242
:1009E0000AE80D0F00F2D9F60214D7FCEE04FE015E
:1009F00019D2FC098D4FFAFCF40800FAFA0B0A0C24
:100A00000601040E07150708002FF2DD03FFD8DBEF
:100A10001305FD00F4FF0105F806F9D4000BDFD241
:100A20001DF605DB0C02F903F9F4FDF2D6E73B0AEB
:100A3000E001052848EDFC18101D017F81401B00D6
:100A4000FF85221101850409F480F044F602031C9D
:100A50007F06FE8309A680AA31E0102200EA81F811
:100A6000BC0B521DB109DC1126070727FC7F01F3DF
:100A700011E100F6F8E0E00A18800F361148D54D74
:100A80001276CFB6010FFFFC08E47F00A00C251DF5
:100A9000201513F9002693ADF02AB18C321CFF1AF1
:100AA0002905FFA905DA1B19DD140BFED6F0F77F27
:100AB0000E00F41DDAF8010039DE0F0808E90B0F0B
:100AC0001DD8CE15FDE620E518FEDEDDFBFA0FEFA2
:100AD00002EC01100028DFF7E1E3D7F7EEF8E8F9C0
:100AE000DF2AFB027F06F6FBF40400F5F80302019F
:100AF00009DB030EF81000000824FCED08FC192D9A
:100B0000030649FFF2FFF5F8EA09F6220003E8D0F0
:100B1000F1F4FDE00F09F606F90300F916E1FAF722
:100B200002FB03E257ECFC17FDFCFCFBFEF10200AC
:100B30001900E0040400FDF906FE0E00FCF40F0AA3
:100B400006FFF414020D1A00FBFAFBFB0012FCFE78
:100B500004F7EFFEFEF0FCF1E501F3FA2905030DC1
:100B6000FD0A00F50401FFFF050A0CF4FA0403086E
:100B700005050812FE010612FAF906000506E0FE58
:100B8000FB01FA1100FCF3E4FFF90D0DFB00FAFF85
:100B9000F606FF0CEC0006F60FFDFDF303EEF8F48D
:100BA000FAF2EE0008010300C301E50203F1F8EDDB
:100BB000DEFE0D02001CCFE4E2FA3619F6272629E4
:100BC000DAF212F300DAFAFCE4070EFDF9F0161A75
:100BD000D6CD030C270CFA09F90F00F70009040021
:100BE000FD25EA03F90811F9FF02050FFF12C3E022
:100BF000F3FDFF0004F7F906F0F800B9000A05DC80
:100C000026E015080208FB04F5FDFE01DEFE030DDB
:100C1000F5FFFF35CCE5060A1A1A06FC0E170B0085
:100C200087FC0C141A260B0A99FDBCD6017F818023
:100C3000E70F7788087F7283EBD13AE600BDFE03A9
:100C4000B17FE3FDF10E7F011B8106ED1120063D12
:100C5000F04200F5F661011112701C3E18F2C1DF7E
:100C600018F5C3A7101681981710CE008805391EF5
:100C700023120E807FDD09AE7FA7C1FDD70A0F19B1
:100C8000C0E9FFFA82845839DCF90E7FCEB403192B
:100C90007F7F7FF10B7F7F000A067F7F802A7F7F27
:100CA000DD042A807F050512F17FF43F7F0D02E10C
:100CB0007F7F7F7F0007097F1312817FBD7F037FC6
:100CC0007F0A7F8103E57F817F80AA7F7F80817F8C
:100CD0007FDC7F7F7F8181807FF580807F8109112C
:100CE0007F80F1EFFC7F7F7F7F7F7F0000800D8022
:100CF000FD7F80F980807F7E7F7F7F0E1A817F7FDE
:100D00000A807FFF7F807FE12C10FCF90508150029
:100D10007F081D18162B11087F06B9D9F88F778424
:100D2000E30F80800BA87281D8D52BF6007FFFFDE2
:100D30007F8BED01F4ECDD052B7709ECE5B806407F
:100D4000F84600F4FB63F50514631B2507F0C5D2D4
:100D50000F04D2BE152C727F150D2A7F800C13084C
:100D6000200D0774E4E2F687C0B0B308D50D16165F
:100D7000CF1300F87885D5307FF50D8BDDCE060FCB
:100D8000F5FCF1FAFCFF00003506F40201F1FDE587
:100D900014FF0806FDEA2BE5E200DB13FAF2272434
:100DA000DBF702F10025FEFA2EDD0F00F8F4F80B58
:100DB000E12A060B01FCF206F50F00FB020405F820
:100DC0000B26EBFEFF0BF301FF00150EFF0C2D2091
:100DD000FDF90901F8FED9F7EFF1F52F000CF6AF98
:100DE000E7ED0D110808F90002F9FE0A00FAFCEF20
:100DF00017FD09D5C8EE0107FAF501FC03E8FF006D
:100E0000EE0C1E0407F90204F50614000013EEFDB3
:100E1000EDFE110FFE142F08F2F701F200FB0002A5
:100E200002F60AFFFCF614051CEDF3F81B06020A95
:100E3000FF0900FB0A0EFD00FF090511FCFE06017B
:100E400001FD0D0C0302E6F704FCF30006FE120C94
:100E5000040509E200FBF9050DEC0C0306FCFEF9A4
:100E6000EAFE0005FCFF0A02F602FD0F09DC080598
:100E700009FEF1D52BFE0300CD2EF70A03FA0A0670
:100E8000F92CEA12FD20D5DAD3121DE5FF2317D481
:100E90000CE60D0900EF24FF1622110100151603C0
:100EA000F2D5F6057604F507F50400FAFF0B0907FD
:100EB00006050808F311FD0A02D4FFF806F0DFD595
:100EC0000B09CA00FC00220DF50300CF000423DF4C
:100ED000F4EC0A1B0509FA020705FF18DDEFFA0E0C
:100EE000FAFF02214DFA00031A22F1896F5D0F000B
:100EF000FF7F0D18087F02FBED7781420205080A8B
:100F00008019FDAF15748E042AD2332500E96AF8E2
:100F1000691605267F10EE1B45041E2DF18D01F785
:100F200014E7000CFDE3ED030FA60D2B084CCF3D9D
:100F30001A80C2AE091705120CE6A401A60D250CF5
:100F40001B1014FF00357F8DEE2DD97F1F3A041C36
:100F5000430FFE7F1ED8D326F11F09FCEB030AD5F1
:100F60001503FBD61F020C00202EED0503FB0D031D
:100F70000D19F618FDE728F5C708E3D9090B16D7B0
:100F800005EA170800F719FB2CD704021F09F9001E
:100F9000D627F8029BCCF006F4070002FE120701E8
:100FA000101307050712FF0BFEDA04ED0CFA1617F3
:100FB0000906FC00E6FF0A03E804F82F00091DBE3D
:100FC000EBF80126070BFD050E12020B1AF7EA05D6
:100FD00017F9FBDF4D01FCFCF1FC01FA04EAFB0010
:100FE0000F0BF3FC0601FA0106FA170200050D0BC0
:100FF000EF01FE1200022413EAF606FC0010FD01C8
:101000000F020808F9F6F50DD80CF8F7E200090A06
:10101000FE0B00FA0713FDF9090B060AFD00020B8F
:10102000F9FC0D170600120107FAFF00F90308FD8D
:1010300009FAFF110005F50DFAF70509FDF8F802A8
:10104000F8F50008ECF7F3EB0CFEFDEFFCFD06FFF6
:10105000FFFEFCFC07ECFC00F407EB030101F800C9
:10106000F913F9FF0611000CF4000B16FD051B0D1A
:1010700007FDFCF900F702FC12FE04FFF2FBF9F693
:10108000EAF4FFFE0509FC06FFFE00FE09F3FD0879
:10109000FAEFF6FAFA060CFB0006050901F8F5FD71
:1010A000F8FFEE00FCFE0DFFFAFC01F00008FB115A
:1010B000F5FC05FC0703FB00F100FF0D111306030F
:1010C000F5FF020613F302FF07FBF9F81102000017
:1010D000FA13F10702F5FEFE0518FD04F81402F2FA
:1010E000F000FB0DFBFA060602F4020900F20C0305
:1010F00013ED02010B06FD07EEF70107240B0209B1
:10110000FF010005FCF6010705E8F404F50F0807E8
:10111000FEF3FE09050003F2F60BF4000BFF1E03BD
:1011200003F103FD000408FB0A0307020B0203049A
:1011300006010007010E01FBF30800FCFAF80202A9
:101140000D06F6E529DCFA000024EA06010701F4A1
:10115000FA291E0B0D02031BE1F5041AF00EDA1535
:1011600000F4010600FF20FB170FFC033AF704ED23
:10117000E0FEFF020FF8F40B050D00F801FC06FC81
:10118000FBF609EAF804010401E10E22000E04084E
:10119000F204F5000AFA27FBFAF4FE06000924E837
:1011A000FDFF033E1400F805E2F8FF050005FBEC27
:1011B000030305F9C33B090CF804FDF20705000021
:1011C000FD05E902FFF1FFFE0A08030AF70100F33B
:1011D000FBF603F00609020B00FE0706000908FBF8
:1011E00002F8F9051506F3FAF0FC0304E9F300022E
:1011F000F6FA0009FFF807020EF0F107000A0B03E8
:10120000FDF4050B07FF01FBF108FB00F30618FBDB
:10121000FDF6FB0300061CF1E705080C0D04F803BE
:101220000B080102F30CFCF6F2FFFAF9021903FEB7
:10123000F1FEFDF604EEF900060923FFFB07FEF7B9
:1012400007FF06FF00010608F402FF0F0807141449
:1012500008060A0200F505FA030C040107FB00F971
:10126000170600FE01F80005F901000303F6FAFC79
:10127000FF00F2FD0400FAFEFDFE090104FF0A0171
:10128000F6FCEF00F403EBF7FAFDF7080006101187
:10129000F505F702030001FAFEFF010B090EF8EF56
:1012A000F2FFF7F014DAFFFC28F9FFFFC3FCFFFFA1
:1012B00012FDFFFF51FFFFFF71FDFFFF77F7FFFFFB
:1012C00064FAFFFF4C35FBEE98FBFFFF3FFDFFFF8D
:1012D0001BF9FFFF2DE9FFFFEF000000ABF8FFFF58
:1012E000E900000099FDFFFF90FCFFFF15FEFFFFE6
:1012F0002101000052010000B8FFFFFF9CF1FFFF39
:1013000038FDFFFFD72600005C15000086FEFFFFBA
:10131000BEFDFFFF0E2300006BFDFFFF09D9FFFF9D
:10132000D7E6FFFF7D180000630000009C0D000061
:10133000A7EEFFFF60FDFFFFFC4C17F06C080000FC
:101340003DFFFFFFEFFFFFFFBBCDFFFF25000000CC
:10135000F9FEFFFF2FFEFFFF15FCFFFF1EFEFFFF44
:10136000C6FDFFFF3DF1FFFFBEF5FFFF92FEFFFF51
:101370008EFEFFFF6C0000005806000009E0FFFF32
:101380009AFDFFFF23F9FFFF21F6FFFF78FBFFFF28
:10139000000000001EFEFFFF5DFFFFFF580500007C
:1013A000F104000004FEFFFFA7F5FFFFB1150000E8
:1013B000BFFAFFFF1CFBFFFFFEF5FFFF1EF6FFFF5E
:1013C0007B0300007E010000B4FFFFFFE9FBFFFF8D
:1013D000700000006E13000007F3FFFF3A000000EA
:1013E00044FAFFFF86F9FFFFC9FBFFFFB5030000CA
:1013F000EEEEFFFF17D6FFFF732700003BFAFFFF5B
:1014000028F2FFFF71F8FFFF7AF5FFFF14FCFFFFE2
:10141000DEFBFFFFA4FCFFFF67F2FFFF33FFFFFFD0
:10142000AAF2FFFFA4A200009903000047000000F9
:10143000D4060000ABFBFFFF95000000BEFEFFFFDF
:101440002CFFFFFF17F6FFFF8BFFFFFF7CFDFFFF69
:101450008CFFFFFFC0F5FFFF56000000081E0000D4
:101460009EFDFFFFD6FCFFFF7C000000FBFEFFFFA0
:10147000BEFBFFFF92FDFFFF41FDFFFF86FFFFFF69
:10148000BBEFFFFF6B000000DD05FB477DED0000BB
:10149000307F5D41FFFB0BDF207E89F8DB1E18C229
:1014A00021732BCCDF41E6E114D7C55400EE659FD4
:1014B0003A37EB73C7FFC82AE124DF0704A5C13020
:1014C000F6EE00021BFB6DC11049F623B1C4F7B95B
:1014D000206F10171615290DE025BA00E211CF0B69
:1014E00041E3DD1700CE573BF6D1C42E011A05DAD1
:1014F00048F1FE141F27EE58D322E11BD92D7A9F05
:10150000D4080EFEF9050300FA03070EFD1933FD9A
:10151000F60AEED811110AEC16070329DB0FFD0FAE
:10152000E5B809EA000407690E3A03FDF81A0AACA7
:1015300004070AF60B02D0F148F5000EABE1F0E922
:10154000F1FFEB3D10EC8FE7E8062510F6D5FF1212
:10155000F4F8FF00F090F6BF8001FBFA00F2FDF016
:10156000FA0374FA0CF71C260E06FD023D16FB0A60
:101570000B04FFFBFDE3F5F1077EFCCDB1304A0023
:10158000F7A719443B03CB38F4A4DEF6D61EF425A6
:10159000B1270386F2E3EA2CFB25E1FB00D3B0BFC1
:1015A000CF37EC09972C1C01F8F74B07D88229E4B8
:1015B00027C80041451950DEB0E6E02360E8BD13BE
:1015C00058B83659D2BCE7FA6D7FAE0025E1ECD7AA
:1015D000514EDCE300E4C025FEC90CCCE3E81DDA83
:1015E0001423F5FC4704DF3724F42DF116FF52F9DC
:1015F000FE93EC14FB0DE3001003E91352E41C000E
:10160000F2185ED415EF1140FA9D222610EE1FE766
:101610002A37CDD100072024E91200F9BA14EBDFF4
:10162000EDF9301514B433450A0C00DEA0F1E8EBF7
:10163000CEFCE718BC0ADF1FD10590E4EFD40B0104
:1016400021FACD00FC0FE7052F02071C002AF7D076
:10165000101B1A20EF3016DDFF31FDF90FF5158153
:10166000FDF8DD25A001515C3F271518230ACA00AB
:101670001309FC52F603070DED0AFCE0E6F70C181F
:10168000F9FD1C220A00F7A6F8F5B80F007CF91E38
:101690000107F2F1FF8FCBE6A212ABD30CF7D70311
:1016A00008F200EF17DB1420FD03E7042BDF13FC27
:1016B000C61CFEEDECD208052DF4FC007F01052DC3
:1016C000F61B070A00F6FE1273FE18FEEEDED2A726
:1016D000FBAEF8FA05E75BE8C606E907DBF338007E
:1016E000FFF707F2F32A03000EE6F8EEF530F0C834
:1016F00003FCF6F602DB0F3CDD2905FD6AF4E7F496
:10170000E3B908220035ED0CF1CEEFFC06ACCD2B91
:10171000FD0BD8F40022FAEFED090015AD1182E3BC
:10172000B0A6C5DF10E7A4E81AF002FEAD1B020365
:10173000E7EB1800FBF30D192FE3FC0600E404FDB2
:1017400040E761F8E4F8BAE70DB90001D42510DDEF
:10175000DD0B060107F481111C1312DCD4DAD20070
:10176000E9EB1D0724DBC4F700D4220731FCDB249E
:1017700015C6D67F9E21F5DA0526E6D20011F5FCC6
:1017800027FCF5EFF1A2EFF71CE9D90601E82D419E
:1017900007FF00DABACB2637D5DEE8CFAC16283AF9
:1017A000EDD7F9CDC6DFD2F32319EC01F5F40A2FFA
:1017B000AE0C07E10010FAE619E52719FC0AEB1058
:1017C000EDD3050207022CB2F4F9F4DBF8F6183C6D
:1017D0003A6CF2D5DC07BF0071C22CFF3AD00B2A5D
:1017E0003BBFB6E8E3234E1D0F52644DFF0CFA0ECB
:1017F0005DE50D40000CB9F60E140E22CD0AE0AFE7
:10180000FE4819EB15C49FCEE5CE000C34E03CCF6A
:10181000AA7FB5C956FDE4E2D8BE4F24ED21604A47
:101820002BD5D9003BED06F0E83AD86700DBF32270
:10183000170414B025D3F3FAFD0D2AF6060B135145
:10184000E218044E87F1EFD70824F61E3E18F80080
:10185000A30A01220B341DF2CE2113EFC69A99DFA1
:101860004B198005DE2CDC1F00F8B4FC00A410131B
:101870003A333E0620EF11E7DD9DF7F00634C40A47
:101880001006001823C501E1ED3ED6FA07E6CFF3B6
:1018900006101B130DBAA7C6D5D8270007E2120FF2
:1018A000DCD20C9500EF10FEABF422FF180CF1B562
:1018B000FB050BF63C0FC915FBE21C8CC6C91316C1
:1018C00030000C0011E9ED00040F0908F9C5F639E4
:1018D000F80DE53519DBFE05D515EE00F007FE0322
:1018E000FAE8260100160609FF69F5F9287FDB1AD8
:1018F00007EA62210048D1AA47A600F7D1C24025D5
:10190000DDED00F51116022AE908FA1C3AFB00D6B3
:10191000AFE23300E8042141D5B9DFEF00231341E2
:1019200018C31206F307C819EB6301065D3A600C91
:10193000D7FB07FE13FEF4F3EB0F0503F8FFFE00E1
:10194000F20EF205290906FDF70FEFFD0F0F02F069
:10195000F801F7FD320CFB2C10EC170000B00B293E
:101960000EDF160CFA7F35C901005D16E8DBFCFFBF
:10197000EB1300FEF108E712ED160AD724FA14F46F
:10198000FF060E00EF22F003CC0AEA0019EFFA0B73
:101990002EE43FF2000209FBB10E2C020DFC1D13D8
:1019A000F646F7FDD2F8AE202CF6F9EF0AEEF1F08C
:1019B00017FD09E7E6E330002419FBFB18CA0711FD
:1019C000FC0D174B36251D0CE8DF2C1C771BF7157B
:1019D0000EF7FBD200E70EB9132905B7022219C38F
:1019E000F92B0329EAFE9B1166EA002680B6E6E0A1
:1019F000D030E2A65519DB1B3A07FCBFADEA1E1634
:101A0000F4CAF900158D030F8DF86C230036FDF72D
:101A1000DEF44CF44ADD1F13C213FDFE2FFAF5FE6F
:101A20000602FD18D90997EEE90CEF233511F600EF
:101A3000061E3349F717000BFD230D010300F9F7CC
:101A4000FB00F5CB25FD0C061701E0F600F70CE7CF
:101A500005DF000B2F170828DC0342F0E83601D71A
:101A6000FD2A002DD812DB1306171144EB01030ADF
:101A7000C611030427310706F8061B0070F2D304D1
:101A800025F8D70200E701EFFD4600220A107FC6C5
:101A9000EF15FE03E61019F0FEFB21FD0703D30945
:101AA0001737FB334AC041009C4632F905921E119C
:101AB000DF2EDD2FE2D1B2EBE2DD95BF29D33E462A
:101AC000260DEEDE00C71EFCD7D3E5FB0F13F1F7A2
:101AD000C2A82ADEF411FE3FF3E100F2E67F0DB664
:101AE00029B00B9D151D3B3F2E2D21EAD86196BCD8
:101AF00016231800E15C0B1EEB18198A00171B5502
:101B0000D5EECA3417E817BA0A150B27AF30F739E4
:101B1000FEF81C9F1C18FCE4F51110080408F900DD
:101B20001710F511FD3A18020F0CEAA919F3210953
:101B300014FC201A2108F113F941081300C62020D3
:101B400003F7233503FE1E7F020DFD0B130EEE0C73
:101B5000E4FC00D9E9C6C33816CBD8D7E5FCE6E9E2
:101B6000F10D1DFDEFCE1F192A11140019CD0860CB
:101B70008734D61F00DA04E5C503030427FEF113FA
:101B800018FB0010F158BF1222FFCD1BEEED3503FC
:101B90003EF1A2D598EB6C00428E237FCDFA0AE28B
:101BA0000897F21629224A0ED92137D730C80911D1
:101BB000EDF90A1235F7ACD4BA050A01FE455435E1
:101BC000BF2F0ED2061532DB05D100A81DF10D7E08
:101BD00028E9312645C5F8E13E9024FF020E2A2966
:101BE000CBD8FD00042C0323B1C91D3B00C3C30B9C
:101BF000E2BFD9BECED4E3F3F63012FC1440D7DFF7
:101C00003904B94AF4F947E0EFFDF9F3F7170C008E
:101C1000D6FC04010D52DD1104F71DE5EFF9E236A3
:101C20000B0AE222CAFF27F004E8EB2400E3FEE3FC
:101C3000FBE81510EB19170A02F14216F5E5B4DEC0
:101C4000DAFE000AE6249CF70C0CE5F4F03F2D0DBB
:101C50000FFBFDE47C03E2010732FA000B29F27F5F
:101C6000DA0868E00049F8EEE7E7F3114E24F601E0
:101C7000150DFC04EA09E7E91BFE46F5F407BB195C
:101C8000E52A20E7E10E0C005CDC18E8F5001B19E2
:101C900011DC3905E335427FC5EA5FEDE5099F2A8E
:101CA0000E2FC6ED00F1E3080C060CE2060AF7E57C
:101CB0000240F010C1F6130D13E70006FD02F4C850
:101CC00021122BC4C5031C051DE2142BE6C53A26C0
:101CD000C1E5F7C804000B29F4BC154D000DE71D44
:101CE000E7DD2C02F41B17D0EA03FF010801010D08
:101CF000F9F0163F32F104302DF91C384510500030
:101D0000EC53D1CCFC1EEF5EC07468FB511F095A26
:101D1000A9DFF7F21DE5A01647F363DE00FE7A2582
:101D2000ED06008EDCF7D6975DE31B04AAC144F6EE
:101D300015CE00D50E17FC3AFEE2FBFD11FA07079F
:101D40002B6C1B7FC5AAF0E15000C80018EF0817E4
:101D5000FF512AF600051FE115B223320EBDFF5FC9
:101D6000DCE0031B03DE0DD2CEF3E6F6E603F35E02
:101D7000E0EEEA15FE044300EE150402FF061F1E06
:101D8000EC23200AEA17FAEAD6F0F4BE27F0F5EAC7
:101D9000F7E110FC007F1F1AF6E0F216DF18E533BA
:101DA000F0F83D1BEAC50BDF2B01000649FA04DC05
:101DB000EBF20CED1A1C19D9370C2110B32EF409D3
:101DC00009FADA000FF50F45152E11EB001813FC78
:101DD0006A050915312D15FDEDF704FEF1FA72269D
:101DE000E0F411EE24ED18E801DB02384105B600FD
:101DF0002C18EB1CFA14CD271930DD02AB221CFD88
:101E0000E0311C46F9EEEF530E02F91D008F29FF59
:101E1000E53213D80AEA502AD90AE7EB2F1BE6A3CA
:101E20003601001BDFD430DDDE05E8E4F4E8FDF721
:101E30000218DE14D91A1E1337191400C2EB2B181E
:101E400027461B2600DE2856A9F1E801001AFBD31D
:101E5000EFF7071738DC8025401A04242AF0D1DA7E
:101E6000CE77F8321BF317000B20531A09D798E2EC
:101E70001D0B19E9E2FAF4192AF1FEFEA20F37F15F
:101E8000F51F95D6000A2224F7FAFA1DCE0336B4C0
:101E9000DA021A4111AE2047F5FA0016E1000DCC26
:101EA000FCABE1FDD32A0A34D5002CE22A0AE6F283
:101EB0006A6BDA001DC3E1EB7F4DCAEE003D03F013
:101EC00006014D1D0C67B8DF1F0C1A090EC4EDE5A5
:101ED000390319F6070BC619FDFC934D7F1E190037
:101EE0003559105AE125E5390B7B0006C91E2E36FF
:101EF000D20F3BD0F9F9EBE1FC31AAF93E5C3F3C53
:101F0000EEF0EAD421D4ABBFA130FA16F636F5BB19
:101F100022DA00F1FAEBE816ECFBC9F823F9EF0737
:101F20000372EA24D0C521234CD82100F0F41C0808
:101F3000F441263200FB2C344BF8291E06C400A1C4
:101F4000D4DDFA0AFDC158F8CCFFE039D8F2F4FC30
:101F500016F8E50C09D82600F9FE111FB4BD60E49F
:101F6000F9031F1706DDF7253DF4EF042C2B141A97
:101F7000D1DFEFD800130A030CF50F01C2B855CD1D
:101F8000EBF1853C2F8AB69421AF0004DAC4230616
:101F90007FF151EA0B4635171AF2F8F913E103C540
:101FA0005F3E9F0030FAF2210575DCF1004311110C
:101FB0000CD41CFF16310BD008B0FBF6F725BC0A79
:101FC0002F18F90109ED04F4A7F3FFFFE60B000059
:101FD0000DF7FFFF93FEFFFF27FCFFFFF43A000021
:101FE000D416000055DFFFFFE222000070E1FFFF82
:101FF00088EFFFFF64090000B3DDFFFF46F9FFFF34
:10200000EAF7FFFF9F0F00000FF0FFFF27F7FFFF2A
:1020100068D3FFFF60DBFFFFF6EFFFFF97E6FFFFF0
:102020002BE5FFFF2AE5FFFFC4EF818E0EA4521DB2
:10203000DA22016603E62CCACA1517DF0E032D72D9
:10204000BEEDE1BEE7FE17DD0B232A7F0F060EFC77
:102050003FB4D501FAFB0FF6E5A7FDEAFFE1230146
:102060000815045118F47F19F6020FEC0CFE0E0E41
:1020700014F0080A113C21000C4209BA2AFF7F24FF
:102080002702F830F3FAF1EDF11D9FF628D0F00A9F
:1020900019E9DD1CF303E565EF122629257FD6CB70
:1020A00008CE90F63F1E32E8E1B509AF00CACDD2A6
:1020B000E2E781EEFC0E290BCDA1E4F3FC810E29B1
:1020C000C6EA06B5B65EA9D7030AE817DEEF1DE239
:1020D000D68EC02D0B16D99B9D35FDFE013CC181CE
:1020E000EB07C022244A0C0F3CFC0DF9490EEA69AB
:1020F0001EEF09FD2D620224022C801C45F651279B
:10210000AED80059A00A7FBCD0F5EC22C1DFE3B401
:10211000293A5FEDF3F9FFDB57FB28EB0A19F820AA
:1021200023FB06F8093DE53AFA1A80072B2F79219F
:10213000B3BBEA01B5A7F3E522232003753EC7141C
:102140007FEF088EE128260D00000000000000004F
:10215000000000000000000000000000000000007F
:10216000B6CB3304BFD0242DA0E7FDEF68FCD1C16E
:102170007FF01EFE49051A14B6F9D53522EB23E18E
:10218000D4E407FF1EF6FC1BE5037F26B7E2B6ED9D
:10219000000000000000000000000000000000003F
:1021A000000000000000000026A89E25E6BBED7F91
:1021B0003A10324120A23BF2FAE3DCCEEACDFA44F7
:1021C000FC5233C2FD49EB19ED0B2B92312B1DF75D
:1021D000E516E3E65B7FE2D4DB3AC4FA24E13B395F
:1021E0003FE663F2E27F231E15490EE1CFC72A7551
:1021F0004311DAEBDFEB24F7602B1DFBFBAF80CF45
:102200002A0E179CCDF6DF39D2F60DE42946F0D719
:10221000B00C02F6BE0E20D9CB2C007F1CF61C1C85
:1022200019569912BB2B7FB1EDDBD8D20AF80DF00D
:10223000ED56F2F324C20800E050F718F4B9D325A4
:102240000DE6FF2D01087FCFDF1C021709F312E90D
:10225000FEFCF727F22BFB190C643909E92F30F14A
:102260000119E6F8D9F70780C5D6F7C010567C36B5
:102270004A037F4F17C891C4E42535102C0D6ADE40
:10228000DF8112270D6ACAB080AA02A71BD925E6F2
:102290001848D0C6360509DFE907F7F9F17F241899
:1022A000F7070C75301900F1E4FB07F40C11110568
:1022B000C6FF9C4A16005D330440042963CEF9A38F
:1022C000FCE8E681728E1D0219F4DA1049091D2D11
:1022D0003002E2112326F6F21246C62D7FE8D01214
:1022E0000BC71C2A0F1167FFFC062EC5074BCA2F10
:1022F000810417D21FC31DBBEFFCF90368F2DC0594
:10230000F8FCFFF87FF90502F8EF2906CE17B91699
:10231000C4AB81C3E749D40CABB7314329C245B242
:1023200004C1E230F92EFFF4CDB3DE01235EF89E46
:10233000B78001C9FD1D18DE5212CFF706F410BF99
:10234000F163F20B0036E7140AF00BBCEB0B81C40F
:10235000F10AFD0A040806F74923C705BE2475D013
:10236000D602DE0BD8B4BFC81D3BBC9381FB4FE83F
:10237000F7FFF2BD3BB721E41DC0CB1DC013843174
:10238000CE050C3FFCF4157FF229CE3180381BE2DC
:10239000DCEAF7D500EA05FD141AE43569F8E8FD32
:1023A000EAF9F2038004144F1A03D2950F0DFE4888
:1023B000EDD215293E0CC2044436B8C62178E68217
:1023C000349702C1E3744D53ED5124AC9CC7DC81BA
:1023D0003B56B3FD0D8255257F15D815DA56F9AD5C
:1023E0001DC42AFBF60F3E7E853C1DD1303268E3CA
:1023F0007F0823B0ED2D951A20EC17F3E5C9DF21F6
:10240000F040F4EA123D00083080E5CE25CD0E46BE
:10241000330EC9D4CAD5F4C7B50AE0F8D9C600E16D
:10242000D57FE03FFC0FB8DFDB02DA5D170C341F0D
:10243000E3E2F7F4F3051CAD5DF314F8FF55E7BFD5
:102440001080011BE802DFEE810A3D19FA202A23E1
:10245000C30FCAFACBDEE45F023186E0C2F8AC0EED
:10246000E4FC050BED12DB1DDD0C04E139007FFD02
:102470006DF902D4EE26EEC7C8B16AC15DD8D43773
:102480002E0C163AE308F981F630E8FBA2180FF992
:10249000CCF5E0F4F87FFD04F4F60E32FD0EE518FD
:1024A000FDE11518D5061A15F41EC43D55F7245341
:1024B000D62C123869D821CB26B6CF815CD9F3143B
:1024C000FD1021237F2BFB8C201E060E3203E5B16D
:1024D000F224C8E1470FB0F6DF1B160E8E9BE6DE36
:1024E0003F1E4329224ED10C15E91981341BBB36FE
:1024F0005DF32B8109081E332B2DE5113EC0198D8C
:10250000F41B20CE93DF8AF89AF3F44E46E781BF9E
:102510000612283025F413FED0FB2D4B15BE55F6C0
:102520001FF0EA0D3317361A1411EC103917E9A70A
:102530000D33E2094180A711CD20CDE7FA3DA4FF7C
:10254000FB9CE06E9F2CF5CDEF061580EEFA23F58F
:10255000F1F1ED025ED84AF3D4419823F42B81B314
:10256000DCED1954B8F33CD30401EFF964241F10D7
:10257000CD2E99F2F004BBDCE4E60A7FB4F744D632
:102580000AD94022094AE5CCE611DAD1003A02FE26
:1025900081392BFC4AFDE721FCEE36F82414EE10BD
:1025A0002006131D070FF9E9FD24B3F0E20D7F0C9F
:1025B000087123D1E7250C98E87FE5EB0DEAE02BC5
:1025C000E340F1381B0FF7C6811BE97A3D26AFCFF8
:1025D00009E359AEF4B3D82F4ABD0B0F24872AFE66
:1025E000EB03ED12E127DB091D5D2DD92E11311C06
:1025F000491AE7CBC5E0F681CE100CD2DE06F760B3
:102600004FF8F67229EC2D0E36087FFFDECB16F35D
:10261000CE82D7EA154A082C0D0B49DE080EF2C609
:10262000A6120BCFE5171829F5FFFFFFBF0000002A
:102630001AFDFFFFEC0300007201000064FAFFFFC7
:1026400032FAFFFF43030000DB0A0000F9F3FFFF4B
:10265000210B0000540D00003AC377FE69130000FF
:10266000AEE0FFFF5E01CEF9862D000025F8FFFFEA
:10267000B1EAFFFF573E0000B6F0FFFFFBF6FFFF99
:102680005D1B0000570600006906000092F0FFFF86
:10269000F9FFFFFF3B0900009A090000B1EDFFFFC1
:1026A000A4170000D3020000F3F9FFFF31FCFFFF85
:1026B00022E6FFFF8205000056FAFFFF63030000D9
:1026C0001C090000DAFDFFFFBC04000005F1FFFF5C
:1026D0003DFBFFFFB9F8FFFF810C0000B8F7FFFFDB
:1026E000D8070000AB020000490E0000530B0000A9
:1026F000A1F2FFFF15E8FFFF3AF0FFFF11FDFFFF1A
:10270000E8F8FFFFBDF9FFFF9308000011F5FFFF98
:10271000290A0000B3FAFFFFE005000003070000EC
:102720003EEBFFFFC8FCFFFFFB0001010A0DF400B8
:10273000FF0503F80005C200040104FFFD01FD08C8
:1027400007FA00F8FDED07FCFB02FDFC0003F704AF
:1027500002FBFB00FE02000004FAFEAED803FEFB03
:10276000FB0101FFF3FE05FCFCFBFD0105FC000481
:10277000FF3504FB0001FC000003FEF90101FE0629
:10278000F802FDFD030105FE06FE01E6ED000EF474
:1027900006040005FD030302FFF8F531FB04FC030A
:1027A00001F70305FB0405FDFC07FAFE030E07090C
:1027B000FEB7F90500FA4A00FA0102F702FBFFF042
:1027C000FB05FCFAFA06FBF5EEFA15FCF002CCC0AC
:1027D000FFF6FC0CFD2BF70802F7103D0CFCFC0487
:1027E000F7FAF7FE00FDE3FE02FCFC0204F80E051A
:1027F0000023FE0300FCFF00FF03FDFD0503FF0EA9
:10280000F505FC00FEFC01F601FDF0E60A041DF9E9
:102810000107F5FBFF090009FEFFEB000200FD07C1
:10282000FDFCFE040603F0FFFA0102020A0910088B
:10283000FBF2F9FA00FDC40004FF0200FB020007EE
:10284000FE03FEFC00EF0302FC00E3FB08FC1B0898
:10285000FF03F2FFFDFDFD0502FBF8B3DD00FDFF08
:10286000F8FBFF0702FC0201FF02FE04071002FD55
:1028700003D5FBF90004F30003020204FF03F9107F
:10288000FAF6FDF6FFFD03060EFE010C1604F2FC3F
:1028900003EC010000F9FC0108F7056CFBFFFBF3FA
:1028A00000FCFDFFF1021AFFFDFCFD01080302F12F
:1028B000FF00F5E900FE1300FF06FAFB0CFEF8E44A
:1028C000F10AFAFAFBEDFEF5E3FC100CE8FF17093C
:1028D000FEEBF909FDE6FE0302F8EE8FFF03F8E4D4
:1028E00003FEFBFCFEFBF7FDF2F9FFECFAEFC7BEBF
:1028F000FC7EF10800DC4E001D06FFE007FC01B382
:102900001222FBFE0822F8ECA2FB30F1B6032E9651
:10291000EBDFA5FE01CE00F00200183DE4FC04D878
:102920002A1DFEFD151FB2F703FEFB05050E0CFD6B
:102930000516F6F600F60D00FC04FEF611FFF8F899
:10294000F40AF9FD00E404F0DBFC05120B0A1A2876
:10295000FDF1FE0302E3FE0303FDFEB71204FFE7F1
:102960000100FC030DF9FF0000FFFE04021213FF3B
:1029700004E2FDFE00FCAA00010401FAFB04FB0BCB
:10298000F5FEFBFBFEFA040001FEE70E140206084A
:10299000FFF90102FFE9F90401F80C52FBFE00F90E
:1029A00000FBFB07FE031504F904FDF70523F800FF
:1029B0000319F60000FD2F000102FF13FBFEFCF2DD
:1029C000FBFFFCF8FEEFFB1139FD15DB1D0715EAD7
:1029D00001EAFCFA03F1F60306F6052E10F6FA0BEF
:1029E000EBF2FFFCF8000EFC0FF305DBF1C8CDCED7
:1029F000F761ED1600E9387F1F0104D0FEFCF6B444
:102A000012D3FEFD0521F6BB95F8232EB4FA00B8CB
:102A1000F4B7C846F48EFCFFFA0130474E01F600C9
:102A2000FB220000F3FFC5FA7F817F8080818181D6
:102A3000817F807F00805C0081817F807F7F7F80BD
:102A40007F817F7F7F7F8081817F7F7F80807F818B
:102A50007F80807F7F817F80817F7F7F3B7F7F7FC3
:102A6000817F7F817F7F807F0C0204ECFEDBD8CEEC
:102A70000257F41300E53B47250C03BDFAFAF2D0E8
:102A800010D4F5F2F82201BCA4F21436B20CF3E033
:102A9000ECBCD141EF8AF40208F7362859F6F40469
:102AA000012FF60BFE01CCF3FCFFFE07032307F119
:102AB0000105F7FC00FC360001050009FCFDFFEAFA
:102AC000F808FAF7FBFCFB0127FB15DA16051309DA
:102AD000FEF305FDFEEFF50A04F505511AFA0014A0
:102AE000E9FAF302050212020008030703050802CF
:102AF00001EEFEFE00043300FFFFFE07FF04FF1E91
:102B0000FBF900F903FF05F90300F6172006FAF3B5
:102B100001F0030704F1F90306FD000FB5F7F70212
:102B2000F5FF0004FE030AFC00FDFD0504F2F7EFCB
:102B30000804FBF500F4D9000205F90608FBF70AC2
:102B4000F80EFCF601E707EEDAFD0910F40308F7CA
:102B500000FA060C01E6FBFEFDFCF90C1D02FC026E
:102B60000EFBFBFC03F7DBFCF8FCFDFA01C7C9BC5C
:102B7000FA4DFDFC00E62B001C0C00F70BF703C818
:102B8000131CF6F8F62400DEA2F6240EC700459BBF
:102B9000E8E19C040AF3E9F50901EF347FF40C182D
:102BA000E234F5FAF801BDF302FF020904FA06F275
:102BB0000503F4EE00FA80010205FEF30B02F808AB
:102BC000F60CF8F5F8E80304E5FFE61AF20006272C
:102BD00002F01611FEFCFE05FD01FF312A00FFFE8A
:102BE0000BFAF90212FCECFEFEFF0108000008FEE1
:102BF0000314F3F70005FF00FDFFFCF60101000ED2
:102C0000F7FCFDF7FD040601FCFCDC190704FA03E0
:102C1000FFF5000B01F4FB0A06FC039FBCFAFC0263
:102C2000F5F2F705030306040301030A0109070788
:102C3000FF1EFC000004B80000FF000DFCFF0006B2
:102C400000FF00FBFEE304FAF303DC0100040101D2
:102C500001F1FCF701FCFA0404F9F9B707FAF80BE3
:102C6000F9FF0202F7F807FC01FDFE0604F0FCFE86
:102C70000416FDFE0002C1000204FB0F0001FF006C
:102C8000FD04FEFA030A05F6FDFFFCF00B0317E056
:102C900003F602FA03F8FEFFFEF9FB18C6FDFB0679
:102CA00008F00103F4FF0000FE07FE0D0C05F5001F
:102CB0000431F80300F83200F704FE02FFFB03F5CD
:102CC000FC0600F5FC0BFDF6F7FC14020200F09682
:102CD000FBEFFB08021BFAFFFEF5FA71E6FFFC03AF
:102CE000FA05F9FE08F2E8FEFFFBFF0509FC030404
:102CF000FE0AF80100031D000000FCF8FF01FE01C0
:102D0000FA04FDFAFB03040300FDEAF50BFC10F9DD
:102D100002FCF5FD04070205FEFF03FAAF0000FF09
:102D200003F6FD0507FC070102FB01090605FB0987
:102D3000FE02F4FB0006FF00FDFEFDF8FE000001B0
:102D4000F703FEFBFFDD0505EBFFE901E6FDFE0BEA
:102D5000FEEEF7FA0108FD05FFFD05E018FD01058F
:102D6000F905F80205F90FFEBB0000002210000073
:102D70003103000081000000C40000009C2D000011
:102D8000450400004C2C00009201000072F9FFFF86
:102D90000301000072FEFFFFE533F6E1A811000019
:102DA000E201000033FDFFFFBC010000070200004C
:102DB000B1000000E8060000A4FFFFFFE9000000EA
:102DC00085FFFFFFD325000088020000C20000003D
:102DD0009201000026010000B5FFFFFFC3FCFFFFCA
:102DE000D1080000871E0000D82A0000620A0000F7
:102DF00052F7FFFF30D9FFFFD7010000500100005C
:102E000086E3FFFF750600002DFFFFFF230D000086
:102E10003E290000E6000000FCF5FFFFF030000056
:102E2000450000000A1B0000F501000048040000F6
:102E30009BFDFFFF19010000CA000000F401000023
:102E40007F0100008FFFFFFFFA020000F7FFFFFF86
:102E5000470B0000E002000021FFFFFF39FDFFFFEC
:102E60008A1600004B020000EBF5CB0AC3C1E8B79D
:102E70001905F8E3F8051B002806F4F1EC0E16DD41
:102E80009AFC1BAEC700FFD58F2E0D0206CBF312A6
:102E9000AACFB880E2FCF9E1380EFE0C091F111D23
:102EA0003EB83E2102010FF0080A469ED11411F6E9
:102EB00012E0F8B800D10C0032F4F7F5E81305BBC6
:102EC00047ED7FF4FD0AF5D209AE05E20E33D70BCC
:102ED00002F01417FBEF10A72A20F905FF12CA0011
:102EE000D31F2633D91EDF4E51F3E5CD0740C23E36
:102EF000120C1CD000FE18000D244BCF3B0FE7EF47
:102F0000211CB5C2F5FA01E07F1E09271FDD3D1D1A
:102F1000065126E0D9AF26054BD50AFFFCF652DD57
:102F2000114EF5C92A08CAA5FA4CFBE925DF310084
:102F3000E10EE1AA00F508004CF44A16BB06FE19A2
:102F4000F8DA0AC6240826F1F1D3F5DA145EF01691
:102F500010E6FECB2838151F0CAE1FF9FA0036C557
:102F600008CC8024059FE30FFE4FFE4CD97F3D0225
:102F70004F1BB5C5001104002DC5CA11E2BB4D2879
:102F80006C15D1FE0BE061D23A0406D923D9DF01DA
:102F9000E9E8DF00D50B41FA082D350CEED8EF0635
:102FA000FFAD35AAACDACA61C8587C231E03011EE6
:102FB0001206CA040001F800E5FC34D320DB6EF2EF
:102FC0009C00A93D18FB1B040480F70D190C051487
:102FD000F6EB06D5CCCC153BEB1613EBE5FBFAEA8A
:102FE0000F10E2FB483315F1242FEA06CA3DE4F541
:102FF00007FD12E8003C0AFFF508E6FF1017462718
:103000001044F7C70D03F62031E3FAFFFA26FCCC93
:103010001C3B013E1D7F081523113401F701FE3FC3
:10302000E0E6F7190DEEC6C6121405F5E80DFDFE33
:103030001DEAEA0700FD0200FC589A0ECC6040022F
:10304000BC02F4F667F3F9EB1B3FF605EB0F011733
:10305000C90CF6C0CF2ED1F04B1B0114F680E7D17E
:103060003B0CB613F4F5ECEA53CC8ED6FBF4011B03
:10307000DA1AF6500006ED0092BE020808151BD6BB
:10308000F215C045F1F3470C46330C24EF57EFFF20
:10309000DDDFB99EDA42E4F281D7FDFF0755C3C6F2
:1030A000C3DEE73D1D5002B42C19BEFDDAE609DF90
:1030B000BDF63007000DFA0018E607032FDCFD27E8
:1030C00002FA0D66F01CB6ECD91D0A04162D172263
:1030D000EE12BED3EBE9F02E80DF0AEF0963171082
:1030E0000C2002F70AED0D36F1D302E82C0C10107B
:1030F00003F306C104F0E900F87FF207DAC4F9F23D
:103100002D09D3EDE300DA310BECF5F23EF5EDF8E5
:103110000FDD46080A2F1E41383813F2034589E4B3
:1031200026F15FE20BF9EF1A0C1ECC1812C502B0A3
:10313000EE05F7B900DFEE00D227BB13CBD4F817AA
:10314000AF13DF17DE0610220132FAD511E2E101DA
:10315000E503CEF9FC1804EC000CC8030A31DE18B4
:103160008127292C00CD193DF6FD2FE61CFC000A15
:10317000FAEF441C003CFE007FE6F2F11604055510
:10318000242305EC071C8F1E1A271639FFCE1FF6C5
:10319000110AA7210562F2D9220E340F0E14FC4A3F
:1031A000C8F72CAFFE10C7B4D5CE041EE9FEF9EB6C
:1031B000C8FC2E9EB8F9F10007BF1B0EB1EE02CC81
:1031C000DEF0E91B3017C428E8EDF6D90654D4EE3A
:1031D000E6091565DFD9F617D69CE6EE1EF4D5E8AC
:1031E0002EF981F20E05D2013CB2BB0ADC10DBFDE8
:1031F000BB040BF200ECF700E1D2C806DBBE0CD436
:103200002DF2D8B6C4E509F5042EED0127C6EB0A68
:10321000E517021EE1FB0F18338013080E54BDEFB3
:103220001C0BA5F6FE03E3FAF209DF06F025E51B09
:10323000FF165BB500D106000391CFD1F2285BCB1E
:10324000F9EBA6F314D5CFCE14F0F3D6D339E63488
:10325000D8F13481E6FDE4489D03DF020EDBAF6E5A
:103260008CB100BC19E40DBBF2F388DA2CA7F1860F
:10327000E6FA079E006005008E218EEF7F01532540
:10328000AA5132352EE31BC40777FC2AF14E566E45
:1032900003F6022DF6CD1B1611237E1CFE030D2C0A
:1032A0003718EBF0E9F89F5B13FD1E571C5AE52910
:1032B0001302C0DD00EDFFDECBE715F607DEEEF70B
:1032C000EA15040506FB51113C160DFE162505E412
:1032D000E723D002DB2A2E1037EE41F202DDFC7329
:1032E000E97FE2F6E300F32714E3E11C28BFE8815D
:1032F000FCF239E700F2FD08FA105A01F6F504E491
:10330000CFE5FFFA08E2B108E500FAEE0EF7FFDFBD
:10331000E62D30F2AB07FE52072CE8FD09093CE32D
:1033200024D027EBEAF55F2606DFCDF60DFEF40686
:10333000F9FBEECC00F30A0010FBEE11F073E7F29C
:103340003210274C44F50FFDFF2C06E6E380E5ED37
:1033500000F2090C13048BF7CCED0006F4D0EE0458
:10336000FCE0B7FAF5EBF85E164EFB285AF3DF02E5
:10337000EC10F22F003EF100DD0C1AE5141D125086
:1033800034806EF0A9F02A34CF1A05F7E8C501029F
:10339000F1140BBBE93CE32D5F1C08230123CD286E
:1033A000C0D74A1D00BEE9F30BE83C1FFFB20B5922
:1033B000C811050300E6F300A5FEE311FB65162125
:1033C000B54CF0B1BCC3191918AD0BE3F10D1D805C
:1033D00027A1CD4365D6B24F3CDF53211D2EDEEC35
:1033E00008B10041F4FD0AF2EFFE1EC0DA0BE9134A
:1033F0000132DDAF00F01700F1D82605C92C1AF410
:10340000500A063489107F22F0061F03D79805342E
:1034100003221F1D1EF3AE0FCD120C06FF311DE05F
:10342000232E66BD1AF8F3E2D4E77FF7082EF919C8
:10343000F1FBEDE2FFEA04002DE4B80CEBBB0F1B3F
:10344000FA376844E6EF0F0830C8FEE33A05F5EBBB
:10345000FAFFEED4E92B3191C7DE00FEE91006F247
:1034600016F2E1CFE7F2FECE6A350000A2F1FFFFCF
:1034700010E1FFFFFAFAFFFF28D2FFFFFCFBFFFF7E
:10348000A5CEFFFF24F8FFFFA4310000D0FEFFFF10
:10349000F0E0FFFF6045000050E2FFFF054A00003A
:1034A000D94C000025600000F7FCFFFF94DDFFFF12
:1034B00098F9FFFF8E090000F3D3FFFF7525000088
:1034C000A6D0FFFFC1120000EEB008AEB07F13D34C
:1034D00073850B33DCE910F0BC4ED811D3CB27EB4E
:1034E0002FDCA1D6C01A971B09C41F60ADD481D7A9
:1034F000FEAE74359017E3A2EF258605132356EC34
:1035000031D512B5ABD90BF0F71B733EDE7FF40457
:1035100040DEEB0CEBC5FCEF0911DF0F371F1CD9A8
:10352000ED267F175909DE1F08F9D0097FE8042C22
:10353000DEB9C511DCFE26C30C57010D4519E8396B
:10354000E3CB1BF50451F62DFF173B54E003161F88
:10355000F8D4E3060D7FC1EE5B020004000000001A
:103560000000009E000000007F000000000100003D
:1035700007161F0C5713FDD00AE61A26BAAC18CC52
:103580001118D3FB411E7FEBF7241D1401FF2B0FF5
:103590000617C9D71BFFF419DB19130F3511FA7F72
:1035A00025888D05AA3A3ED060263B2C81D9B6F4F9
:1035B000EAEA4962D8FF2939D289A6E3D80B46B78F
:1035C000EDFB22F614DDD7FEB8D16D10811B1AED8C
:1035D000F7C3A718E70FFAFE0C01061620D2FE0368
:1035E000E9FB7F17F10BE717CECDB94AA61B97432E
:1035F0000F0ECC0ABA48D004F2FD6328A008811A45
:10360000B727D33BF65B9CFA2A1566F1FDBCDF2891
:10361000B9C2DB47FB7FE475184BBF0A43E2B63CF7
:103620006518B23F0E78350828817BE00803E4F581
:1036300080D91E0D2D290DF425F434E5E60EF5FF95
:10364000E8DEEA0D1E68E1E0B37FCD3FA5F10F6132
:103650001B4019CF16C0EACCBF0C2492F21D1228D1
:1036600002537F0CF433E0DD24E92DDA21FCF71955
:1036700076E02901E7FF0FFB44F4C3A3C3E21D2456
:103680004B538174460AD01DFA2C62EEDFC8C9E3A1
:10369000497FED0CB41E84DCE7E9E4D8D2195A5A0C
:1036A0000EC3F8EE23ADFFA8BFE789252733AC4C46
:1036B00012F3F123F41B9449FFB97FE2C0C68206DE
:1036C000D02BF928C37B15EC7F3B0DF5D1B64621F5
:1036D000F2E65748D42005D31B02BAD8D74321C3FA
:1036E00009242F1EE81CC13608A37FECDF071CC28B
:1036F000F9A00DEB28CA0E23B00158D6813EDD1487
:10370000A5C3D2FB12DA1B570FD5147619CCBC0512
:103710007F2AF6DCEB97EC1EC6E4C2D47C090A05CE
:10372000FD7FC705EDD3DDE46013AAD7E2D5AFC2B4
:10373000C7CA16B2103FF6FEC6B6B1F9077FE06DF4
:103740003113D81CFB00EEC30B0454D650EAFD28FD
:10375000C9DA460D4DBB5A2574E83C2A1C39A5EA46
:103760003E0FBAEC8F21FC7F11DEBDDBA9DACFD092
:10377000327F2D37F23800261E8C522DCE0FE7995E
:10378000100F4EF8EF3F890615ED060BDC18E84DDB
:10379000F6CB69FA3480F70755D8271BEAB32AEA33
:1037A0004E33B011F50438486F123C7A1F80DD317A
:1037B000027F46E7DC49FD9D2CE026162AFADC59FB
:1037C0005E2A40FBD7D007DD33293112038A1C4C17
:1037D00042C18191AC1AFD0B287F82C571DCE402E5
:1037E00020F5E94E07149D1BF681C7519DE4168E06
:1037F00005242C18C43FB7FAE6EC2FE27F0ED6F86A
:10380000EABEF64484D10F881821F9047A1A6010B0
:1038100000000000000000000000000000000000A8
:103820000000000000000000CF22084EE74CF49C8E
:1038300022CA18D00AAC002203813E242A4613BAB9
:10384000DDD34A001C361AD7CB152D81DF0F022697
:10385000F99AE81DF715015ACA9EC2F5FFA4252260
:103860001124D96C32CD05028102D2021E25D2115B
:1038700014E910F9D4CEEC13590AF202D6EA17165D
:103880004B1958D8171E0381DEE7E0ED3AF41B8C84
:10389000333DF0211BFB7FE6DD2207EE5D06374B53
:1038A000B7BAB8D1D3FB6EBD2413F3F24BCADE0016
:1038B00051B57FC9E1EF12F746231FE1AF34A4F8F9
:1038C000E40AFAF5C40BF24315BE64F31180F91251
:1038D000802C033B140CC6DD29CE3AFADB16001609
:1038E000D6BD9D1A1E330808EFDE4D44ACABCCAFFD
:1038F000EAD5FFF0A7DA0F43FD810014FEED07972C
:10390000D042E127CA0EC6A941D8F02B04962E7EDC
:103910008BD8F30DFE4EF4C1FF810A08DCF4EACC2B
:103920007501D35FBF10FF060DEB2940C208EFB849
:10393000CE5459F3427FE2F014E7D321F00CF1DECC
:10394000DCCE19250A2CBC3ABFB30FE7D1801F1C6F
:1039500057D7F4F7AE2330E1270712E129981CEB83
:103960000000000000000000000000000000000057
:10397000000000000000000018DA110A2502FE090C
:10398000E32C025325E1C4FAF1131009847FFD7F73
:103990003CA1C9F29F80BDFF5C33005D9C015AD9F8
:1039A00016E81D2AC92AFFA62631EF26DF27941F15
:1039B00037E3FC80C0F12BD901FB24F258C30EBAC7
:1039C00069AB21953D212CC1ED9E08DFD34C157FBD
:1039D000274FAE37ECC200B688B19915E10555ED19
:1039E000F6EB3D3435BFE3E4DED57EFF80550BFBBF
:1039F000E903E91E577FE5F205E408050923E2071C
:103A000013CFDADAEF272BDEE01D122DDADA0541CB
:103A1000F51B39BB4D14F72DC0944CE6CB0880E361
:103A2000F4D5E0E4F2801CFFFC230B4AEBE911C360
:103A300028061500EADD28B120F7C6BDCFEBC9A2E4
:103A40002E4E2F222A0EE824ED807FCED963FAD4A1
:103A5000BEA6A1E6097F0314F1DFCE281731FAF8DC
:103A6000B915D5FB2716F736ECD0D2B6F3F211A272
:103A700047241834FCDC8117D6B53DC5E2F955C59D
:103A80007825080807F98011FA15FFF5EF06133CB1
:103A900013F30CE85F04F0F7F48034FDE926ED142D
:103AA000F002FD3E4001F5B2E0FE59D31310FCC612
:103AB000E5E0E6390808E6E50E17B4F3F9317F2EA4
:103AC00006D81301081EDB3C1F35EDE894CEEA58FA
:103AD0002B7F0839C5F619EC030358081308FEF1CB
:103AE000B007142BE9811B281AD5D8FD28E9031C3F
:103AF0002E056AEE4FF6EB27E3F8F6DA04AF09FC81
:103B0000C93FF8BF6A22202A020B260D0A00801046
:103B1000E6348AB7D30EAAFCD3071B08337F0711FC
:103B200034A55EFBF3FC25DDFC07162EE4F71CCC68
:103B30000A0FEAEAF9017FEBF43EEED106F7E83727
:103B40008CBF1327E61C021645EE391D2853F3F6E9
:103B500030BE81F5320937C0BC8DF20BFCE818434A
:103B600049160129A101EFCF86EF8101E10D08304F
:103B70005D821DA87FBBD7CCD38F53332071534AAE
:103B80005B6FDB283C48EB946E0A000028E9FFFFDE
:103B9000F90E0000F90200007FF0FFFF7BF4FFFF49
:103BA000F4FFFFFF5309000041FCFFFFA0F4FFFFFB
:103BB000ABF5FFFF8A0600005A0B0000CC020000A4
:103BC00024E6FFFF5E170000B0FBFFFF17FBFFFFBF
:103BD00090040000401C000044F6FFFFF0FCFFFFD3
:103BE000DAF3FFFF5BF9FFFF080800005B0300004A
:103BF000F9070000650F000040020000F0F1FFFF30
:103C0000EBF0FFFFBCF5FFFF03EBFFFF20D7FFFF4B
:103C100032FAFFFF000000005E120000AF1100004A
:103C2000B104000014F8FFFF59F0FFFFA11F0000CE
:103C3000BAF5FFFF67070000F8F9FFFFFC1000006E
:103C400026FFFFFF1B060000160800000000000012
:103C500000F2FFFF28E9FFFF29FBFFFF7DFAFFFFCE
:103C60000C0D0000B9060000A51000006500000062
:103C70001CFBFFFFBE02000069F5FFFF6AF5FFFFB6
:103C80001FEEFFFF5BFCFFFFF2F4FFFF61FEFFFF93
:103C9000F6EDFFFF6F530000A7000000420E00008A
:103CA000B504000047E0FFFFFE0A03EDCF0000FA75
:103CB000DD07F80AF7FCF804EA0907FD11F5FFF241
:103CC0000FFC2202000CE306F9EA0500FD0DFA03E1
:103CD00012E91A02FB06F10AF500120005F9FF07C6
:103CE000FC25FAFE06F7040DF80CDCFA06F504FDD7
:103CF00002F4FB02F20300F8D8070C09F6FF0BF8F8
:103D0000F304F6110A08FAFCFCFC0CFA0100F902B3
:103D1000F81CFE000D01FEFF13290605FFFCF2F65C
:103D2000F10013020A05FE02F904F8FEFBF6FE0993
:103D300006050B02FE020A0403FA0AC2440B000D38
:103D4000D8011608FEE00905FBECD6120102F4F4D6
:103D5000E6034108FEF3ECE81105E1001BFDFFFB63
:103D60004FC2C6021316FEF3F900FE0408FCE2007F
:103D7000F1E609FE05FB10FD0CFEFCEF03F111FC62
:103D800004F2FDF4E9FB0004EFFE100EFAF914F75B
:103D9000E8FF00160004F9FCEA0719FF000006021C
:103DA000FA10F6000EFFFEFE162E09051BF3021098
:103DB000FB000AF60A00FDF9FDF50102FD070A0DF8
:103DC000060E080100FF05FA010109E81C0300FACC
:103DD000FFF9EB070205FDF6020A0102FFFF08F6F4
:103DE000000C2507FFF7F2FFF5FB030003010201BA
:103DF0000DF325FE04FFFAF9050007F60408FEFAA4
:103E00000215F6FA02000E0CF811F8FFFF06FEE3A9
:103E1000F8FFF0E210000008D3013006F7FA0904B9
:103E2000E9FB070106FAFFEE2501FE0B040EF21670
:103E3000FF08FA000109F7FF26320A00FC0DF70916
:103E40000A00F90301E8FE06FEFFF40003FCFE0E83
:103E5000F40F030905F301FFFA19BFCE47FF00F481
:103E6000E4093810F3C822F0D432131B1C0A0102F3
:103E70001404380F050900041AF00900C710E40003
:103E80002FE962FC0508F72DD70004080AF0FB03B0
:103E9000F50601FB1B0F001207141D0402C41C1CB5
:103EA000F01CB1A45A0900A1FB18ABF70981420725
:103EB000BC7F7F7F0E32107F80077FBF1912C00D3D
:103EC000442A6D00817F071B62A3E4FE721626F967
:103ED000AC001B13EEEA01E9EAE01C212601FB110C
:103EE000252101CFF5CE651EFA06D9E75A0C00F65A
:103EF000E40729FAFEB430F5F428161C000F060278
:103F0000FA0844090200EBD828040E00CD11F8FE8F
:103F10002AC561FF1A0A0CECD10009F402EDFFF981
:103F2000F6FE050019FF0B0F10191F0AFAC5231F13
:103F3000FEFFFD03C8070009E4FD1E0F01EC13FDA1
:103F40000BFF06FEFFFC00ED1D020A0F07F605EA57
:103F500007F2FA0008F6FBFA213615F8FC0708FD0F
:103F60000400FDF2F9FAFCFD0414FDFEFDFD080558
:103F700007120811FBFC01F500F6EFB535F9000159
:103F8000BE000B13FFFA0012E1FFF302F600EA0194
:103F900026FA0E0EF6DBF6120E11FA0001EFF1F71B
:103FA00040E7BFF5D5100010F500FAFDF5E8C804AC
:103FB000F2EE01FC0D0BF6020007FD0C0301EFFD14
:103FC000F419A8B65B0100F5F5388F7F080E380BA1
:103FD000C909F6FA0F1A0FC2770911210B0DB9465C
:103FE0004E12F600F4F89D0F27AD2CE980251E7FB8
:103FF000E300DB19E6EA08E9E3D40D28217F030991
:1040000016272532FFDEEA11807F7F807F7F00E167
:104010007F7F98037F3E8280817209BB7F7F7F37DD
:104020000D7F58807F7F8060F67F17001148D37F17
:10403000E8FD7FE6B2EE7F06E8817F7FFE817F812B
:104040007F817F8180F87F7F7F7F7E80807F107F70
:10405000EE08B6BF5E0800FAEA3182B606F14317F1
:10406000D9FFF8FBFE1B19C3661A1E1A0E07BC8087
:10407000581F0500F8FC7F0D438025E59E262498F7
:10408000E800DB26E3EB09EFDFCF102D1EA30B00CA
:104090001D211538F1D2EC23FD00F7E23C000000B1
:1040A000CBFA03E301ECFA0E0401FA00F102F4FA90
:1040B00019FE140DFAD60D01241F000009EB08FDAE
:1040C00065B8BBF0E20702F8E800FAF8F4F2C9FCC0
:1040D000F7FAFDFE0BFE06FC0609FB0FFAFEF102E5
:1040E000F9FAFEFE31FF11FACA0527FFF30C10FEA4
:1040F000E2F7FAFC08F8F20518FF050DFDFBFD0CD0
:10410000E517040002FCEA0030170015F1F9FF1171
:10411000030002F6E9FAF8FFF5FBF8FD0800FF02DC
:10412000F4070C0B06F70E090008D3F928FB00165C
:10413000D32621FEF82F281BEDCEFAF60502FD014D
:104140000402A50AFF3BF71B14F1F4002DDF00FF6A
:104150002902C9F70ED5F9423D00FEFFE4F5FDFA4C
:10416000F904FEFD090CFD0EF813291609D5F60D0C
:10417000F11799C52B0C007FE03B80100B623420B7
:10418000B681F7D614251AB9AE238DC61514C60606
:104190007F1980006893F113FAC0138151801703CF
:1041A0007F002D227F020DF1D0B2111AF6FD03140B
:1041B000212121E604E4801DFEFEBBF246F6001636
:1041C000CA1E250BE6331D25E3C2F9F60F1309F6C7
:1041D000F70BCB04033FE4082CFAFB0026DA1D01A1
:1041E00023D0C9F315CDF2D53A00FB09E7F5FAFF64
:1041F000FB03F7040AFDF80E0F243C0DF8CDF7245D
:10420000FFF8F50BF3F900F6DAF725F5F40406FBF1
:10421000F3FEF3FD00FDFF030B020508FDFE0103A5
:10422000EE04050009F90D033203F11200F3FB035C
:10423000FC00FEFBE6F8F4FCFE0AF200060103FEB9
:10424000060EF307FA060D01F8F808D9BDFD0006C1
:10425000EA0D00FFED14DEEF02F2FB04FF03040899
:104260000605030BF809F80AC3E4FF000602FE0086
:1042700010F3090803FDFE0CFE000301FAF300FE33
:10428000FBF9FEFE08F8FC05F30701FF040401F644
:10429000FBF202FB23FC0009E0081DFBF70705FD0C
:1042A000EFF201FBFA050104030AE5FBF90CFC0837
:1042B000FA0E040001FEFBF81CFB08190E040603AD
:1042C000130006FBFBFC02F8FAE406FC07F4FC070B
:1042D000F804FEFC080A05EBFA0EF5DD66037FFB29
:1042E000E10520FEFB180329E619F500FA05FD0992
:1042F000F9108F01FADD04FB3FFF0500F0E3060033
:104300007FC90C181235FF101600FA09E6FBE4FC11
:10431000EEDE0605060005FF040200EE08090700B0
:10432000FBFBFEEF34FE0000EDFD240AF710020354
:10433000DBFEFCFC03100303F60DFDFB0213FB0E7A
:104340000D100200FAF4020215F2FD1B07FAFFFF3E
:1043500011000AFDF9F9FE04FEF200030503FA0B51
:104360000B1600FAFE0CF9F7FF030BE5CEF900FA85
:104370000301FA0AEF12E6F0E5EFF00906080A0277
:10438000FD06FC04FC140AF9E0EC050006FFFA0B3C
:104390002A01FB0206EC000201000206F502FA0403
:1043A000060EF70204050705FE1510FBF813FDE9DC
:1043B00020060000DFFEFFFF5C3A0000D52A000067
:1043C000BAF8FFFF63FDFFFFF8A1FFFFF300000055
:1043D000DC330000F7F7FFFF710500008DF5FFFFEC
:1043E000B4FFFFFFFBF8FFFF0E010000D4FEFFFF4C
:1043F0000C0E0000A90B000077FEFFFFC4F8FFFFC2
:10440000C7FBFFFF5CF6FFFF35FEFFFF1A0B000046
:10441000890100008DF3FFFFBDF1FFFFF9FFFFFFF2
:1044200028FBFFFF3FF9FFFFD9150000E3FEFFFF68
:10443000DFF6FFFF91000000A0000000452202F11E
:104440007EFCFFFF390200003FFDFFFF69FCFFFF1C
:104450007EFFFFFF200F0000B8F6FFFF990100006C
:10446000182000008906000093FBFFFF97F6FFFF6E
:1044700079FCFFFF28EDFFFFB9FFFFFF03FCFFFF03
:104480008B030000420100007B0500002C010000AE
:10449000CE250000250B00004CFDFFFF540200005C
:1044A0006AFEFFFF07F8FFFFF4FFFFFF85F8FFFF3D
:1044B000C9F9FFFF01C7FFFF36FDFFFFD60400006B
:1044C00090010000BF08000013FFFFFF50FCFFFF3A
:1044D0009D17FDF1110000FCF401DD20F3471DBA2A
:1044E000E2E8515C1CD0FC2D00C61546022FBEFD33
:1044F000E7E60700158016CAEEF4B5A9E6FE1F3BF5
:1045000018001AF8D430F428CFCF0F9E0BEBCA183E
:10451000F1C4013E150CD804C1229C2514E00038DA
:104520006FB5B00ACA11E2489EF3D030F4B3130C51
:10453000E200441F2E08D522EFF2D600801E1EE1B5
:10454000E5CE3601C6FEC40AE400071E3881E72A1C
:1045500028CE0FCD02F8F702E70FF809088D1241B7
:1045600060EA81F2F8C7001EE80AF602062725F580
:10457000FFF9E7DF1602393E65471A111016F6F803
:10458000090A1600062BDFF9F9EC24D9B7EC10F76D
:104590003100E2FA721E13F1FFEE07D5FA06F218A7
:1045A00013FDF80D0B24160C3E10F16909B500E15E
:1045B000A7CCF5070CEAC2141EA80ABDCBB6DE06CE
:1045C000DD06DE1FC7D41729660B44001F54C0E068
:1045D0000E0ACD38B740461BE60021EF4B97060B7D
:1045E000DD1C2BB0130E6D81FD1A0A2F673FD31906
:1045F0000AFE4C50D67200043D12E0FEDA3FB117BD
:10460000F8F6BF2AB641E5477F214B92F7F75708E6
:10461000342CDC00E95ADF190A471C050B0DCBFED0
:10462000450017FE6D24085FDBE39F3B09FA2C9DD4
:10463000075FC5D6A49D12ECE32620A6CD3B003B28
:10464000618B1CFBC929CC0D01C9980CC8EDB6DCE7
:1046500091F8FE01DE237F06F81EB600904FFC386D
:10466000EF5B1AFA4B49FE1C2600E72431B1C7D58F
:10467000D32E0BC6CE1723113B71F03232E6410C1C
:10468000FC1104D5FD1300DFF8D146001DF7124CD4
:10469000F7C832CBE9FEE955B4CAF8BBD5130828F0
:1046A000D3023A00E0D4CDE5F108CEEF18811AD953
:1046B00001002DD2AE1E2DE0D35541E40810F118B3
:1046C000E23411E07B25D3E80CEB07D8EC72002034
:1046D00009DECAFC442BCEC3E11EF5BAA31B3BD5B1
:1046E000A246D5FED44BDB12E51028002F45EE166E
:1046F0007F08BBD5FB78BA153500E6C224DCEA0496
:1047000061930BF0CB025D629EA006ECC249E7CD3F
:10471000082A2501179D003E4CCB1047FD3E8441E1
:10472000DCA888BAC588B21C8CE2F2B0ADD4C67FD2
:10473000E510A600EE73E304FCFF356FEF0B324E7D
:10474000CE004EC4FA2538ABFEBDE7240206ECA726
:10475000D3DD0C34EF15671F4CF5D2E012240009AD
:104760003E1B5D090B5A12CCC706593325D1FD00FB
:10477000E6023F4C0516D71A1D222200310E120503
:10478000D40EE3D72E4B81F823001925D53BFDDF4E
:104790007FEDEC02E0FDD8C6E535E8EA08FB13BE84
:1047A00034F8E4BA06D300B9EB081401E6FAFD4583
:1047B00010F2BEE039E8224059F2E1DFFBFF1A14A3
:1047C000FCF24C00F00108E439ECFEDE103D12165C
:1047D000F600CFFF7F1A1F1A02130FE6F7010A3CFB
:1047E00022F2F44006C415E32E1BBBE6E93801FAB9
:1047F000E02F21FED61BCA321B7F55270B0D06BCAE
:10480000E9EAFCFDFCCAEBD8C8C94E005EDB0AFD34
:10481000EF345B27ED97ECE6D70085009F61F4A7A6
:10482000F227E7A441005E0113F623C9B867F9FE39
:1048300006EAA9EC0DF500113B4EFBFAE8F5D45C55
:10484000229A1270D2FBFDC1F8660FBAF5220D6FE5
:1048500004E82B0030A3E01F01DF1C0EE812F11169
:104860001800E30CEFE9C2187FF4E04FF117CCFB1E
:10487000112DE9D8DDE1E847C1D54D00084800C059
:104880005709A600F721D307D068B6EAE82E092B0E
:10489000F7E936B7F91F1CA7C7ED5100D98064E1CD
:1048A000EFF30FD20CC1E4EF550028097AFBF85C56
:1048B00023C3EFAA31F4FAC0F4C40EE2B213F140FC
:1048C000F81D15C1F01C0021C7F0F602220F0CC420
:1048D000FE2817E915DCFDF3D91D08F6FA00C50519
:1048E00007ED11002B2606038108D70711250A03BF
:1048F0001300E2E93057F5F3D3F2F8013A0E0DB99F
:104900000401FEFCE4EE0A0EE1EE03D01B220001DE
:10491000E004160820F4183408310F100508DE15DD
:104920004FF11120E1E40FEC1212EB00D50B17F759
:1049300007FF31FEE0F11F0914001EF1E439F633E0
:1049400016CF0DC9DBEDF611EF19077F13090FD153
:10495000E901FCD2E81B002FB0091E011CEBE4F9B1
:10496000E8A60F28F621FF5DFC1433C1EA4EDE3BBA
:10497000DC0B0F00FFE0D8F5F9D3FC15F7BA4106C0
:10498000F10017EBFF51098126171BD83BEFBC2123
:1049900022001D0A42FF3305F4E2DDE6F3D30020D6
:1049A00064219EF5F14F6731DBD1F2DB031D22CE8E
:1049B0005C13D00A310AEF09FC0ED300C6FBED10E0
:1049C000E4E7C20ECC15D0011A00951581F81AFB48
:1049D000E2FD3B1F990A003807BEEF1D16D11417E0
:1049E000151A21DD06E9007FE71C0306110DD6210B
:1049F00022C919480EE5E50C9FC92D07E42DED07E6
:104A0000FDF8AD00E400F0DD19CCBECFF3D42BE609
:104A1000F800D1F8D027E19D410902B32EE9E83C26
:104A2000ECC3D2E81F02D90705E616BFECD800F0A8
:104A30007F2551FD0827E826F2F32AFA96E3D902EA
:104A400002FDF119BFF1E7E7E8054200FCE5FA0EC7
:104A5000581F0F18D7E9F4EE09009C16192620D02C
:104A6000BD0CE9FF17060F005255F90E0AB6F708FC
:104A7000AF050ED1E409003903EBBDFE2D04010B97
:104A8000BF49EEA4EF0AE940CCDC19F7E7BEF3D941
:104A9000DB0EBE00E43327D4CA384010FC24FF01EB
:104AA000160016E37FFE1039F6F809DEF200CCE5B9
:104AB000D4A5DC4E15E7E21821D8771BFF2600FDB0
:104AC000E22C1AF1EDE0D0CF50D0F7345037100976
:104AD0006645037F2CC82F6740DFFD004530C74087
:104AE0000005FA35F624F7FE0400BE32F9CBF62AAB
:104AF00002F7B45CEBE40BD52925EEC294393B13E5
:104B000007FBD3E00C2300FC1BFBF901DBFF29EBC7
:104B1000FAD2DBFD19F9040FE3F2FAC31B49093796
:104B2000F6D9F100D9F7F80EA803E5EBF700B50BBD
:104B3000030044060D02EEDB81D8ECD0EB020F0E31
:104B4000EF275202F911EB0E8133F8DE03D500DEB8
:104B50004110190409FE0214EAEE0F10F322E8E3F3
:104B600022D807F1EB27F5000103090000DBF51956
:104B7000DDF9EAE2F5FEF1FEF700ED18DCD71FFAE9
:104B8000D32A020706011CE50001FECBED02E31B60
:104B9000B22000006B2000008FE8FFFF880C0000AF
:104BA0006FE9FFFF38FFFFFF561300006A000000A7
:104BB000EC21000075E6FFFF22EFFFFFA5010000DA
:104BC00038010000C10B000017090000CCE9FFFF0D
:104BD000D6F8FFFF0A0F0000F50F000074FEFFFF7C
:104BE000A20A000028D6FFFFD0220000091500000D
:104BF000F42EFCD2C3163CFF3B2DD057DAF354CB36
:104C00002FF3277F2EDAF3650684253A10F61681F6
:104C1000F94ED3EBCFB83F426AC96F6CF2F4C6FCD1
:104C200020162A7F1CEB1BECF9F90401E5153B1754
:104C3000E6FD3F1BF9181FD8A8B3F903B2FA31B04B
:104C4000F31F3E176F75FAF51FC0E8DA01B406804E
:104C50001239F1F01CC6166A127F0238DF190222DF
:104C600002F338B13B2B0B000D54F2DDF97FCD017F
:104C7000EE2931D31209F02AE2C4F804E3622723B3
:104C800027F0EA2C190C2A3DDD81FB1DA1ECBFDDCC
:104C9000373FE7BE4D1E0F922F73F5E615CCF20499
:104CA000010AAAC40D0FE2011237FBD119E2497FB4
:104CB000B35298295319CF4A7FC9D942ED3A44A833
:104CC000529F2FE12017E0C1B763D53513A043E50C
:104CD000DF0501CFADD1DFD70A087F433DCEF81104
:104CE000107F0736E2B900E707EEF2D8F3F20007CB
:104CF000E7DB02FFF00FD6773854EF2116C707FB2A
:104D0000FF39810810CC01B66E1818D141B619C709
:104D1000E162FD15E6800BD5E823F5F81701F7D41D
:104D2000D8D6DC2E24FCED31DB08E80BEE7F0B44FB
:104D30000414DA04F32CF437C8FFF2C1070E334928
:104D4000131EE21507F8FF9A275C2D32131501ECAC
:104D5000FFD018802C212D2ECC21B3053645993F4C
:104D6000FCE322220422FBB1EA812DFEEA2CF5EDC0
:104D70001D0B9CC2D83F2D013F944DA7A32AD610EE
:104D8000DAE50B281648F17F4D360AE10E53F23072
:104D9000282329A8803114AB3481340E30C1F86740
:104DA0004DFD00112EAAEC05D08E1211BBCFECB731
:104DB0001C1521CE427F6CB1C674C5EAE6C03AAA82
:104DC0008133E22ABADDEE986ED9E62CAF23F9C919
:104DD000FBE323EBD3F4EF188414F5ED42E4DAE6B9
:104DE000E2814AE411FC00D810E31ACF3E16D50444
:104DF000E400190803160609F9CE3AE71D30E680EB
:104E00004B5CBDE9FAE263E328B8DDF6AE030CE4DF
:104E10000604497F39418278D3F5F2FC050AFDF496
:104E20003EF3D47F11D6EB4AD0872EFD0B13DBC5A2
:104E3000424F2CE445800D3247B4CFD69D375ABC43
:104E400062FBEFC8FD8A0DDD29ED03032B05E9B7F1
:104E500027247F1DD6FEC1FDD32F000CE4BB9FF598
:104E6000077F07F1E2C3081F65E4F1C51215EBF7F0
:104E7000CD2ED9D7381D024AFF0806CE1C110325B6
:104E800003D8C62F4F59E681F62B5AF52C05E94F6A
:104E9000F97FC935F9D0A426BE16CF58F311D9C56C
:104EA0002D005D3136F911FDEA4044146543C44BD1
:104EB00061EA14D479C9CC72EB1051D226802A53FE
:104EC000F2AFBC160FDDC4B95419072BE900230457
:104ED0005181F171C235D6E7B853E208BAABDA4274
:104EE000E72F7901F1D2E6584A01E20D56D53F7F0E
:104EF000F8B1D2F5CD814FF7553F0D20DC06790191
:104F000046AF4A701B1AF7D71E2CEBF300FFD8A947
:104F1000575C080942ED710D4E8017F2EA7192FD5F
:104F200053F8D6190BFC34CD4611341FAFE87FCEB1
:104F300005DAE11F222644EB1A7FE713FD87E0EA3A
:104F40007708ECF5C2E125C4F1CDDF43DB00F16C5D
:104F5000010CDB07160910430D0406F405FE80164C
:104F6000F1E2133A02F709D2E7E404F7FC18F4542B
:104F7000133D673813F13A81F5D1F15212E9FD3949
:104F8000B62ECFDE0218F5BA166EF0B6FF48EF5512
:104F9000D5102CE622090D7FF682E2F6E25B31D8CD
:104FA000E501D18E07DDF7F5F5F3FD954917E7B675
:104FB000E70C2FEFEA94C20E1CF86AFFCD2ACD1C35
:104FC000E3EB03F9D6542B7F16671DFCE581FA2726
:104FD0006C5A96DA067B4E25DB4CC0582CD21FED5E
:104FE0000C0C2AE10D0DAA7FF91ECD39322440F3B5
:104FF0001E2745B806CE07D4127FDAACFC32D0DBD0
:10500000D0FEF521DAF40958BD17B0340A12FA0AB5
:105010000000000000000000000000000000000090
:105020000000000000000000E8F87F2B15FDC8D448
:10503000B800EA2050EE0FE6E6A51BCEEC264DD1D7
:10504000F909139FAF410AC9373B81CC248BD8ECB7
:1050500056D0EDDF2CF0A7024FEE001DE56603549D
:105060003E7FFB7BCCF62315560921F93C3519D040
:10507000AECA0C053BF17FFE36B7FDCF92E434108B
:10508000F41BE4122ABCA8000FF6F1F92DEF00E0A2
:105090000ED6C0EB01EB7F17FEF809FCFCF20636DA
:1050A0000638D7CAE61581E1E1000B56444DCE0F14
:1050B000A1A009F0EFD62EAFEC80475C0EE6742A73
:1050C0000C1AFEC8F4AFEFB12BF327FDFF35195AC8
:1050D0003E5CF92525BD1F5615F2B9ED161E26CBEF
:1050E000D3BEC7E4804BBD9D7F0DDBFE0E060937A6
:1050F0001D02D920E0EE1B282AEDFF0138D911EA64
:10510000F6D6DC1493803A94F89E32FEB7DCBEEA01
:10511000DCCBAD0CF77F0F2759A5021D22D60BACB7
:10512000331FC9150C1E9481F4D61EFDFE15E84AE6
:10513000C637F6DC24C4A6176770EBE155E2FC7FA6
:1051400030A37EC0299DE1F53B3EBC6D53DE0A14C1
:1051500001A0F30DD4847D97F5C3E7C2432E7FA64B
:10516000302D2BFABC43CB1846B13781D8DB48D65B
:10517000FEEF29F785E03ED2F3F5D401027FFF165A
:1051800008ED01EA1421B223FF0601D723271919DC
:105190000D4F17FD2C3E2112C6E8EC81B4204FE0E4
:1051A00006E73F0F1207EAB1060103C50F13F25AD3
:1051B00008D305367FFF0A003321D0F31613421CB3
:1051C000E1D9DE111905FE5CF9E5D3D5131B8F2E4D
:1051D00015E0287FF0D4D00400000000000000009B
:1051E00000000000000000000000000000000000BF
:1051F000087FDC08CE0BB5CA38F7EE12EBFF346837
:105200000ECDCA0F33DA1284C941DDC6042FCF0A8E
:105210003A3D3018211D974AC3C4FAEB2BE6197F9B
:105220002418C2D812D616C7FBDFB8F30EBA887599
:10523000E8D328B91F2E7FC9167F0912DEFCDA12C7
:1052400015C5120BD23B3F0BF319080B10F1144894
:10525000232D2122FD9FEEDF00F7D9ED141D7F18CD
:10526000002E17813819E413F60000000200000038
:1052700080000100FE22010100000100000000008A
:105280002D7FE1101CFE63DA0BD273F62C450D5610
:10529000E0ED201522D3FBDE0839D90D2B4BB43CB1
:1052A00004F91681B71442B409835A0CDB1B0506B6
:1052B000F611FA1724E4FECD090BD521E80A7FFB8D
:1052C000FAF0F38DF6DEF158EC2C89EBFA7DDDDC9B
:1052D0007FE92C15E7E5E122B8E9E7DA5AE9296325
:1052E0007F519473CA2FC627C417DC8C29C631019D
:1052F000F9A25A0B5EF9D38B422CE58F7FBFE329CD
:10530000E09A021246AFA40709DC392221DD16EA31
:105310004A10FFF52FCA2CFB250D548037FC1721AE
:10532000EAF218F428FEB6EF27FBC3ED353032E67B
:10533000129C101281B013001D12ED042B565E302A
:1053400037FAE42B1BE003942402C2E1F4EB7F293B
:105350000AE20BAB12140C31E0DCD5BA3DFA81FE47
:10536000E7E2E71F244FE9E2EB9F2CFECA52320727
:10537000AFC4DF4BE1A7A9CA5AD72F1EEF107FDABF
:10538000671F3539622AA7492EF3F30C21F8D51A85
:105390003713310C0A24ACCF1213FF7F0D1AD5E856
:1053A0004A5AF6B0FFC519230118F7CEBE7F3C1547
:1053B00058D8641603CA04E62FDC2FEAEA81EADE35
:1053C000E9FFFFD06D28662F12DF7E9D293BA3E801
:1053D000337AFEE742E6A50987AC14BF8EE79CABA3
:1053E0009648E4C1F47F353A502FD11C2308B80FFA
:1053F000B4030FF97AC21602ED820639CD38277F41
:1054000005140309EE9A0BF32832044D0809CA2546
:105410002725051EF7FAE87F80E7FBEDCBE346B8CA
:1054200008D305C10F1EFCDBD70C34FE34217717DF
:1054300003140103C8812ED54404C7ECE21C295390
:1054400040F601CA070FC61B6C7F1D0155A7162B1E
:105450000A9FF8F4DFFC32C60B32BD072DE2E63EB0
:105460002AEB1F15C22ADE02D680D92C270CF2EABD
:10547000E6D1DBBDCD10D815FF220DEACB80C21DD1
:10548000F3F4D6DE07FE00ECEDE705C0D5EBE9FB53
:10549000BAC3FE0024377FE936D258CED4CAE00D15
:1054A000E2E60E43E8110C227C64EE1F210E9A10F6
:1054B000231227C51AD97F3226DBEEFE07D3048DCF
:1054C000FD0F0013E87F12BE12CDE3EFEEF0F2C045
:1054D00011D7E962F0E80B34E5CB0D2DFABC2AFABE
:1054E00016FEECDF23001F1926DB05831ADB3F8144
:1054F0002C1F0906053023C3E917400EFCD5CDFB50
:10550000FEFAFF8104F8F7F70E61F00DE127EFB224
:10551000D0E8DA3834D9326CE50AF104E900EB80DE
:1055200009BE551D00E97FC639A0E751101EAFD452
:10553000B8E82039380E0646212F7F1362B1F56591
:1055400023DB25CDC43238B335855DD05B2A051108
:10555000E3762C17E128227FF7440605F0E8DD0604
:10556000EFC1D6BED405343FF758071FF13B1900F1
:105570000DE21D2109E47F53DE171E300B0AF1B145
:10558000D37FDF11E435043532D877EAEB0A636460
:10559000170BDA3617ED01F724EF162FF480F4FC21
:1055A0002BF712F3D2EEE1210EEA06EC2CF60417EB
:1055B000BB1DFCC4F9F124D081FF04F1FF2819F9C7
:1055C0004B2FE706F927F7D0D9E1DEB7A3F8D0CD06
:1055D0007F70DCB2DB04E2A5EE1D2A13F848F61258
:1055E0000EFDBBE77F4120FEE9E5B0E2D4FFD35ECC
:1055F000DDC315CADEB3CD0CF7F5B81AEB73075649
:10560000E8F3DB2560F116CA3C81EA1402EF524A46
:10561000AF46240633122902F1F3F013F5131322D7
:10562000EFD4AE017FD8F8FE2AC4E201047F48CA55
:1056300052FE0767BC2D09FA1C0B2A531D18AD1723
:105640003855F321088002FE25D1DF02BD09F42C74
:105650001B1B3FD2F6CA10F721806025999D243686
:105660001C9EB41A03C22D48701B42E424230E5220
:10567000C56EF4E07F1FD40C04291C0105ECD0D5C5
:10568000E8B1DC42CB1B235586E3F60E43FD394CD3
:1056900015ED13557F3D43D8E5C3610D9E0CF53BD9
:1056A000DED4E532F3CFF72607CA81C9FF2B7C4150
:1056B00016FBF346131CFA15A63000D2F7C42DD7FB
:1056C000E712D57906A9F97FC9F1F50B1326CDF8B4
:1056D00050900B20001A28360C063230D2104F7F23
:1056E000DE0D20C9193ED6A5447FFE3DEFD2E5EC84
:1056F000F6498FCA35CED6BE1CE62DD114CB1EE09E
:10570000E70D1041ADEAB13D308A64D6231E5A053B
:10571000B23E7EF693C170BF0000000000000000A2
:105720000000000000000000000000000000000079
:10573000F04EE9340F7F25060F12CFC61FD5611C2E
:10574000EED84113EC04E79ECB51CE05041F3E1E5C
:10575000280AE30519EC18640DF28CE67FA4F2D850
:1057600031CE1EF50C2E06474F7F2C4F89DA646E22
:10577000FDCA4A30E117CCAF29CFEA08EB58A1DBCC
:10578000F460F2FAE70E852D309C25F516271D7F73
:105790003CEA3EF41780D118FA11EFD7E85647D704
:1057A00036AA2FE8CBEE1B1E2E7FF05E210421D7F8
:1057B000EA12F853CE283B42210B433D21FD4F22F4
:1057C0002681BCDACCE754C064FA148955DAC3C226
:1057D0007A0207CE511EB5D3FF81E3DDF16D112FA3
:1057E00046FDD7E35C2ED5E03F03048EF110EF9326
:1057F0000980101AF006F01E1E18E50BC2A9BEFDA6
:1058000051B9F6D63AD51156ECB0DD3FF931E687FD
:10581000FDA412BEEDDB13D613EEDF7FD7DA0FF156
:10582000E81A7FECDA8EAFCABC6A0CA5079E33B9C2
:10583000A8F670032DF6FC9E1012E5260B3C20C442
:10584000FF02EEEEF920EF22F40C0481111AEE2192
:10585000F5D0C11D1181E1E65ED4D42DDED2162E25
:1058600016FBF4C911E4F0CDDDFDE62300F781C09D
:10587000380CEE03F4ABE73E0B2EDAD4C578F5CF47
:10588000FE1BFF0E1CF111DA0DFB9FCE272EC47FED
:10589000F1FE1DFD0C1308DA4F18A47FE4C9F74C84
:1058A0002F2106E7EEBB2449C70324FF16E9EBE5E9
:1058B000BBE3F73BE5BADE6CF5E1D3D01D14BB3E8C
:1058C00049F5503FE2FE81DD29B950223DAD2CF370
:1058D0001E0FF83B9F3DF8317FC1FC1177C8CF40C8
:1058E000CB49E0B01741D1E59819D381124947EE71
:1058F000490832E5EABEFDA82A7C4410144F31F66F
:105900007FA4373EE3087132EBF62749E322EE0C21
:10591000EE5B22CD107F25D231DBB70403113DD4DD
:10592000F6051AF3FC02F4A307D4454A1E5E29814A
:10593000FFCFE3A4B9E91472F4C736169AD125ABA8
:10594000412B80CEDABD11CEF1CB20264A10CB3AC6
:10595000C8532F07D8E4DBFF5B8009C2E8EF0C13C4
:10596000F33503F5131B01D922B532E4D0C04BF453
:1059700000F1FFFFACF0FFFF4BE8FFFF94F6FFFFE5
:1059800091EFFFFFB2EEFFFFC0E4FFFF48F4FFFF1F
:1059900015C8FFFFA1F5FFFFBDF4FFFF6AF0FFFF91
:1059A0006E0500009AE1FFFF44FFFFFFD2E4FFFF16
:1059B000F7EFFFFF27FAFFFF28F7FFFFB3FEFFFF18
:1059C000F1E9FFFF78EDFFFF60F6FFFF2BF9FFFF26
:1059D000C5FCFFFF26020000D7EBFFFF530B0000C2
:1059E00082E5FFFF85010000CEECFFFF77E6FFFFB9
:1059F00017FCFFFF28E3FFFF59EAFFFFF7E7FFFF70
:105A0000DFFBFFFF490700007BFEFFFF87FFFFFF73
:105A10005FF6FFFFEBE1FFFF2EDCFFFFC5F0FFFFAE
:105A200077FFFFFF65EEFFFF790200005DE1FFFFFA
:105A3000A2D8FFFF88FEFFFFC8F6FFFFA3E8FFFF25
:105A4000141B0000E0EDFFFFA5EBFFFFC4EAFFFF22
:105A5000EBEEFFFFD3EEFFFFD2E4FFFFB9F4FFFF51
:105A600080E8FFFFD6FCFFFF98FBFFFFBC9CFFFF19
:105A7000770B000059E8FFFFA4EDFFFFAC07000023
:105A800045F0FFFFFFFFFFFFF6E5FFFF16010000F7
:105A900090EBFFFFEFF3FFFF18E1FFFFB5ECFFFF17
:105AA000BEF0FFFFC4F5FFFFEBF1FFFF9E03000018
:105AB00084E5FFFFD3F3FFFFADF4FFFF90F6FFFF98
:105AC00027E6FFFFB7EAFFFFAFE1FFFFF6F8FFFFB2
:105AD0000FF0FFFFD3E4FFFFD9030000B9ECFFFF95
:105AE000C5F1FFFFEBDAFFFFCBF4FFFF95EEFFFF01
:105AF00026090000F4EAFFFFC6E7FFFF13E8FFFFF7
:105B00007C160000C4F2FFFF47E3FFFF14F3FFFF22
:105B1000E1F4FFFFEEEEFFFF6AE4FFFFFEE1FFFFAF
:105B20004BE0FFFF3FE7FFFFC8F7FFFFE5EBFFFF9D
:105B3000CBFBFFFF81FBFFFFD5EBFFFF44F4FFFF33
:105B4000B4D7FFFFFAE0FFFF2BE9FFFF00000000E2
:105B500013F1FFFF01EBFFFFC8F3FFFFB3EBFFFF04
:105B600071F0FFFFCBF6FFFFD3E5FFFFEFFEFFFF76
:105B7000B5E4FFFF46020000B8F3FFFFEAECFFFFC9
:105B8000C7F5FFFFD7EFFFFFAEE6FFFFABEEFFFF6E
:105B9000BAF3FFFF5BF0FFFF5013000026EAFFFFA0
:105BA00034080000C8D3FFFF75E9FFFF11F8FFFFBD
:105BB00005D7F5FFEB09FD110512F21D01EA0B05F2
:105BC00019100FFDF90DF50800E3F8D60E05FE00DB
:105BD0001C030A0BE3E8E50210FFFCEB00F909F7F0
:105BE000FBF2F9FDFDF003130407F100F30C1800BC
:105BF000FD07130806000000091004F8DE0C000B76
:105C0000030112E6FF03FB04FBFD10F8F0F6EDFFC5
:105C100005FB0607FEF5F4F6F1FB0AF40B09040197
:105C2000EA0219EE1E070F001E050416EAEB070430
:105C3000FD130F0B0D09FE0AF10D0AFF030706FC09
:105C4000F7EB060503F5F9EB141C0AECFEFC14084F
:105C5000F71BEAF2030AF10E20FED8D7FF070EF574
:105C600019F0F905FE15F5F309EE00F400FCF2EE6B
:105C7000FEFAFCF301FD130306170B04F3161C00D8
:105C8000EE000706EA00F710F6F201F22E2204F504
:105C900002ED2BF80C0B0203F6F2FE0B05F2FA07ED
:105CA0000E19FE20F8FFFFE9FEFB05ECF2020EE9FB
:105CB00002F6FEF6F3FA1200F208030913011408C3
:105CC000EAF81305EC08F80012071DEE09FAF92F9F
:105CD000F9F3F602F511E7F000FC041F0CE8F70BEE
:105CE0001047DCF8F6FB0B034F0B03B6F50BEFEE9A
:105CF000DCF1EDF6FCC6F7F40EE7DB1000F5FC0A6C
:105D000002F3F3F41C0029F814F917E0F83DE7005A
:105D1000CCF5FAEFEA00E820DEF8E0EAFCFE010547
:105D200003F15DCEEDFA20FEEEE510EEE1F2DCFDD2
:105D30000C0A0C080BE4EBDC22F5F4FFFAF418F97A
:105D4000D8EDE8EF0109FB00F72108F818FE06ED91
:105D5000E4011CE8E307FAF8021A1CDB02F2E54151
:105D6000FBEB0D0BFBEBE909080D06F9FA0118F83E
:105D7000FD33D5E8FE03FE4D5D1DF0CBEB1BF3F8C4
:105D8000A1DEE9F00D0B12EF13DCDD1200ECFEFCDE
:105D900000E9EBF20F130FF31CF12CF6FC0E0B00D5
:105DA000C4DDEFF7E400F72BECF0E3EFFF080DFAAA
:105DB000EFFE5CC1F80716FEE9EBF807E3DDF41728
:105DC000160BF40EFAFAFADF09F5F2E5E3F10A012F
:105DD000EDE9FF01E3F90200EB290A013CF71AE4BF
:105DE000EBF311F6F80CEFFA101305E9F3F1F259A1
:105DF000F9EFF2FAED09FBF311FB0D1BF9040600B4
:105E00000D12F503FA03F21824F813F3FB0902F755
:105E1000FCEDF4EEFBFFFCEA0BF414FD00F704FECE
:105E2000FBF20AFDF9FB300905FF07E6F411E70074
:105E3000EDE107F0F0000108EEEAF7F701030218C0
:105E4000EEF832F1F4FB1BF7EBEF01F7E903F6098B
:105E50000B12F90DF1E8EEDC00EA00FCF9F30E128A
:105E6000FAF4EFFD08120200E907DDDE0FF61DFB74
:105E7000FE0901FAFA1102FE001713F106F7051BDD
:105E8000030B08F9E700F110FF0CF71007F31EF9F8
:105E90001C00F7EBF90501F700EFF1DF08F7E80365
:105EA00001FB06EFFB14010D0BED06FA000F0006D7
:105EB00008F7F8F6050AFB0A040EF602F4021000D1
:105EC00013F3F6050000F818EE050206FC010308BE
:105ED000F2F71500F80DEE0402F8060EF1060111B6
:105EE0000507FB1C030FFC03FD000312FE010DFB65
:105EF000FA1329E6FFECFA00131B0BF6F8FC0CFD75
:105F0000F422EEF01518FE09FB0AF6FF07FB0CF869
:105F100003EB16EF0F0A13CB0312F5D3E0F5E5FE02
:105F20000E48E9EA120E060A3F04EDC91112FA15ED
:105F3000CAF214FCE506ECF00200F40B00FFD114E9
:105F4000E61C1A12EE00071507002A1107DEE90009
:105F5000ED05ECF80B04FD0D0EF50AEFFE0AF9F263
:105F6000090F34CC13DB0B120612F4E2ECDF1FEC4A
:105F7000F80416E8E5F72B23F70A04131618EBE0EC
:105F80000410F3122CFB0D00F81AF71557F6F6095A
:105F9000F7D5EE12DC0516E20729000DD40D041F1B
:105FA0001BCFE4DE26392B8F1E28D0CDD4C4D32DB1
:105FB0003D7FC9C62E3ADDE26AE1259D34461828A8
:105FC00080232B14E0D2D2E0EA2494DE00A8BD3B6B
:105FD000DE370D2DEDEBCA220ED8512943E1BE006C
:105FE000810BBCD73500252912F41328AAC8D4D3B5
:105FF00030257FC51CB5D9323315D7D9B9C12BC2CD
:10600000EAFA1ED3DCCB2824D91C1B2C4437E8B772
:10601000B715B630221031001A41D81F77CBCCCB40
:1060200013CAC02BE9DB25E7DF60DA27D11A0B742E
:106030003AD2EFED3F223CC61B40D2C6C9F0D32D69
:106040002C78B5D3402DF5507FF8199E2343152F9A
:10605000AB112E06E7BAF0DBC62AA90000B1BF35A6
:10606000C828BE2DDCDFBE210CD95D4243CEC50061
:10607000840BB1E937FF343615F92511CBB2E7C2ED
:106080002C2F7BA42ACAF52B2F27CDD6C1C13BD1FB
:10609000F4F414D1D6D0402ACE181E31522BD5B5E7
:1060A000D5CDAA4B1D132800151DC31077E5C9D304
:1060B0001FBEC728D7D236CAD764D127CD2F147FA9
:1060C0000AF403FE031DFDE00518FAEBE307ED00FB
:1060D000032CEFE21521031B48F40AE7142D0208F4
:1060E000D6090CF10DFCECE8EC0AF6F000E0FF2319
:1060F000FA16EA19E8FFEF2008E0290712CDE400BC
:10610000DFFB04DB13000F13F3E80D0CFFFCEFF0D3
:106110000A063CCA06E2E6101EFDF1F6E1E707FEBC
:10612000F8FC00E9E8CB1E10F9100E101106FAEB8E
:10613000E3DF0912FAF902000825D60434E8FDD895
:1061400006EAE307FA0210E7001EE511F00216283E
:1061500006FDF406EBF5E5FCFFF301270AD6E6059C
:106160000405F5F805F619E8FEFBE5E7090AE4F889
:10617000E7F0EEECF8F4FD1622ED180F00F30B0437
:10618000FFF8290613F804FDFFEBF8E70A080B00F7
:106190001A0AEBFEF600EDF9E20EF9E6FAFFF6F95F
:1061A000F4F2EA0EF8F2E1F4F1F51BFBEA01DCFA95
:1061B0000AF30CE800EEF0EA0704F3EDF905FAFD46
:1061C000DB4B08FA0511F600FE0B0006FAF307F8A0
:1061D000E307EBF301F3F301F3FA0EEA0CFBEEEF46
:1061E00036B6D9E1241729BD1F2FD4BCC2CBD6297E
:1061F0002443DDB23F48E0FA18D90FAB193D2830EF
:10620000BE262C35D1E0B4BBF417D8EA00C8B22CB6
:10621000C81F6B2FCFD4D22AD0CB423334D8D20070
:10622000F32AB9E829021DDB062C2C19E8E9D1B8BC
:10623000121B129C1AC4D6192937C9C6D3B32DCB49
:10624000C9E739D1D2C93029CA1C1725263AD8B78F
:10625000A17FB837301C2A002C03EC3843DCD1E88E
:1062600011DABF2704CF27C1CD2ABF2BD4200E229D
:1062700064809CAA6F7F68866C7286A2A890867CD8
:106280007F7693847A77809E24817C807F646C768D
:10629000A36D7D7E998680AA907080950099957FE8
:1062A000A8745876988F8978B09767677F948A002A
:1062B000955D839A7F236FC67C507E6B9385959402
:1062C0007D7F5E947D8E8A4A7F6996818094648208
:1062D0008CAE5E8DA2804E728969587F6F7FB481CB
:1062E0009256805A7F7D72006EDFA57B5A8085AC06
:1062F00062818A624F997C98977F817FA5665D5302
:106300007F8181B47266679B7F7F8E89A9A1A56614
:106310005664978A7A7F8872348F75AA676E72790D
:10632000B86D766D95819C91897F9AA10087806D6B
:10633000805F9D7F94898C56BC8F7F7F7F81A80072
:10634000975289A67EAA73D97846765E81978D8703
:106350006F7D55896C9A9869667F8B8393827F865F
:1063600096AB5C80A1816B7A8D7F646B7F738F832A
:106370008EBD8E7E5C676B0078D8AB6C7F9780B1EA
:10638000698C807E4F9D7B9497718D76967157585E
:1063900028DDCDEC162C21B52521D1DBC6BBC82CC0
:1063A0003028C9CC3842D57F34D034DA283F282071
:1063B000D9231B2CDDC1D2C7E321EBF000D8C138B3
:1063C000D53AA536CFDADD24E1CA2F1E3FC7B60085
:1063D000100BB3BC260030D921141D18CCDADAD149
:1063E000252326A636C0C21D2629CDC8B0C329C480
:1063F000E0DB3CB8D3C51126D91F11342B2AD9C6EE
:10640000D087BB262E3822002213CC2D33CDCBDBF8
:106410001ED1CA2014D52DC6B92CC824D822292AA9
:10642000FF0004FBF4EAF2F4FEEA00FFF8D9F00BF7
:1064300013FAFFEFF300F5CDDEFCEBDF050707F9FC
:10644000D5F5EEDFFE1DF0FB1CE22C0E0010FDFE6C
:1064500004FB3CE61114EA0207FD00E800F3F70034
:1064600010F2D606F500F201E506FEEC0CF5EF00A1
:10647000EEFB0FFCE10309FC02F81E05E7F8E6025B
:1064800001F301F8FBFCF0F0FE01EA030D05FEFF4D
:10649000105CF001FC01EF00050809F6FD0206F4AE
:1064A000E705E7EE0300F0ECF7FDFEF504F800FE6B
:1064B0002EE2EACE3D243DB72B28E4CFC9D4BA3230
:1064C00034F4D3B43129E2C5CAF519CB34322F17CD
:1064D000A91B3319CBCCC3BCF316FBE900C7BF2EF5
:1064E000D01E7F1ECCC3DC3EC2D21A2B40C0C300DC
:1064F000232C8CEE2A0023C010402D14D0C8CEC708
:10650000242AFEB435A4C9442533D2BED1B734D72A
:10651000DCCC3DCDD2CE4144C8362B2A373BC2CC51
:10652000BD6FC0303424250028DED5311AE9D4EA05
:106530002EBFC92F24C234C7E412A530D52D38FE92
:1065400062999882746B60817D71A6818180917758
:1065500076F1978A7F7695D7B2867E9A62657E7F3E
:10656000A37E7F7D95A18F81886E9D800080A66E21
:10657000AC7F3D7A8D829E7F8095486470838100D8
:106580001F789B8079557481777F767E8A8B81878F
:106590007F77EE937F90AA6D71678798869B6A8C50
:1065A00084A266A380B5587F88737F7A4C6D808CF7
:1065B0008A498E477F5D7F0075989F7F219986BAB3
:1065C0007F8F8F7F719D7F90853387699C6A7FF76E
:1065D00076978E857F667F8E7F7481968C84807E91
:1065E0006FE9808175758734B39B779E777F7F795C
:1065F0008F6578708087A291806E959400918278E3
:10660000A779C4788180807E858039777B80A700D8
:10661000367F808E6C807E877F79776489808081E9
:10662000756CEF807680807F656780998A9178931A
:1066300080817F8D83967E7380766D7E576B828797
:1066400081AE9F46586064007F808076209682806D
:1066500075869C757F817680813A8C7F817D6CF414
:106660002FD4CCE438141AC33125E4BEB6CABD28F1
:1066700027EEBDC23A4AE872E7CC35DC2E4D242421
:10668000B7302517E5C1CE9BC12513D900BFC03F48
:10669000DF47A133CFB5D22AD0C0052C34B2C30016
:1066A000362DC0BF220043BC1A2C2D29D5DAB8CB19
:1066B000221F03BC31CFCD362B23D7CEC0CD1DD06A
:1066C000DAD335CFD1B82D3FD22825272720D4B70C
:1066D000DFB4AD273232230026E2CC2008E4B2B783
:1066E0002AB5C61C3AC12DBFC7FDD027CC2548000E
:1066F000FAE90804FCFDF11300F5091EFBEF11E5B2
:10670000F30AFB17FB04F734DEE3F3CE0D05FAF5CD
:10671000EFF303F0F40FE60B0FF4F7EF002CF1DFCB
:1067200006FE07EF0F0AF508FEEF0DEBEDEC020099
:10673000F70324FAF500F9FFF206EBEA13F6F80A7C
:10674000F709FF170AF7000302FDFA07DF07F7FE54
:10675000050405FEFB0EFD070400F7F00D06FBE146
:10676000FD0D1DE70D290100F500090EF002FFF7F0
:10677000EF1407F4E7FEF1EFE5FFFB040FEEEA0488
:106780000FD7E6F7110E0DF50C19EAF5D7EBEBED87
:106790000DF3EDE60616DF11E3D90FCD12171F1A20
:1067A000DD01160BE909C6D504FF13E500FDD11480
:1067B000F4092DFBDDF3DD0BC4E2140FF7EEFC0052
:1067C000151DE1F60F0016CAF636FF0EFCE6E6F0E0
:1067D000F703F7FA05D40C111617D7EFD6E817FA16
:1067E000E3EE10FAE0F60B15F41611130E13D8EEC3
:1067F000C72BF20C1B2D0D0015D9FE26EE000BE366
:1068000006E9F50816EF0AEFF7F9B51EE8111AEFD9
:1068100036C4B9DA223726AD2434DEE5C4B0AF423F
:1068200031CBC4CE3730C731AAB630B12F32402F6A
:10683000AC2D3532C0F2B6B8CC28AAD600C9D329BF
:10684000D92E281BC3BFE436ADBD0C421CC9D400F1
:10685000524794AF28023FB80F5D3921B7D9AEA88F
:106860003234CDB93EC5BA1A3227BAB4C2F91EBF06
:10687000D0C432DCCEDB1E3DB82C2721F619C8A1CE
:10688000CB1ABC122B4726002BB7D03BD0D0CDD88B
:106890002AB3D02168DE2ADBB6F5A533E82638DF37
:1068A00036B7D4EC21203EAE2E35C2D7CAC1B62EA3
:1068B00023B5BEC42F3DC426BAC62AAF184C37270D
:1068C000C5132932B3A5B2B1B819B8E300DDB43CA1
:1068D000C738F31EDAC0BF23B1C1FF4B13D4C200C7
:1068E0005A3CA5DC28EC39C7176D3928C6D0C6B785
:1068F0002134BEBD29BFC9212A2BC4DFAFDF26B991
:10690000D6B936D0C9BA2E30D83228301918C89F17
:10691000C2E2A11E2A41110035AAC63BE0E0D1C265
:1069200032B1E02B78D934DBC9E7CE30E31B3FDF4F
:106930000AEBEA09080C02CE000204F9FBF5E0EAD2
:1069400012DDDDE30A28F160CCCE14DE27231C041F
:10695000E90E150DDDDCD6D6D9F30BE300EEDC191C
:10696000F11CD303EEEBF220E2D5F0F7FFE3ED00EC
:1069700031FB0ACE0C0022D4FC1DF4F8EC07DEEC4F
:10698000060EFBF522EBE6F122FEF0ECD1010AE85F
:10699000F0E51DDCF4F60622E80C041107FEF4E92C
:1069A000EAF5F5FF1025100006E2D712EFEDF1E74A
:1069B00000F502F625F308FAE5F0EB10EB0A2506E0
:1069C00089010000D935000025070000510A0000A8
:1069D0007401000087010000FF0300008A320000FC
:1069E0000E00000072F5FFFF05250000063C0000C8
:1069F0008B230000E2060000D72800007B05000082
:106A0000DEFEFFFFF1000000462E00006B050000D7
:106A10001301000013FFFFFFCB32000001E6FFFF70
:106A2000D1FCFFFFEF090000D7030000B50B000009
:106A30006A000000D4D4FFFF3B01000050000000BA
:106A40005B0C00008203000015030000AE03000091
:106A50006738000040160000DD250000ED0700004B
:106A60007119000058020000DC04000099030000C6
:106A70006F4E02E8922200005C640000FAFCFFFF07
:106A8000FD0400003AE4FFFFECF1FFFFE7F9FFFF30
:106A9000901200003D190000FB1800001DFBFFFFD5
:106AA0006A250000B33600009A010000D6000000FD
:106AB0007C000000FE0300008C2900002ED6FFFFA2
:106AC00009310000AB010000FB1F00005825000049
:106AD000E0020000A8AAFFFF47FEFFFFBF0C000076
:106AE000030300007702000087030000FE0000009F
:106AF0008D260000F71B0000442000003E720000BD
:106B00000E000000D7FFFFFFE6010000A33A0000DF
:106B1000F1040000192B00005E09000050EDFFFF9A
:106B200023000000E1010000410A0000A815000058
:106B30009C130000B41000003A000000B80B0000E5
:106B400039090000ED320000BCF2FFFF0B2300000A
:106B5000792C0000B319000013FCFFFF01020000B4
:106B6000AB280000F5F8FFFF5E000000980200006F
:106B7000330000006F000000C53C00001426000038
:106B8000201A0000CAF1FFFFEB1A0000F1FDFFFF21
:106B900039000000D5FFFFFF91FCFFFF220A2EEE17
:106BA000D30100005C120000AA3300000F000000B7
:106BB000380600007F3A00007B300000B40200007D
:106BC0001A030000B23400001E2B00008D000000EC
:106BD000AC060000EC2A0000CCFFFFFFFB24000005
:106BE000703700003C01000084080000C7FFFFFF71
:106BF0003C0A0000540000000E00000035080000B0
:106C0000C93501F33BC6D1B8F9F32FF4C020E3E353
:106C1000C0EE1806D8F13CF9FA272CFCB9CD39AAF8
:106C20000900E9B744FD5EE2570C0D1E00D9FA1FBA
:106C300012BB110AE807013846D3FCF9EC16E6004E
:106C4000C7C8D7D11A00E0F9F91F36F003E21E39A0
:106C500013E8EBDB34D8F823081E3240D2E7F919E9
:106C60001D31DBFEF008D7F4FD2A2444EB288A10FE
:106C700029FEDB08EEF1F600EC0404F8CAD602EFB8
:106C80002308FEF5090FFEF08000E8FC08F3274911
:106C90003BED05DAE81323140A39F20DF72368F304
:106CA000FFEEE707211936FEFB390C0CFF0E081822
:106CB000191C3A100629FCEEF635EB1B00DA48FCED
:106CC000FF7F06E1FFFF021E0119DD0214E77D00D0
:106CD000FDEC3934FE000D1AACED210FF12CE5FD71
:106CE0009CDF0D081A1B080AE511E925130F340370
:106CF000FC1B092C464DFFEB03CD0CEB02B7D6EC89
:106D00001CFBF2E934F70100A81E0CEAE7173A1B56
:106D10001DE2D9D509EF01CF62F4F6F5E70EFC2D9F
:106D2000071EBE15F407062F2DF03CFF0CECF7F301
:106D30004EFE1B19113706C00D2038C507CA01E6E3
:106D400013E6F1C86605CFB9FE12F22B00D97FFF1A
:106D5000BAE8FD24F0B0164545FBDD2FD82BD30053
:106D600033E60EF62A002BC9F21A0FF811493BDD63
:106D7000A7C40590E5CCEDEC58EFCA0CAA39FAD1BE
:106D800026FFC4ED0A42E4FAE43017070E0B1E1189
:106D90003B13EE021EFB3200E61BB9BC30222EE88C
:106DA000A639FBEC1B402A1E1C17F221040A030122
:106DB00024FD11150B0EB4400CF21D2AE219E8F463
:106DC000E30428F4EAE90EFCD224C23A031E85EB60
:106DD00001F736241FD604D1E7F60CE0000ED5FEED
:106DE00003D5FCFE21112E0F0FDF0B171F07EA0042
:106DF000D83DD5039C003AAFFE1D08F6E2221032C2
:106E00002500F17F03FDEFF6D9AEEFF5D7FACFE31A
:106E1000E7330A01F3E602DF0F03E00E0E01E9EFAC
:106E2000FE02E0C627FA16000E0D1F0C2037E423E1
:106E300001DD080B01420D5211F1CD13FC20F1F4DC
:106E4000211405F4161C2708122603E7DBEAE2E901
:106E500003002006D107EAFEFDE8E004DB1203D7B9
:106E600006481BF150F3F81706EAE11C001F09E57C
:106E700018F9FE03E2E710F7AC4301EFEEED160060
:106E8000FAFF3330C0003305E7DC0AEDE8130917D9
:106E900037FA19DBFCEECFE7E5E12FF81BEDBBE39A
:106EA000A3F9E3EDEFDDEAF9F9D700070FE806F102
:106EB000F9FC7F08EDDA150019F9070EEEF9FE0F5F
:106EC000EE0939C024F0EBF6E72DC70EF6C60A121C
:106ED000EDD5F3ECE22D2320E615E0D2D1C8C5E1D3
:106EE000D018DFF4484D13FECCED27D5000226075D
:106EF000F306ED48F31DF9D3630BF7CB00F1920BCA
:106F000005BAFDF61ED23A6B9550119CE1F4E900EA
:106F1000D3FD1145E90009421486CECF2F0A13088C
:106F2000031302EB98B1FA2003C4814FEF5CCA0847
:106F30002A092DFEFAF6011CD0F4D3141808F2E940
:106F4000E8EEE503E416E90011EB28D2DDE11AE4EE
:106F5000D1FC30346CFB0C2FC5D739143A1DCA0450
:106F6000252814F41EFAC732001401D5F51FE9FED6
:106F7000B4FB4616E50133001E1210415931E043BF
:106F800007EA6EF00ADFD5EBFE46B93400044ED4B2
:106F900055BBF71C203A2BB0081FB242A5EAE1000E
:106FA00004F2DCB8C6002A2F1AB2F5E517A8FE2DA8
:106FB0001CECEBC980601C1C16E63DF4EC0AE00AF0
:106FC000F71910FEFD23F00AF9FB304534E20F24D7
:106FD0002CEAE028EF18220069FDDF1020F252149D
:106FE0001FE339240A10F7F50924452526032C133D
:106FF0001F55D7CD1F2E77A8FE40E51FEAECFAB348
:10700000F8190DA8BDF4E40FBA5BD8D104D12CC592
:10701000FCE918FEBE13C80B17F13AD900210BB9D1
:10702000D62BFB179FDE09ECF237160D06210D005B
:10703000A039FCD21500D6F9308FEAF536A5C10B80
:1070400001C598D8E9EE3CF2E0B1102DAB0FE2FBA0
:107050000AF4BD38F210E0D9EBDAD0D2B641FAEC3E
:10706000C307D6CC1701F100F05816710DC7F1E433
:10707000FB09E4016481260B24D6874AEFFD1D231A
:10708000E9A7EE11C4FC1417D2FBF735FEF0FF2F71
:10709000E108D7EEAD38F1FADCF2F3F7E1C9EA071F
:1070A00007F612E937132A80EB20F7070006F0CC29
:1070B000374905141D5C74EBFEC639DE4437C70042
:1070C00098CDDA01E20402190711E32C4B3609CFFF
:1070D000001600CA0DEB1BEBFD1CD6CB0AF0014FCE
:1070E000FC38E3DFBC28FC150824113E440719F4E2
:1070F000DBEDEE0FEC0AFC00EE11C9EDBE11ECF277
:10710000EFD70DFCDFD8EF05F9F1DA2E49FDF5F0E8
:10711000DDF64302AA0DABDD210003F1FD0BBEF944
:10712000D1A816D4290EF9EE14D21B0CCEEEE8C36A
:10713000FEF46D0CC8B7FFFD0702EAF4FEEFD7FBC3
:10714000E1C600D4040E1F16B1311C7F26FBF300EC
:10715000F30BF314EC00E71B1D015618A5FBDDFC37
:107160002916AC4CF60218D2E919D5DFCB090FF776
:10717000BCEA0E12172035C71CE5F9C5F9E3121E4B
:107180000F021FF8E62BF60009E304F81917261F73
:107190003EE8BC15E6C3E9F1BB03DCCBBDE6FB0E64
:1071A00017243BECEAA71BB80212062D36EEE8388E
:1071B000F9EDE500FDEBC5021167CCCDF503E5F572
:1071C000FB3CF43C62D14B45B50E41CA002D81E435
:1071D00019BCFAAFA8C91432DECB3BA52507400085
:1071E000BAD3C85B2D00D9BEAAFBC13321E80D4834
:1071F000A5D0BD8719F9D40FED51ECB30B37EEDDF7
:10720000CF32FF232F45ED0F202705F2F228E70D9F
:10721000F1E4E4E6D62BF9003528D7E84B3FC6FA6F
:10722000F101D68BC8147F051C23DCD5022DFD127D
:107230003CBDE7E9213102D6DFF8D3D60B18C921CE
:107240000BFCBF081EF622FB23ECA0F5FD040A533D
:107250000CB551FC37EC2E130405F2FEC8E96CECBA
:10726000DEE505021CE70FB029C2190115E4220072
:10727000CAE4F77F31003D0C102A0308B5CFC10ED8
:10728000EB422C2D13F5DB2CD51C5531FD20D7E21C
:10729000D2171FF58E07C3FA0903E8E405EE3C2C6C
:1072A000EA05F821CA3903000B06CAE48D39F60D48
:1072B0001F67FDF4D105DB116917170203EF35F4E1
:1072C00015E2AA91F7EAD7220FCCFF3826200A1838
:1072D000111E3B16A50AD107EF08E9B47FF2311859
:1072E000F202E0E23DFE460D0B2924D600DAF01052
:1072F000D9CA0B280606C017209F13CEEB01120037
:107300001DFCFFF0D9001B34E5DBFE301840D2E550
:1073100066E1DE50BDBAF3420DB4A113CF1518C219
:10732000310B371A2B083DDFF8E9E2CEFCA7413DCF
:10733000D41A2C4A09E7E300B62F0DDDC905CC9F0E
:107340000ADEEFED268BEFCFB14F77FBF5F6BDE60A
:10735000D9F400FEF402E6FFFBE3D57F2EE3FEF353
:1073600039C52FCEFF23120A1D31D802D8FFA0F84D
:10737000F4E604103D28E0F808010F6300D423B2BE
:1073800020D1E9E2ED2911E904BBCCCEEEF20200F6
:107390009DD8EC1A52001DF61421FBC112F41610F0
:1073A00013F9E9043416DBF5D2F6B4AB15F8E32E85
:1073B0002AF611F231E00704D5BA0DF30E1A21F4C2
:1073C00009F516F33DF4F00030330347E4AB36041F
:1073D00016E91C06A4B53E0ACDDDE3152AE9A3EFA4
:1073E000F51901F4E114037FFC3B205F06CDFC2A74
:1073F00001EB3A19B6E636102C2901FE31E60BFDF9
:10740000D9BC22B55BBE4CD0EADFF3080036F5FAF2
:10741000F5F705080DBEE12735CAFF3C14C4CA00C4
:107420000F0C3ECD2C0010004CF50D0849DC070276
:10743000E653163DF421E20EB314EE1545E4E41DC7
:107440004304F4FA48CF12F2FDFE19BEDD0CC8DB8E
:10745000EB0A2100FCE30F00BD1F80DE36F6072695
:107460002001981D703707F92ED30518FD1E0D4E0B
:1074700028F408CE1A1C0FF9262F1CFF053E22DE29
:107480005549EEDA32FAF30E02D5CA1CDF1853FF63
:10749000E43F28BD0965FFF9DEC93DF200BEDCF816
:1074A0000F7FF507CE76020515D4EEF7B12D10004B
:1074B000780138D5010019E106321702A0E4DE0F89
:1074C000F705EDD91C1E2E0BF92A6D120EFB914209
:1074D0002BCA0F090AE9D7F4F55018FC15D05950FA
:1074E000200E3AC6F60EED00220880FC1B14F1E7D0
:1074F000493CF513B8E7DDF7F8D112E70BFAAFF323
:107500005E51FBC528440237F0E6E3C2CD0DE035FD
:1075100021381923E929191DDA11E10A13C00ED205
:10752000DE1A19F3A810D8DED11AEC2200040226C4
:10753000FE30F2FB2C04290B0ACDE93BCFCCF8003E
:10754000104E2228EF00081B24DBDBF4FC10078020
:1075500022EFA92FF61F2437FB3955F1D703ADE9E8
:10756000001902CEE70C2E37FAE1EAFA5D64F7DD86
:1075700005F7CCC6E40FEF00F0F9F5E6E21AFE0BD2
:10758000D6F6EE1C3CCC41F4F83D3FCEECDC46A2F6
:1075900002F5091E020611B5B5F5BF251BB7161574
:1075A000040CE2FF609A360CF8F6EE745F2140247A
:1075B000EA33CCCA7F03ECB4C11BFCEB00E10AC880
:1075C0001F1105A3D5190F30E12CF01B5ADE1C004A
:1075D0003F31DD87FD001129E9D10D47AF03F5F7F4
:1075E000F7DE0522E353BEFBCE05DAF4D9DEC0E3B5
:1075F0000162E9CA0ADF3ACC2CE309E2FF2020ADA0
:107600004D28EA2AEF3611000A12942DE31006F4F1
:10761000A11327C92E1454073F4BE7FED0F8DA1305
:107620001DF6EF41DD00DEDC46CA0911C119C2E4D6
:10763000E35761C0BBFCEFF23043E8EF09FA514178
:10764000D4DBC611E3E40BC82EC6C6300014C9E073
:1076500070D3FA0EF60F1FFEEFEBFC0BF7EDF50003
:10766000471724B32B00E3F214B111B31FABF9A0F9
:1076700000375618D4E00DC78EF315073A41F9ECE0
:10768000DC1616A2E1B8E626170CDC0AC9169BB276
:10769000D3381AEA4941F300B14F1012CEDEADE102
:1076A000DE80FB18D04613011E292242B70CE5CB21
:1076B000F14D130500CBF0060D39082BA7DEFA04B7
:1076C000210DBB0EDFF025F51112CE0019E98BE874
:1076D0001BDC1BE8E8FB02D714DFE9E40025F2001D
:1076E000080E02EF0D4EF206161BD609F903DB0059
:1076F000151511320400FD0714033F13DE3AED3B6C
:10770000B820FACAE8CABA05DA0421D780D01FF82F
:10771000094E0217F5E007255509D510CF4308FD9E
:107720000C16D4F2001560002CD5EF06B3D4F2F994
:1077300048CB43173CDC0F1F0E1EC81B13E19BEA0E
:10774000DBFC1B1C27F1211DE7E7FFD9E81D581BB7
:10775000D426DFDCFCF2E4F20ED4EDFEF5FAE8EA22
:10776000FAFD18F5107FEB060A1FD9E300E7AEFB20
:10777000F865070123DFDD5DF719E829F0FC060055
:107780000BEAC01DBE00B3F5D2FA114CDAED1FDCD6
:1077900034D015FAF33CD2F0E0DC17CEBF1DC52380
:1077A0003CAEEBE7E4A47B2F0EFF33D211720D2524
:1077B000E4F9CE14DC1BB600C8D806E92402151D76
:1077C0000D1E1BED09FF754DC82FE3511D0339FC3C
:1077D000C6E22E0E050923D80913F34031FE0EEB45
:1077E000360CC9B806EFE4DEFF05E4D5F5C8B506EA
:1077F000FFEEE90DFF12E2C3F4EDF80600DDE4FC54
:10780000C6FC0B0CFCFE7E132324D9F5D5DCE50069
:107810007F0708030C000E2C0E2409F406C805127D
:1078200011F02CBC06DC1BFCFF0911D5D41316F992
:10783000F9DE0CE0DAF713BAABE215E11C0EFBF847
:10784000E0EEF317FAFF370040CE2F05BD25C60D39
:10785000D7C422EC3600E30CD91EC0F2052110F08B
:10786000B2CEF4B8F72A24C6F1E4062DCC082736A8
:10787000CFE69EE9E0E4B20403D916E4D0C83B09A0
:10788000E9F932BA24F763C647F7DD4D0010050366
:107890000131DF184F7F0323C047DB4DBEDA2300E1
:1078A000CF32D185ED00192016E50F23154DBBC54C
:1078B000DCFD167BFF045006F1D5B610C92CDCBEEA
:1078C000E5E4DEFFDE11F8FB0A1B0FE3F1E487E3DA
:1078D000B507F40CDACF0A00DDF21ED2955127ED80
:1078E000F340CBBE02AFC8B31BE818D4D5010BDB05
:1078F000182EF72906060A07C923084CFFE4F529C4
:10790000FDBC1EF91B151BF4DE22E437F930FC0D1B
:10791000F5E9F6F42CF2EECF462DFABF000BFE1778
:107920002AC1F5DCFDDA0EE60412E0E42F05FD00C5
:10793000F7CFF9ECCD002EDB0050380300FA07BA80
:1079400013DEF329DA1405021A1128CD2A1BDF16DB
:10795000151E7F12EC2405F7CE19F617EFF8030F6A
:10796000D112050B1419FC00F2E30304D1D0F7E89F
:107970003AF6060AEBE2EFEFFE1EFEFFE41219569E
:10798000CADB9DE9FD09E5F829F1CEED65060DD0CC
:10799000293D3221EB8F1F07FB0AF1EAE3C3EE1307
:1079A000E33A09E9FAF8DB1AC32E1C4D00E5D905C4
:1079B000EDDF0096DB4A08082306074F13D82300A3
:1079C00052B9FD81DF001805E73F94EBF2161D74F4
:1079D00013D4B13501F6F7D44F0112EEF131099706
:1079E0000112D9BF09D00AE5C7DAE6070126E8D6B1
:1079F000F1EBD2CCD343CB00F911B559F3D318E84E
:107A00002DE220FF0B45C3D02CD7E107FAF640DA70
:107A100022E5F61BF5D823FF4035E5341010CB9C4A
:107A2000D404CC17FDA7E8F728FFE0E733F71FFDE4
:107A300007D4B7F4F8BC1815DE24E3FF00F3F0ED2B
:107A4000ABECF90B171CF613B001BF09133F0C0088
:107A500067E5CDEAE00045EA1CBD9EFC04C304E2F4
:107A60006D002612DE62EDFC571023DB01F21B3F96
:107A7000FC4BEEF72904FDF8D833D2050F61D2FC98
:107A80002216CAC6B829C2004A54DF08B20ABDE3AA
:107A90002510E4E40DE5FBA9BD3DD6D7BFF5812552
:107AA000BF152713E31AEF03FD05FA081E4A29EB59
:107AB0004A130BF613E7E91F17E510FA02FB34042B
:107AC000E7E734154E41E334E5131A18000C0D3086
:107AD0000301FCFA2320F9F2E423F01F36060D001F
:107AE000D1EC10068100DE0FF730C51B089DEDF9C3
:107AF00038E11429ED30E91DAED5E9F9D4F824D1E7
:107B00000029FEEF1113D4C4E5DA30D1E6DA25F30B
:107B100010025B8C01240700ED2CED0CFEC7311523
:107B2000CDC6FB1FE2F42A09C0F20BBBD221D4EB75
:107B3000F542111E11E92A1129CC31EF3CF70AF563
:107B400014C2D3D0033E0D07250943F6E607CBED5B
:107B50003DD8D0CD071809801CF4F81B00F8FB06AF
:107B600029F103DEBE050B050A9D101A183CCC0056
:107B7000E7ECDD34FB00090A1FC02A04E7DCF5F05E
:107B8000E5ECE6ED1D1E19E4FFDED7FA50E6FA8FAC
:107B90003DF904C300CB170105102223FEE0A70D19
:107BA0003314C3F613E9F50020140600101EDE0797
:107BB0001900231709E8F3E8EB0F13E41812034543
:107BC000F08EBD02FBB2C12704A9DE2F0E72D9EEE2
:107BD000DEEEDE160DD5EB07034F9B07E7164A399D
:107BE000B6E7151947081E003EFD1B67000E51ED54
:107BF000E029FEEC1DE4093B0015FA803D4ED9005A
:107C000001E800290400D00D41DAF9DFD419C80DCC
:107C1000DCFAD018150E070C1CE2654508ECC8D438
:107C2000EDFF1A373BD24A0600620CE0FB2469459F
:107C300023FBEAEB054D0E0029E0C2EF3B23ADEA42
:107C40000514EC0F2A05022837300AFBDA090F1F4A
:107C5000FAF8F6D80AF8040213FDDF0215FF8110C6
:107C6000F413EB001B1533FFF2EF0FF7EB08FEF0F8
:107C700002FF0FE526181EF63001F2C800E39C1043
:107C800007D603FB0403FBFE2301010D0E39280078
:107C9000F10A10D6EB00E4E40815EEC30D09A2FBCF
:107CA000FCE2FD16101BFC0FE4220CF0F2DC2709AD
:107CB00086020E0117DD11F3DFEDE11AFA22FE2A2A
:107CC00019F7590820EBFF00FA0E12F7FEBD38DE57
:107CD000DD13FB0E05040A253BF20D19DB05F1FD52
:107CE000A51C160A4D09F88005C89502E90217E897
:107CF000F518E3F922AD1DFD011B3106DB04C507B4
:107D000031EEDE24B7C1DAF8FC1421FF000DD115E5
:107D100014E701173B00BA1918E0D602D610D900B3
:107D2000000552E81100063BF6F3E2D20C264BFAAE
:107D3000F22DEA1A1B0906DDAAF6DDE2E31239EF9D
:107D400018FBEB0F8AF93FDA09E0F81E0307C6E7D4
:107D50002DFE27EC14231400F7DC24FD1D0615E985
:107D60001E467A0713EBDCF2B3DC1DE0F116E212DB
:107D7000E1032FAAEAD90AFDBBAD0535EAE81B21CC
:107D8000C28CEE23BD171A2EC5DED2DC66EFECEEF8
:107D900000E33CF62C11F3FCDBB2B9EE00F6EEF496
:107DA0005423DCF60CC43821E50F2B21CD0DE00067
:107DB00081EDF1BA32002523D2CBA2ECA0BF2FB4C3
:107DC00013DE5DC3D7C901322726D8D3F218EA04DF
:107DD000D93302D6C7DD01EFE2FF04F7D9EC09225F
:107DE000CB1437D8EB1ED8000BAFCE68D936DE16D1
:107DF00006D9FBEC0701D0A433AE303D5DE5D9D404
:107E000037BCF9C637294545100AE4EE3DF1DA0AD8
:107E10008DEF00F62E51EAF4FD2BD3020600070683
:107E200010E7340BE6F0215F1DDF1E1600ED280978
:107E300005F5172929070AC9E41ACE013627E300F8
:107E40004B1D1B34FD000AA20368F5F60CCEBC6482
:107E50005823BE3626D72D2007B3B1D5F7DEED283F
:107E6000F01EE81E4235DA000D031CE8F91A14EA88
:107E7000D4093F700C3D7F00EEA5FEFEEB0A1E65A7
:107E8000F948F7023A12D828DD43E4CDE215B142B1
:107E9000DC041CE3EE2CEC26F7FFD72FD70C0C23C9
:107EA000FDF430280AE3EAFB0714FEF5ECCB2E0DB7
:107EB000FEF5FE171D0213EA081E06BD0035E4E5B7
:107EC000F4E106EB0A13B60FFEF52DF3F01DF400F6
:107ED000F0E1083EDC0018FB03DC1CD4C7E8FBE93A
:107EE0000BFCF414E6CA27220403EBF7F3E8F3D300
:107EF000150EE900132B29093A09FB011B55F4174C
:107F00002AFE2139021A1C00CD0A13F11ABEF01103
:107F1000E9D92F0711F7F3800800E5CC28DA070824
:107F2000DFEE180E1713D35A102F2D0339EC3FFE36
:107F3000FB055412F37F08F5421FAECFB103E5BA3B
:107F4000E2030A091F1DF02EE1B5D1FE0001040F66
:107F50002AFBF2E41234EA3608FD1800E612260085
:107F600043F8DCE03900E7110905AF28C9E0EEEC81
:107F7000400E1A02C7E207142CFED666FD2A9D02A7
:107F800017FD06E9EC0146FBA0EE07F3DB0012C883
:107F9000F3EEFAE32901FD00DE23E0D209DEE8E199
:107FA000E81339CECB17AED605E327FCC61C230950
:107FB000261DCCBFEA329AD32BF0E5A313DE18C1FD
:107FC0001E06E0EBDD2C29FB60FAD3EEDEF2DE517B
:107FD000F309EE33022CB20430F3232700C624F455
:107FE000D307F61B28332143DAC6DF150AC546003E
:107FF0004DBD0ACC1600C4259EFDB9F0200FE865E2
:1080000018082CF17F94F8F80C23F0F0B516C30E85
:10801000044F0726EB497A09F71B0A0DDA21FB0604
:10802000E6FAD818BC571600D6DC1A14EBEC1BE69F
:10803000FD00031D18F3CB40C2D0550118DEF60237
:10804000EC0C380C02E6E3EAF1C51AF826218EE6BC
:10805000E9E32005E6E9FDFD0622FDE4E10D1AF362
:10806000F806FEF87F0BD0FDB6F6E603000FE51824
:108070001324FA0909DF030913E0F6CCD500020046
:1080800013F3C61D0700354A3A11EE0F010286F6BA
:10809000319309F309DEEFF601E814E6061E28071E
:1080A000B1FAE2092D3EE0301EEFEF1802D1EFDA0F
:1080B0000CF5ED2818FC2900A4F3F71EF10DE9F7E3
:1080C00033DE0A1CFA0A05080A1A07D73F110F20E7
:1080D000B50F0CEA387222E2E4E385DCEEF1AA1176
:1080E000239DD622ED0360E0EEA81DBB1F20165293
:1080F0002BA5D3FAF2A731CC375DE0B200EE080130
:1081000074F8BA9E076D3A13E2E349FFEAEA020007
:10811000EE28F4CF7A000EC4FBF4D92206F6F8BCA0
:1081200028FF15DA36CE402F00D3161F3C1C7FF2F5
:10813000B7BEEC9AB8FFEC47DBC5E8C1192B10427B
:10814000093028D91229A100324BF0EEF7C60403FA
:1081500053044DE998D930E9FD48066CEBBF493E20
:10816000CE8511E3ED01B9E41027F2A912AAAE8B76
:108170000D4F19C014EEA3FCF5F0F6CAE6A24505B2
:10818000E0F4FA19EBB428F4B3D5F52500E978F555
:108190002DD51210E738A86B0FADBBAA2E09F10040
:1081A00057F09901EB00FBC53AC62F3319C4D65DD1
:1081B000081E2CFB074C068021FCC6D6E23EED12C1
:1081C000C79BFB1344172FE4DAC4C525F10826F733
:1081D00015F603E8D2FD150009DE0C362AFB33B292
:1081E0000C246FF4D779BFC004E42E12251D1F079D
:1081F0005DA71FF61E04FB08EFDEC5C6FA2DD310DF
:108200000540CFC0FA36FB030736F62EB42CEF1B21
:108210000620AD244915570B0A1F1C1300E1EBC8BB
:108220000CE2FCFF9AF1CBCCF4FA08DC80B7D30067
:10823000F5D8C90AEE00094214DF1614DEFF0BA8B8
:1082400049E7F304172512D850F4D05F17EE3FF535
:10825000D0D4101168D10DF357E5252931DACDBB03
:10826000DAF6DFB1E71504002FA0FCD4D03901EC19
:10827000F1DEECC55A0E15F6B18603D3A51153D71E
:10828000EEDEF5F4ED00231306F7E80C181A0D04E2
:10829000F920C1D8E314DE0C16EBEDEF0DEB080B63
:1082A00014F60A220800F8FA180D01DD00E1120B9D
:1082B000201C042CEA0B1F2D0F2900E3221AE400D6
:1082C000F61DF8BF090034F909100E0B1EF5130551
:1082D00009F5D7DB1800EB0628EC181F0F0C03FC80
:1082E000114819150601171813E015FF040DF31FA7
:1082F000E5FF0606FD0A3A00DDFD15020F814AD1B1
:10830000C6FFFFE2DD2222FAF607030D381801D27C
:10831000F112EF1A3622F70E240BF721E1D8F107FC
:10832000E30729EEF60402FFF5D433F612F5D2EE98
:10833000FE11E2FE6C33E10501FA00FA000A1009B1
:10834000FD58FDFDDD0CFAE9E7FB09FD0CFB120011
:1083500008F705E90600F9E81DEDED111BF980EDC0
:1083600039AFF9F3E5F711F1260616EA06F9EC0341
:10837000250E00F7AB0102FDF8DF0AF80CE5D9EF96
:10838000F8FCAB05F9F0F500FB1007021FFF1DFD1F
:10839000EF3F0E101F030CDDF104EBEB02FEE9CD05
:1083A000E413E8F732D31BE3FB300E04C8162DCFDD
:1083B0007FFA3D154210FD0703120A1F0424011520
:1083C0000700F31614021A1715E8F81600F40F0840
:1083D0003519000B1535E12CBB26F104FC200600F5
:1083E000FDFFF6FD2B001B130202303542CEEDFEE1
:1083F00021F20AD3BAFBF009D50A0CAEC9EB3B1641
:10840000E1D62B1EEA1F18F2B42A2A1C2C25F413DD
:10841000E3F62CEB23E74700BE0BEF0B0512E4104D
:10842000E404E3CE14F8171D0AC929192B04C8DE89
:10843000051104EB40AC05CFFBE81FE101050AD8AC
:108440002433EEE30818EDF7FFC918F2E12032E714
:10845000F22FBC61171D56F7B2CAE21B000F1E09AE
:10846000DDE8F2AEE724F303E7ED42FD3A14ED0058
:10847000D5BF2E1BF600EBF0DFF604B3FD200B2872
:10848000EA1A08C3F21DC9AFFA2D380A15192AF2E3
:108490001B7F200207D60DB7BA00E310F304AB210F
:1084A0002EF4383AF8DEBC00EA0CE2E6F819E903EB
:1084B000CF0C074333D23103E340C605C21CFAE9AF
:1084C000D1FDF1BCDDEBEDB7F9DEFA3AED023C0B84
:1084D000DADF2A030DDD2AEA1A2D044D15001429CE
:1084E000F1E1560738FF3A23081906E102E80418BB
:1084F000DB3A0325CD00F4E8118D0D08EBF02C00DC
:10850000E12F62F6E00002FC171611DAF6C7EB1055
:108510007F0E340E0018EE24FC03F80FC9FB47EA67
:1085200036CF04F160BADD19F6E9C00309DC34E89E
:108530002DF5EF372CFFE9005BE011D61FE5F6DEE5
:10854000F2CEFDBCE7E9BC3EB1190E28D5133EE3DF
:108550001E31BBEA17DAF0E0EBDE2C2AA319E3FCAC
:10856000F2E6FFDCD3040FFF0017560220D40AF313
:1085700005FEEF2403E6FFC3CC2C11F5000701E450
:10858000FDD20D3C180D09EED3E6FCD4FEFA29000D
:1085900007F9D4D12300020CE0F1E8ECFF2B08042A
:1085A000F6F74611151F0507FACE5AFDEC00080034
:1085B000E7F6CFDAE3CEB51C1E09ECEFDFCBBD0D3D
:1085C000F1FCC82BF3CB18003DEBB0DAEADAE7DCBC
:1085D000F93481E2F3D2181016FEE707CD1DF50E2F
:1085E000E6F2DFFA05081C18FC071E0A181EF01335
:1085F000FDFD141FD7FE0409CE090BECC4F1F07F7A
:1086000011F60C1522FCF913ECF7FF2600D8D0CE9A
:10861000E8CE01EE002EE2E4F50602222602F70083
:1086200029FDF608F200DFE5F70111DFF5F408F5A2
:1086300015E2E012EFDE1904170DF90E0612FD0A1D
:10864000110ADAFCF7F3DDFA25C7FCDFD5EC3BDED7
:10865000F502E50D0135F800D0DDFEFCF3261EF82D
:1086600001F6CADD15F41D03ED001B2621FD122ABB
:108670001AF0FE1642FA75B1F70BDC2D80E31FEEFF
:108680001DF9D7EA2B932A0192EA32F00C25EF5B11
:10869000FCEFF7EDC3033014F6160AD300EB065BCC
:1086A000F71FFEE531DA3BCDD7EF395F03FE0E0051
:1086B000B50CCA3AF800200D4B13C460D4E61F1164
:1086C0002A360AE827F323042AFEEA1C31CA1427B3
:1086D000DE254AF60B323CADFCF60BD413E2CC1C83
:1086E000FC0B0EF09E495000B7D02ED3F553E41C7E
:1086F000FF1719F0283BFAFDD7052AF5DB2AF9EE1A
:1087000086070000D5BCFFFFF2D6FFFFFDFFFFFF8D
:108710003C0D00007F310000DBAEFFFFAD470000E5
:10872000F813000043420000C11500005CF5FFFF94
:10873000A52B0000FC18000087B7FFFFE5CFFFFF67
:108740001B0700008EF8FFFFEF2A0000D20900008F
:10875000A2080000BA1B00001A3C0000EDE4FFFF75
:108760009323000033290000CA0200004E200000BD
:10877000DDCBFFFF8C1500007F1400002972000084
:1087800038BFFFFF510D0000C7F1FFFF8FFFFFFF54
:10879000520F0000F90500006B2900002539000088
:1087A000CCDEFFFF8B1D000017DCFFFFC20C0000BA
:1087B00078EFFFFF3D350000B50100006EECFFFFD4
:1087C00028EDE921DE922A52B7B60202EFF5DC1657
:1087D00014FB0BF5E4FD20290F1C22BCFE0F7F02C9
:1087E0000D0105301DF4EECCEE41EAFB082C4603EA
:1087F000BA20E22D06A4CB64F129E421C3343FE87A
:108800007FC86F17C8D708BBDC2EAB279F35204623
:10881000EDF3D2400E33DD0AE023D1D2302AB37615
:108820001100FE1300EBFAF40A28D90E1B054E299D
:10883000F01E0E0CF5FA3D0B25EEF97FE6C9121C71
:10884000FBED060405DF2EF009D7F318EA16EEF962
:10885000DB23F2038052EF0F0B4E12ADFC3FF1AB66
:10886000E6E11934FA49CAE3F4C70C00DBF6A021AB
:10887000FB0CAAC90EF64A6340B1FEDC2927E9BF0A
:108880000FCDF528C8161EF0F9D849157FB4ECDED7
:10889000D123FDDC32F04EFA3B1CB1BCEDED170CE0
:1088A0000B04205607F5361E133A050E1E630BBF48
:1088B0001F37A01BC81BC8CCE01D0452816C1C3F95
:1088C000D851D3D9DD439BFD441E104A21225D229D
:1088D00029D5BE1B31981BA5487932F951BA11042C
:1088E000E20BC9F9EF0EBE0CDFEE13CF352D8CD0A5
:1088F000F114210D2BE307CAAB5BF53AD4451D0FEC
:10890000BCEDEF1F427B4C43801C04C5B434F1EC3A
:1089100016E2E35571ECDD26FAF7B5BCE8276B22C9
:10892000E73C1B2673DFF8014CD71C76431B547EB3
:10893000FE44F200E803DCD40617494CFBFCBBD52F
:10894000F1DD032550D3DBADF5F2D23FD5041D8D0B
:10895000CA18A9E20740E2D93ED0FFEDD3EACE7FA4
:1089600017F2CB25B3F2FD01FF555E2069FED4BBA3
:10897000DBC9CECCDABEC739C72C2ABD582DD8C624
:10898000FBF8BB380A35185221061880CEE5F826C8
:10899000B4C825055EFD0ED6082A5412B31B00BBD1
:1089A0000410083B20DEF7D809FDEBCBC1E41B0621
:1089B0001A1229D2EF270FE1CC31DDE3DCDD2C0CDC
:1089C000E4460132C9D5E113467FE02E0D2EE92B96
:1089D000F6CAC00F2AC030677F2CE45E62E1C8E1AE
:1089E000EDF2440DCA26C00392EB10CAA5FBEB1CA6
:1089F000A11B00D7F1DEB4F726FBAAF2E9CFDAD14A
:108A0000051716285A15FC09F3E2D18812ED1DFC52
:108A1000B7151CD8221C315B388001ABE5FB042B59
:108A20003B272C2ADFEAE207F84BC42E0951EE104F
:108A3000EC12F6FEFBF106E1E7DE06090AEFF62787
:108A4000CF0314E50234E4C37FF6F5D215171EB543
:108A5000261B2C4335C813B12702F1182A37CED470
:108A60001E2711EEF5370AA0122842D30B14190F56
:108A70008012E9D3D6F6C70F25F0EE8B4A6B39CDBD
:108A8000FE6CF65A9AF1FE57CF942FD9EE2D0F2D8A
:108A90000EDF20C21B1A1F1D07042CC6F4185BF042
:108AA00006FFC5202114FBB929D93FED4BE7C821AA
:108AB000EBE6FB232FB924012C4FC0057FB6DACBA0
:108AC000D63CF635EFB0ADF9F1183D093D20A617BB
:108AD000B3D27F3B88A3DE1CAEC54D210702EF2336
:108AE000D953DEB1E121AD2A95FFDEDD9FBB3A7798
:108AF0001D172722E50A06FA17FA5F81202A58FB7C
:108B000006064237DE17E5FFFB0DE86969F0360619
:108B10001A3CDCE22FD618F3FDD9C7C7AF00041CFE
:108B2000FFFEFDFB20021311FA0504F528F6441799
:108B300003001DB6D2D30BF030F3018147D9DC041A
:108B400021FB0CE9F90126EEEB0AC6F8F0F5E9097C
:108B5000202C1AE43137041FA0108DEC0D04154EA3
:108B6000F7E40A6D0AEED0BC0603E9E35DE4B3DE88
:108B70001610DFDDE7D026518119E9BD44F60DD589
:108B8000EBE96781E5D3C8A5E00BE84662BD29D8CB
:108B90003ED0BDBB0D1EBDD3E61F1D1413CDBE348C
:108BA000BB2509F80DFE1ED63BD2D3FB2953CC3191
:108BB000D3177F5B01120A17DB51562DFA77E71B9B
:108BC000F81D052714FDF2D446EC12E0F6E72096D6
:108BD000E8E3F51D21FDDE1A340C073C1FEF2BB135
:108BE000F018DA2009C80C042B140430F525093FCD
:108BF000D5045B380212F4F2FB171013EC0AE6649A
:108C0000E8960EEDF2DCFFCF0EE4F33380E41707B5
:108C100027FF16060EB12353D6EFC5F5FC5BFE31D8
:108C2000EAED2023DBC34CC7E90020EE25E9FAE694
:108C3000211EE6E781CB2C12EC2400E1ED1006DDCD
:108C4000D7DC2CCA079D0D81ECB627F81030313ADD
:108C5000491847FB3A2D31E2E0414318F4D1F7516E
:108C60002BEB1E20FCEC22F03E2B1600050ACBCF8E
:108C70003C14ABFA1005462511F518B225524B24C9
:108C8000CD5D5687FDE081EC1019CAF350D8F71579
:108C9000F29C2A020711DD34F14944B34713B802AC
:108CA000EF0C00FEE5F1090614F0F60E22FAFE01C3
:108CB00020F029E82204FE1923B910FE8100D5F026
:108CC000E726EC35CE2FD8210442D9BFCF1E0BFDAD
:108CD0002FB912CAB5ECDE6C03EE1E12DFCAF73BE9
:108CE000EB3E179BE4FF1D250C7F2B050D3010027A
:108CF000CA0616CFF5C6F107A3E425F338021243DE
:108D00001808D03FF90B08CF25233A0DCF2D9CF53D
:108D1000000EBEF30ABB1F2431E4EF353411F7EA2D
:108D20001AA61812CD493E07AE8011310B8927E6ED
:108D30007D0EB11B21D11DF31937F2EB8B0D19C13B
:108D4000EE22133C1F0324355315DE0EE7D61363C2
:108D5000C00306CEFEF2E316F07F0928F12A0CD8F4
:108D6000D9EAC3D3FCED15FD4D32CDCF39F2C8356C
:108D700099FC2A3598462E0468AFF29F06B0240667
:108D800012B2DD561918E7795DB50DECFFF87F4496
:108D900000000000000000000000000000000000D3
:108DA00000000000000000000000000000000000C3
:108DB00000000000000000000000000000000000B3
:108DC0001E170036E8DCFF7F4B35D8FD4947E92EFA
:108DD000E4CB1309F5C01E2C343A012914CDF0F66A
:108DE000D7BBEB8B1272DFDDA3B5FFFFD7E856537D
:108DF00008F4F1D945C9F4DC2D56FAEDEC2A4B08FC
:108E0000CF1034FF117C799B1B07DB77D980D8D832
:108E1000B5F0150A318D220F1A15E414853A0E1299
:108E2000D7C7E1CAE0DE030FBEE1419E0881DB0740
:108E3000D8C92EEB0FD9D628C835DE2A5040037486
:108E40001F01EF0520DE30B6F0164BDB124719018B
:108E5000E201EB1EDCE4FF46D40A13327F74C6ED58
:108E60001A18EFC5CD103A56D6E0AE112312E758C6
:108E7000E952DA90A831AFD79F19DDE6BD0A3D4926
:108E8000323015E7EF924EFC06F9C8F3F32517D4FC
:108E90001AFEE803B5D010FBEF325F426581F5039F
:108EA00007E30F4351F3150C15E21807BEB7F5D4CD
:108EB000F213E4F13F53DFDFE9E71DCDFCE9BCD05D
:108EC00031FB29F6FF0017F5E006377F0937451B10
:108ED000E53E1ACA010827FDF811EF22D446D3F067
:108EE0000000000000000000000000000000000082
:108EF0000000000000000000000000000000000072
:108F00000000000000000000000000000000000061
:108F1000E1112D02300022FBC112CD1611EC1041DF
:108F2000E8E2FCD8B010D9091841DE1513F0F9D2E7
:108F3000D3067FF542D611232CFACEF2FB1722F38B
:108F40000ED2E85B14D63D1AF5E4CBC6D11CED1168
:108F5000F830D9DBD9D700D767C33FA4B332E2EBEF
:108F6000180E481410800D0AED6B2D16CE2415072F
:108F7000480EF097F711F5D51608DD1099F20005A7
:108F8000040D0AFD495FEAB3DA57062C98802AE1FE
:108F900088C10029519DD0003A57D2DFBFE586D85D
:108FA000BECEC224F109C8FA21B6D8E85E353AF03F
:108FB000D91F55DBD011E8513308C42BDAF3D3C3E2
:108FC00054C27FCE07C52224D32ACB28C2C531FF85
:108FD0000BB425D85A3BA5014D2A10740F48132B0A
:108FE000DEF4AE270332062C18E70774BC13E9CA77
:108FF0000D7FE5B541FA2AF141C2DBFFDB291412EE
:10900000F8B0F731B0F61C1E000206310714B4ECBC
:10901000E629F6FA6FF10619D74C0E1FFC3D81D7F1
:1090200028E408115F18291AE12400C7844AFD5377
:10903000FE199F3E353B2DE4CAFABF52D22CA9FB44
:10904000EC1AFB1C22FBDB2EE002B87D552CFEA4A3
:10905000989BA481246C1060A2CDE321DB91F6C81B
:10906000F10CA338EC6DE5B82B05FCD548087FE979
:10907000D6385DD52F1921353DB706F571E604E1E7
:1090800037DD5822B9BDEEF9FCF5022523CECD67B8
:109090001F25F5C00609E9ED8145FC1A16F904D62D
:1090A00033172330F301F23FA0E9390404DA4531E4
:1090B00040F4C61DF0AB1B2A392410FEDFE6D9E4CC
:1090C0000627F202DFE61BE2EFDD1CAE0455D836C0
:1090D0002F0B0BBA020C3A23063F3BF43D140EB2A1
:1090E0002D9EE3F2C4F22711810820B4E6D8F4B231
:1090F000F4D4C110DC42CE0D00CB2CB815C308F55A
:1091000009EE160B332414BA2C0FFDBA9E7FFD30E6
:10911000EBFEF7094BC1C9BB36FBD6F311220E306B
:1091200013FE07D934DE4301F71BE33D3634F2006A
:10913000FD0F031B1D403FF8D818AD050C2F1B1B5E
:109140007F0EDFE837F22F11FDECBB4040E433091E
:109150000D1B00E50503F487B9D5E528C9E52BCC3F
:10916000F33C11DE194734F5FA44112F9B8016E2C7
:10917000870BC60321FDF41DD624C5F62712D6DDC4
:1091800022011907F2C50E1B1BFB0FEA2B0508EE87
:1091900003E52E15F9230BD4F334F880C12B08F81E
:1091A00000FEFA02FAD2EFEDF94DD816E81DF6FAF4
:1091B00000001F000081D30000000000000000003C
:1091C0000EF4000000000022000000008A10FD00E4
:1091D0000000000000000000E3B20000FE000000FC
:1091E000F20C1013F61E2AFD0DF817E4E10FDE0055
:1091F000F71AE9E320FE07D4F30400140C1F010A58
:10920000C5EAEF0EDA1AEEE981E511F60EA91DF6B0
:10921000EED84308F1E0250D49D12CEC2E20C7EC07
:1092200038D40CBA16FA202FCD130D811B2139FC2E
:10923000290AFA511C16E1DC089009FEEFBE302322
:10924000FA1AC812012213FA0AF9133C0B0827F87C
:109250001ADCFE3CE20EEEF90E02DF445D08FAFD78
:10926000E41D111D6AD84401EF7F0BEB6CFBDBECB6
:1092700019E1131B290BE8051719F007CB0EF7C3EB
:10928000E60EED0F1A0ADEF82415FC4480D310E632
:10929000302C0A10FA232A12F311F7D8D20B07D573
:1092A0005BE80F2805E7FD281BAE42C4C0E070F65E
:1092B0003EB02F10F12A5FDEE2DAE4102906F4FE58
:1092C000DF6602E90C48BE80AC47B4E7F73C34EEF9
:1092D000CED0FF1DEC09A0E9E7080CEC2CF7A5396E
:1092E00047CCC1F6E730E20A1AF0EDBF230E202189
:1092F0007F35961AD0020E0AEF1F1306040BFFFFEC
:10930000D9EB401105EFDED337CC16DC178D20B03A
:10931000EED671092908081C01FAD4E8E138F2F800
:10932000B6CF26EB4948267F1A01FFFFFEDC071B5C
:1093300006CCF2E5B2FB1E0B4400B01747EB1A1740
:10934000AE20FA2BDEF4F7B70F963C20808540E77D
:109350002508EBE5BB1B060AAF11C520A705EF22C8
:10936000E119F714F4E9E4E0C5DD0108D1E33BEAD3
:109370001E814020302B0135E0265430EC1FD1FDFA
:1093800057032EC544CCFB253B43FEF6A64C1FAA33
:109390000F98EA061616DD02FFEA5C1A4A199A547B
:1093A00026ECE7D11817361AFD3D13C95ED7F9D15F
:1093B000B30A5CED31C23CC011A0CD19CD4630815D
:1093C00022FE113BF61426E461AF24B71E310F1CB8
:1093D000D6F415021BEE2DE81EE100137F2F1814A2
:1093E000FF2CD42ADC21EDEC3AD5CFF2F14146E551
:1093F000580AF0E6D6CA1F4AACF714FC4120F2FC2A
:109400001F01757FE496FC15C8211D42ECB41A3E7D
:10941000A21E21B33DDED632D70EC4010B21431666
:10942000F0E3C9E5F661D26207F7CE08D2EBEFC1EF
:10943000F62CDF52F2BC1426BCE92BDEE5EE2962E5
:1094400023E6F5CF2D7FD8E8EBF5FD23EC1C52CDBC
:109450000D15FE03E8B5D842E8210D0E332666F758
:10946000EBC01FFA0FE0EEDBE0E7DE30FFAFA87FD6
:10947000FE1509D11DDE19D7283EBDFF4D5D0F5DDC
:1094800098FC32DAD9EBF11AE82C37491022D3BF15
:1094900033ECD1393C59362DF533F081422062E965
:1094A000DD23DDF1AAEB36A1051FF0DD2412FE4B12
:1094B000E59195B5139AFBB42881CFC483C8FF2BDF
:1094C000F91E3EE6EED71E11DABDEC12E446CEFDE3
:1094D000E3D3160FB7FA0A2BCDB748554726D2DA91
:1094E000B536FCC30BD11863DFDBE9ED0960065D1F
:1094F0001A06FAE6F5E23412A27F47FF13EFFE5593
:10950000A91461DA2351C631A923C4FAEA11651FEF
:109510001328B6B30F2816B5E05F102AC7260996A0
:1095200038FB21E626102CCD7FF237D7ED0511044C
:109530000510DCF029CB32F03BDCF2693218BAE5D9
:10954000DA61F22E9F5BE8362D17B0EA4427FFBCA4
:10955000E73BF7161058F7BFC3F614EACEDC22102B
:1095600032A9EF1904C57F772621C62418CB050937
:10957000FDAEFCE70DC116F2D21D582EF95248D2AD
:10958000D90362F3F106F1C87F24306292C1116BF6
:109590001A27ECE92C284B4253E92C00F1366FE0F6
:1095A000260A50F0FD09D1EEE51DA6F60AF5EED526
:1095B000CC30A91DFB5407F414070DF9E0A40BDA15
:1095C00080351200E610EBB7E539B8D0071E1BEE68
:1095D00031380310F1D303FB12BCB58C1E78F79D14
:1095E000B11DFA3CE7DE32418160DB343307FC49D0
:1095F00030EEDABABEF309DEB70723F4CFEF3CBC96
:10960000BFF70B14C40CDEC8B1B8DEF62107E4FFC7
:10961000413BE44E0CB901FCBDFC2EC8150F02B64F
:10962000025ED01F8580C46CFF3A1BDC5D1D1D925D
:10963000DAE5F2DF55EDFF1A294A1B2061D91AEE4F
:109640001E01DAAE02BA31C61320F5238105D31DFF
:1096500000F967F88BFEFACFEF04EEC4029CD30C3E
:10966000E822DB2B0B2018363C1243F6344BE8087B
:1096700030E20FDEF151E6053B5DCDF005FDF8E887
:109680000000F6DBD128E2D9D97F12C3ED21F234F4
:109690000AD3ED28EA2F1322E3EF6AEFE47F212BB0
:1096A00029D24230019A45500D1219FDD75FFB2790
:1096B0008AF706F747DE4D55D5FFE57A3467FA1B82
:1096C000ACD6143BEE5A19C2E6403B270B2B97F75A
:1096D00005F52C1EE2EBF13525380009DDE8E6172B
:1096E000CAD039F5DD151D1880115D290C15DCEA8D
:1096F0003F19B6DFE3A821E4760DBE4A748DDAE4A3
:10970000F4C2E772302A11F4FFE51BC0BD1DFF95BE
:1097100080A3DFB2B754DA24427634DEE349C5CA07
:1097200009B800EC1D10FCFD3334EED27FFF1900A8
:1097300006FA330EE0E105DF132652110DC13B316D
:10974000282F023D3442EE0ED2DB21F0C02609EF75
:10975000DED007004FC53A16F50FFE0FD5C2B4FD97
:1097600026465BDD0CEE10F02229FDA2D236C2A9FE
:10977000E3F1F7F77A0401FC047F03D3DF1809DB78
:10978000D7DC243A070CBA29012A7F2E0E15B9D747
:10979000E5A7F4D7ECC60AEA3C9BE1FBEA1BC2361C
:1097A000D94137D61257AA38BE03E360F0B7045246
:1097B0004D13DF31007FF3FF3219E4E6F2D600CB20
:1097C00014DFD31B039B23C7F6DCE5EF2723F1B897
:1097D0003303EE020F161921FF321B1831FFD8B3E5
:1097E000CB41190212EBC82D2301EADA6923AFAE8F
:1097F000055010E6F94EF32A18E933E6D3E349C5DC
:10980000212DD61E11F1ED073C7FDAD6214CC7DEA3
:10981000B7D93BBEB8E81B5F320410164727440790
:1098200069C51DCAF70F347F823D0312AB25C030D6
:10983000B318F9FFF0262120F84A11BDCF03FB1819
:1098400050F8D2F82633E1BDFB0C2416EC0FD230D1
:10985000812223C9B40E5815D316092AE9F21A0732
:10986000C5F7F11BA9B1C03D1AF4FA35F0B7F84BB2
:10987000A1D8DFC019FDC028D82A27526F259B0B1D
:10988000520C5FB9E0E026D9F34314DCF410D8E4BD
:10989000C46AF4CC0F7FE60BC9B611D6E5FF41CF01
:1098A000FB023824F9AAC6092914F6080FE2F1FED2
:1098B000F9D54007D3543DEFF9E117EE1023EC281A
:1098C000AC10F97F0CEA223330D0E0F333F8F6F530
:1098D00004B1054F0D6563FC25677480E8CEBAC0FE
:1098E0005628C3E4DF47E594B50B15F846034B242F
:1098F00002DA05E6AFF12B79EE048FF21239D8F9CE
:10990000E7D4E2E8E0010E06E927FB03BE1716DB09
:1099100017FBE23EFCFB102D17EB0A2F06263F1A21
:10992000EBD727E6A4D61EE61D802002D6E7D11984
:10993000F9F22720CDB100C7E9CE3A28F02AFAD2B1
:10994000F8CD37CBE12922D81E3F10E9E72294C495
:109950002FFC49EA9DB4F30ED11ADA30CE80EC2305
:109960002BE14CFC164D9BEEA8141D03F231AB1FEE
:1099700011E2CFE1E1FFF6BD29593D0707ED3EC5F4
:10998000E41121E31FE3CB09FDC00532E81281B3E6
:10999000DC1B1DDC29C4B03A060FE8D61322F8D12F
:1099A000F4F90423EF495A0CC144E537BB43F716D9
:1099B00007F9E5711884EBFD7FF2A204D60AE05C9A
:1099C000192F0FE927BC103B23052705304E04292A
:1099D000A844E8F31A3ADCD3FEC651018612E4FC2F
:1099E000050506581CFEDD1F8038E3C8DB56FA0E5D
:1099F000D3252517EAD88C4099503EB62B3FC3504B
:109A0000330D011CEBCB310EE12B37E7D3D0201403
:109A10009823DFF17FF41B0754E11DF6A2C13F3705
:109A20000AD2119AE2EBA23AE29B2CDA4951F5EF05
:109A3000E4E8F4B656FB7F0ED13535012F0C0A4011
:109A4000B720D3F91DD60CBC5C0822AEE1CAEFF1F9
:109A5000F7FAA71D22D2F5FDCCC023E50BBBAF0C56
:109A6000263857314644110AEBF61B213E1DC1D161
:109A700056D7E0EFDEA63C809AC3D0CABFC634E416
:109A8000FB06DD2BF0E8CB0E4BADFBC8225CCD61B5
:109A9000BDF42112DCED491E519DDA11F613FFDAF7
:109AA000BABFE97FC4021FF51FDBAC4ECD6D1CE7CA
:109AB000ECD4F527DCF94FF6CA2DE6D0E1F60EBB63
:109AC000E11001E40B23017EF51FC42E113AE98950
:109AD0007F3F1BBFD56ABDFCD1F4B42F2913E6F339
:109AE000FAB77FFD41C85EDC58DF1E6D23210DA84B
:109AF000CFEB2FFF4DFAA7D920FBC488DF26CAF190
:109B0000ED521ECB3011E9BA510F194FFC1BDE4943
:109B1000EE1E3D16FBF21DE2201D0E0F4DE04B0325
:109B200001BAEC1C08EA00E8FE0EF67F89C8E207DD
:109B30001F1615FADD1DF2F7052923D7C9FC13D22C
:109B4000D80C1D44E1B2DD072C030AE50DC734E94A
:109B500028387FEFC8DF47229432EDE4CB32E70F9D
:109B6000C61803D1EB310423FC18C9C9E01F211822
:109B700039211AFFE00401011106EDFF30E106234F
:109B8000F8EB0608F7D71AFC222402D50FB218D832
:109B9000294618EB7FD7FBE730F905DA9DE81B145F
:109BA000B4361BC699E63EFDEED30E3B011611FFFF
:109BB0009F0D50210E38F1E712C9F97FAE380A1D0A
:109BC0001F1F0EBE962FD8032EC53DF4EEFEFBDB05
:109BD000EDFC671A4216E2F0CBD11AC378AEDF264D
:109BE0004020C42E0FB4D9E523A5EAE05807112878
:109BF000FFA83A2CFE744881CB16DF1A06A9A515DA
:109C0000F4DC0BE7F817FEF7110DF5DB0800EC0CA0
:109C1000FAFE39BCD4FAEAF2161E1EA67FFFE32133
:109C2000101E03F32BCD1003F1B0EDEFED1EF30189
:109C30008AB9D7D44CD811F672FDCBC54027224241
:109C400026370F44CEEDC9DA7EF7083F1BEE181415
:109C5000AA0044D6D3E49620D8F407F40721DF9A6B
:109C6000DDC20126F6C4C752CE26F8EC31DCC2F5BF
:109C7000D8537FE2CD162A1230D3ECF3D5D06C291D
:109C8000D109D00622F5DCCCC5E4AC2CF81C93F548
:109C9000FACB8CFAC4021112202E187D04011E2F5B
:109CA000F7D8F8EED727F7F9FD00F5BF349F032763
:109CB000DAB3F602EE09FD144BB5E5D4DC1CDF8007
:109CC000E77FB90E58E2030CDF33601EE6F8F3F6C7
:109CD000FAF31F0AF0C9F00B4236C5AC1A76E8F069
:109CE000FEFBF21EF73D221400E2EA1B565DE02B5C
:109CF0003F7F980EE755E0AAB9F9114B19D23DE222
:109D0000219EDC3119EE00E7F7AC141BC1C21549E6
:109D1000AB32C54B129C4CA6BA245E030CA513FAB9
:109D20004CE4CEF3FD10CEC62C171FB30D050CF47A
:109D3000261C4B771F0C4D0B114E0FCDF0081E1E2D
:109D4000A119E83103044DEA7F7BFE0831521FFE62
:109D5000712F06F5E519D413FC12DBE8FF2605F494
:109D60001233DDF2E1F8AA2938FEDD1F80DE012F73
:109D700023F63201E124FE2AF42B090E27E503DB4A
:109D800014DA4301D6C4A9442DBC4CCE2C0723328F
:109D9000D080DE150E5351B6EFCC13C63F2DBECD8D
:109DA0004923713211EE22E3ED49C608250409C4A6
:109DB0001FE003D9DF38DD07FA23F1CDC20220AA64
:109DC00031AB5D37C7CD7A0CE7251D37D6F4F22CC1
:109DD000114DD5C7EF34A723D97713DA2A5E7FDE7A
:109DE000EFB8581CE80B0C24D6E347A64AD4A6FDCE
:109DF000DB0E1AEAD02F5D1DD8332EDA5ABE25ECC1
:109E0000D2BADE461C7F19D8DDF5D1A508E3EEE80D
:109E100044DAA3C91769818317082FD14FEBA41225
:109E2000BDFA0CFAC669D980C0D8FC0CFB09E2A2C5
:109E3000EED96315B2180BDFE60025E7E9FF2DD256
:109E4000F1EC0005130215ECEFFC26F31FFBD5EC3B
:109E5000F70AFAE6E6E1E0FA2007DBE9C1FB20F1C8
:109E600001EAFE0D80F20F04FD95F217F4051107CB
:109E70002FF0291E20DAFE16D211F1092E31011C15
:109E8000F13E0901A83C3001FC22FC50F081EFC6F4
:109E9000E23339EC45260C3A838BD1FAB5B810671A
:109EA0000DD80ACF3EBAFDF116153E08032A311B24
:109EB000FF0E6402CAFEF8BCE609E87FFF05360B18
:109EC00002C914FA40D67E3FD9EDD902111DEFF137
:109ED0003005C114F027FEEB1471F7BBECD9DCE1BF
:109EE000F7C8DD7F11A448014DDDF930EB1B11D41B
:109EF000EA15FC29BFB9F81908DF39E7530CA26845
:109F00001E99D02FF3BCC7C5211918DE171D09C132
:109F1000F2FCB32DD2031A2A30D9AC7DBF157FA530
:109F20000501102A044C15E030E019F657F5B4F796
:109F30002A396ADF3D29B92C0F0E4127FB47F1135F
:109F400010DF24A3B522D821D3D85AF4EDCAFA1CC5
:109F5000E2E320F14E3454DDFBC5511C80D3C65DD5
:109F600000B2443CE8DBEB6768CE07EB330645FE06
:109F7000380437C1AACC1CD77FE335F038FDF13562
:109F800036C9AA0BAFBDCB21B3272312FE381F342D
:109F9000FB1822580E17C306A9DE02BBDFF43AF500
:109FA000D731F2CAE603B1DF5852FC20F5A5DBF841
:109FB000F0054EF664D9F68220F0F7F991FEED1225
:109FC000CACFBC5583CEE615201D974A020E2ED06F
:109FD0003C11367F2C20181DF21A30AC040A65F0B3
:109FE00000FCFA50497908B5F3993261F87707ED2A
:109FF000362DC525D880B615E142AD355EF73A1A43
:10A00000CE021FF743FBF02B8948D70111CACDC000
:10A01000EC6FB6E9B1BF1A9B3101DE9C29C5D1C4F2
:10A020000000000000000000000000000000000030
:10A030000000000000000000000000000000000020
:10A040000000000000000000000000000000000010
:10A05000231DD7300DCC0D0F20041EEAF0F07F1227
:10A06000CE600DD3E91AF9D2FDF13B650DF810DD94
:10A07000A60EE5F9231A0E3CAC05F20D0C2A1912B6
:10A08000233EFA04331818D2A33FF6B4B9DA29DF15
:10A09000C1103AD8173532FE41D1171B6FAA80275D
:10A0A000E21E08C81FFF3F59C275191BF53605E3AC
:10A0B00000000000000000000000000000000000A0
:10A0C0000000000000000000000000000000000090
:10A0D0000000000000000000000000000000000080
:10A0E0000000000000000000000000000000000070
:10A0F0000000000000000000000000000000000060
:10A10000000000000000000000000000000000004F
:10A11000DCED0E28E6DBBA2921D1E86209F7D7CBBE
:10A1200096C054F707F30F64E0D2E5F9BA21122E76
:10A1300040C7FF14C67F18F3DFD40BEB0C22242595
:10A140003CDD139F1BE3023E44074FF22A0EC33D42
:10A1500004206BE71F2017BC3B032140C5ACC9C5D9
:10A16000CC62EB0F9AF1041AE814B91E80EA1F1AA8
:10A17000CD6EDF08041C1F35EE1B9BEEFC17FFFCA9
:10A1800052B5E126197FF0E40263F3CA2D5205317E
:10A1900026A20DB871060DE33759D3F60F10D6225B
:10A1A0003B480413112FEC5AC4156DA3EA2CD22C92
:10A1B000F8D33AC4C0C3D80232E32CE91E263635A0
:10A1C0005C0A0E80EFEB43B8E4FED9DDED21F20F1F
:10A1D000F1F415E6DBB0C3C0BE0039FC6307C92249
:10A1E00015B9797FEF242609B9FB27EDE43EED2A66
:10A1F000DA39F8C7D5D4D454E212DCAC00D420ED5F
:10A20000B1C4CC1B114CB22B920831C401D4F95803
:10A2100009023128453A18CC01F4CAFDA17F044255
:10A22000A8F834DD1712C431ECF1F228FCFA06412B
:10A230000BC5FB3E0319465DDECDD46B1AECE81C62
:10A24000D80E3D06202E46EB241C61F02F7F903760
:10A2500011351F124B03F335D400F808C5F433C38E
:10A260004D15D9F2F25F812EE24CEB1BF9452C988B
:10A270004010ECB64F2D17E514D2FEB2D0ED3111DF
:10A28000C9C317F0C1D3F6F40220EBBDF0E2279E5C
:10A2900085FC0304C6934316F4EB07B9D9FB6A0B9C
:10A2A000FD003F160FFF250047213F0917A7ED7A54
:10A2B000FF1C94FE812BF6048F16122EFFE501324F
:10A2C000381BC3E00A3C4C3B7AF0DB2D02ECC3ACFC
:10A2D0002619E3F0002E22AF3CFB440749A9D6B56E
:10A2E0006EECB8D3E5875B5A80F5EA6612CA9A40ED
:10A2F00014CD05D26555DBA6E141D4160A28F3F743
:10A30000FF2A0BF802C724EA220BF968FEEDB7FE1C
:10A31000C7CF05D740D7DE4FD713D229CA80FFEC6D
:10A32000FEC90B6827A4F93CD834CCB33418F238F2
:10A33000B2EAE40EE0C67FB55266F43341C5A01A16
:10A34000E7B8E651D9EDF00883EED7F0C8E80D176D
:10A35000DDD5B2351BE69A37165009141AEED6BE73
:10A36000F0D22518DBB9C237ECB620FC04DECD7F75
:10A370000FFFAFFFCE2CDA25171A342304E2F27751
:10A38000C9022314E8B730256B00CE1837E7B84967
:10A390001FE4421EFDF536C425F02880D01BC24BB9
:10A3A0002430240EED1865FBC91FFB1FFE9CE50839
:10A3B000DD35D0E110E0B8F0173CE2BEF335FE0029
:10A3C000151EF32AFF0BEC03ECCDEAE9BC1D1AE2E3
:10A3D000181CE142EBFCC01EA74BE9E18020F8E12C
:10A3E000ED095EF6FDCE44BABCE9D917C95E06B6E2
:10A3F000D785B11D6736495131F3C3DE2DD9E85AEF
:10A40000EAE2DC2204F6DD3E81F048271AC718CFC5
:10A410001A24DA1B2B13FDFEE527B85CE85E09065B
:10A42000C316CAADFDDF7E921A31F6FEDD10057F40
:10A43000E12137DC06722F020857A330EFD9C01490
:10A4400004F50401F45F137F1E3716EBC5CAAB9801
:10A4500004DAFE66BD5859DA35FD643003C62A1D9C
:10A46000D90476F0D528C2EB934E11EE302FEFFCD5
:10A47000FB2FE4015499D217F1153ED060C8B1D733
:10A4800038F13380CED51CD6312401EE2CBE06F433
:10A49000F61216334D133A263220300E14EC33CD1B
:10A4A000F7E8C62BFEF6E46D23EB24E902C5D34999
:10A4B000D5E875B52A8FAFAEF54B35E60CB810CBA5
:10A4C000BB0277DAF32AC8CEDA14AFBD81090118CE
:10A4D00021F6E7BB1BCEDAEABEE0FAEBE6D0E3F406
:10A4E00028FDDEF9F9C227EE0230B77F5B21E84F85
:10A4F000E717D50123DD21DBA8B23CEB1381362120
:10A5000012D8720B163EF1F00EBFD414FBE5BF203B
:10A51000395B1EDED74F7FF9FE243ACF201AA221E5
:10A52000F417EF03A5EB1712D6242B51C1F147CB3B
:10A5300007BD095901F1DCAA0C26FD7F02E3F5EB0A
:10A54000EB1E6B501105201CF504F77CD4C3072BC0
:10A55000C4B4C9052909D237F1CB2515422EC44709
:10A56000F01C057E06CF0E0B1D341C0B48E5E6C61D
:10A57000EA05E42ADBD403FD2BABE507FC02EFD1AF
:10A580000B58CDFFDF300124162D1F061E0DF40FD2
:10A59000DD49D65A20EC8E003A7955DF58349BC7F6
:10A5A0009C305A1EC0BC267F08430EE9E813FA0F00
:10A5B0003643E33618DFB3A9415C931B3C14164ABB
:10A5C00008FB01FDF7FAF9F9DCF90302FF06FA1AB4
:10A5D0000EEF2524FCE31A05DE19F9C9CE010F2878
:10A5E0000E0A233720DDD1F37F0DF2ED000CED21B3
:10A5F000338ED9D623163C5408082621EB9BE6EF70
:10A60000C5152824FEEC3E2A0004B3FBDF45DB5AC7
:10A61000D90D2B537FF76C58E137360BFB284B0DC8
:10A620000649B0E323E3F5182921D0EC054827A219
:10A6300029CC50F875F54E7F50F9EE2E2322E333E6
:10A6400015C04A101A1CE11BF02BB8450CD437EE8C
:10A650003A2EBBDFFB160812FECBF50423397FF937
:10A6600062F3050450CAFE04223C1CE6E4EC1A1E08
:10A67000A3E2F9FB66BD241646FDB436C8F1CEE46C
:10A68000F4032D20F72CDFEDF5EBD908050110EBD5
:10A69000F30311F7E512D4190E05F0F70FE100FAF4
:10A6A000211BEB1938EF00351D7FF1F022D1F0129C
:10A6B000F6350A08C655EBF21302128C3D26E7C2A6
:10A6C00017CFCA4AEF0B3FD3E14A094BD51D801182
:10A6D000D601021440DE451801BBCD1A5EB1152625
:10A6E0001FE30E0E28D8DF0919B1D82210EE0DA4F1
:10A6F000EBD32AD40AD2070ED4A2F9F9F6D1FE4F31
:10A7000024472C1821F6EA30511A8004F7FE0E0770
:10A71000DC2D154F037B66C5D6080C37F33E19EBCD
:10A7200006F1D481CE3CF30C18F5231CDE0434EE84
:10A730000FD1D74B0744DD05BFF9441502290DFFA2
:10A74000202EF005FC0B3D2CFA153901F46FE2F8D0
:10A75000EAC7CC0DFCF2E8EF7FEF1CED00F2180D1C
:10A760002CAB34F164F9DCE20CD32DF49BB7F1236C
:10A77000FBDF1606FDDAC3E71D21F1A941FDF22733
:10A78000BDFD422052F142F21BD40780304029E641
:10A790001EE4532BF8FD36FF12F4D419F6C71CFA49
:10A7A000C7CC1653F3FCD2C604D41117B7D130F17D
:10A7B000F1F0060F1331F8E124E7FDFBDE3B1CE16D
:10A7C000FEC6EA7FE32D0EF52EF04902FD0BFB1EBF
:10A7D00004B3FEB2BD0C09E029EB7F3D1D2D17D758
:10A7E000D7EC3424A91320090F1BE6EBE7FB254720
:10A7F000E7E82AE12B16FED7ED42E4EA1B9B2DBDCC
:10A80000F10C0D2011F2DA11E708E1FE0FD00FC9AB
:10A8100033F436FBF6070A0C415B27DEF005242FE4
:10A8200021D97FEC13C5CC18DFD8F6340C2B12FBE2
:10A83000F5EF1BE3D95EE7FC263F04B30F29E7D60B
:10A840000BD80517DDE700E8E4133D23FCF381F5A1
:10A85000203AEFE207E7034E0CAADDCE5F00F9D302
:10A8600016FE0C112303EDDC020EDFE808E4F9CB41
:10A87000202549BE0545D43281D4EC1000E2EC5BC2
:10A88000DC0810FC51031F3205F4FA35E634E2EE21
:10A890005CE3BD242D7CED40DA0AE7200F14D7B627
:10A8A00031F19C8103173F31F3EBD2F2F5F8E22747
:10A8B000C8EDE9F993D6EC34393AED19490196FD22
:10A8C000B80ADBDF337F2324E8F70414FDFB01E241
:10A8D00023FE1FFF1F0721FEF11C0D12F2CEEB2DF0
:10A8E000DBF135EE081C01B8D5066F15CC010FDF82
:10A8F000573F4A8315CAE413B032D120DDA0F1D20C
:10A90000BC2E0BEA2A7CB200144FFD8FE1AED7803B
:10A91000F2380FF5F89917ED13A5002F1A11BEDBC9
:10A92000F4E10DF4C917A5B8CF194C0823F9241F79
:10A9300060DF1F342C807423A3D41D09D13DDD04B6
:10A94000141BEEE90CE4E043151509B9FBD655F9E3
:10A950007F021D43ED25A9F3ECA8D8FFC2C2DF0694
:10A96000FE1BC00DA65DE107CF5E2DF8F1E61EBB14
:10A97000ABE462AB1ACE2015711C0FE51814BC0AAB
:10A980000E1C403D2A4D0CE1C1D0C011ABCE362E7D
:10A99000BCF6D6C1DB15F6FC29090CCD04E8F48021
:10A9A000FA1E20E79D3242FF1CEBF1FB56EDF2ADA3
:10A9B000DB3DD90B380212DF131620E8FFFEF3E26D
:10A9C000FCE5F30C1B160B243B1A25E6434CD7C7BA
:10A9D00020F800287F231E261C6DFCFC381F140A5B
:10A9E0002AF8EDDE1B251DB0EAAB1D5AF2ECE001A2
:10A9F000D430FDC527FA2F4212D64E95CFAF17B6E9
:10AA000081E21619E49008B8F833FD1F1913D3EA50
:10AA1000241D210213321733DBD23DFEC1243DC772
:10AA200040CDFFCE2C09FAC80A0BFE2C34B212FB23
:10AA3000F613FF0FDA3FBFBFBA7FEBE5689023DE66
:10AA400018DEB42715FD4E1AD516ECFC2221C019CC
:10AA5000F3BDF00BFE3509C9EAF4BBF936262551E2
:10AA60009DCF1423D8EDD82780C419D61E33D1DC4E
:10AA70003BC40DEDE2F90A255FD2F1D82AE1380492
:10AA80000E023C36052722FE0DFAE30D07FFFC4BB4
:10AA9000D7BD3CFDB5F7041D4D2747D5FA6CF281B3
:10AAA000D5E10F551F1DA612480BC9CAB8A5DF195D
:10AAB000311858B2FF7F40EE39343007F81AD921E7
:10AAC000A1ED3A090E4A3132172733EBDD02E52BAF
:10AAD00016E4FB00C915F2F803CC02E1050D0CFEEB
:10AAE00011F9FAFD1E07FCFDFDF6F1E61C800E16BD
:10AAF000E6F609F1E1DDEAEC0BF30EDDF60DF4010B
:10AB00001CD10723119FFBEAB9104058D3EFBDEECB
:10AB100032E010F72D021B7FDBFF0ACD0205490A48
:10AB20001B000B2BED1BB6BFDC27F3D7A621CDF9FD
:10AB30001702FE480E0B21F4351BE306F621021D19
:10AB4000FFE6F239FB8118F258221A1D06B6EFFB18
:10AB500036D3F01E331FF2C6D7E02D402DF3EA02A4
:10AB600020221D7C37FDF3FDDF33D7FE27D45209A9
:10AB70000119C7DB02D3C5F2E002FFD96008FAFF72
:10AB80003FE97F1C29DB09CCAB0CE1D944F6070D6A
:10AB9000C019DB2FFACAF619DD66D83015F3024A60
:10ABA000F81344FFC1F91C0D09450C5B09031FDCB8
:10ABB000CAD1FA333042F4F980F8EEEAED1AEDF238
:10ABC000FFE9A1832B542DECFC9406013F2CAEF43D
:10ABD0002181FACDFD7C5881F5A3E512DC5FEA6B9B
:10ABE0000822E7EA09CEFB2092FB19CC5C3FE90F73
:10ABF00063A805BE2266F2C7198D101D07AD112985
:10AC00000FD1F0245039E6CD2628D6C4FF4FC7B760
:10AC10007FC43106F3B946E756D7DE54E85CD994D1
:10AC20003BEBF30AF7E416F6D2CDB1B5F813260BD9
:10AC30000DFC101518FB4A1EF31B021112F210F442
:10AC40001BCFA9100CCF4D133CEC16812144F5D13C
:10AC500018BBF73130EBEA6E17F5279419E5F3FDD1
:10AC6000B5C72FD7CCD4772840010FF6F62A0D3977
:10AC7000C2DA8CAEF7A4F8F77FDDC6FF2A311D8D4E
:10AC80000D2B0C030FC11EEEE6DBD52A1F30DEEBC9
:10AC90001EDA1D24EDB81A0841E8004148C2F1F956
:10ACA00015F5ADFF80E45021F6123CCAFEF5E6FE34
:10ACB000187FE628292407F3C71EDAD8224A4CFF5A
:10ACC00013352F09D716DF0911F6F8D7FCFF20B787
:10ACD0002A033F1CFA05C72902BDC9C6020EF4E2C9
:10ACE000F1911BBF011FC471EC054BE9DC379EF6E7
:10ACF00022C516B129092AD92D17FF82186568E8DF
:10AD0000E07F3037ACC85BFD5F1ED3B5FAB022AF31
:10AD100001B64A36FD23890981D11AEAC5F5CA115F
:10AD2000EF1302A2F618DDF923563ABA0E1D23A737
:10AD300014173919DEFB08F824F2B3E10DE8B0A2CC
:10AD4000DEF403E5F641AD25E005D5D3FBF7ED7F55
:10AD500060F53EF1F71050104A23482FEDDDE7571C
:10AD60000B291AB1F934E93EC4E8162ADA13101D8A
:10AD7000FC31B6E70F26371CECFE14F22639F7EE4D
:10AD8000D4E7497FFB162EF0263016FF49C1CF1FAE
:10AD9000BEE11332ACD8C2DCE4C2E807E838D926F9
:10ADA000D5EC461515E6EBC56AEFC7B8DCA800DEA2
:10ADB0000D267F0033794C19F077DE0F0E11EF0866
:10ADC000AEE91205FD4A1C3EEE02C4EECCF12EFEA9
:10ADD00017D818E635CEEF3F3201DC232762E4DFD7
:10ADE0007FDE0EFE22A67953E9CFEF4E48B7D95E3B
:10ADF000F210D5BCAA173B25C11F44A70DDC083BA8
:10AE0000317F08D571A7D9D3B4FF0AADE31AEEA3F9
:10AE100027B935C4D2DFF3EB14230AF8C646290953
:10AE2000BF2AC1F92438ECCC40E33D1D1BE005F6F8
:10AE30001F333DEFC9E2E5F06053083E0F44E7ECF5
:10AE4000EB01E5BDF9FA71DC140CC7111B18800287
:10AE50003DE64CC7B90B1815F93FF524C99A1DF802
:10AE6000C2F7D631C69DE11B2021FD81E4EF1EFF14
:10AE7000D5005CE3E8EEC615CC2EF6490208EC3F9F
:10AE80001B2D9619E0F13EDDD63B0A1F4476AA70D1
:10AE9000FA19F120E3E2011ADBEA25F65F1380AE2E
:10AEA000DBC93AFDFA60EE3AACC92400E23E680321
:10AEB000F02CEBD1E8D7161FDD35D5D7C7E02AF641
:10AEC000FD16D4D1CD2DE21D182727B217D40800C6
:10AED000DAC62AB2FBE8F4DF0132EF8B78F6F6250A
:10AEE0007F192DE2CD112C1B23FDED02DA09E3C5FC
:10AEF0009BE522CF2044DF08F8F61EECEB38F13654
:10AF00007FB6DB0A2AF824FBF22EEBF1E50C0C38B5
:10AF100026E4DEE749DDF323D629231FFF0930F6B7
:10AF2000265DBEF821508112C529933FD54FC9B87F
:10AF3000E615D7E34A1EF6EEA506FFB2DECFF10A0C
:10AF4000DAF4DAF52C10A11317F2DF06FB04F2D8BD
:10AF5000FED1D0271CC22C5CF0FA111AD049E4EFC4
:10AF6000B2D6D41CF902C3D871E22ADFF43D20F630
:10AF70006580530447E2F2CD18AA233ADAFB2AFC93
:10AF800036123916E86A2CE5B2FF3721BBD6E44900
:10AF90001036AD3205F7D3A47FB114EC20E9048F4D
:10AFA00045143430E9EE58D8E9D9031E242EAB12EB
:10AFB0000C120D311113E73E22E9EAD7B4FB6B0303
:10AFC000232E2DD63A150DC91B1B30C60ABEE8E943
:10AFD0007FF720072AFADC34E0061C28F50C01DD97
:10AFE000E30D3D4201D31EFBE8DD031EE842C2E350
:10AFF0003AF0CF6613F50BE5321B1DFF4B27C80C4B
:10B00000BBBFE2C6FD24F956A90457F15BD6ED811A
:10B01000BEC5DC2340EE20E53DC5C11F592D3D32A4
:10B020004BCEDD271BF0EAFCFD7F2C37A2D12E1280
:10B03000F2132663ACEE59D9DAA8DC2B2FE4E2E058
:10B040004A063A809700D0D12AFCF85C1302F0132C
:10B05000C3202A3CEE182EEEF74B0A1ED1D13DB686
:10B06000EBBB206A35BDE806182DB9221774FD0F19
:10B07000FFCBDE240C31030219E3E8081236B8E8EE
:10B080001AE81BEEE4F2EC42FDF20C907B7E812F7D
:10B09000081BD90D41BCF3EFE106E7FEB8F018E755
:10B0A000EC0BFFF3A1051A46C80C19C44300557FE9
:10B0B000C51004ADECD095D5EE621713297ADD0EDC
:10B0C0001718BFE1C112B1FAD72A421E38031DE793
:10B0D00069B3F75F31548AF1482912E2C6A2C0A0D1
:10B0E0002E22D2802D4B962AFE355B112821E7298E
:10B0F00038F9102A57CFA5F706B3A740E501150781
:10B100003526D53C35DC17ECE209DF10E50D12E5FC
:10B110008DFD054E0AE41A3A1500E02C0F22FD16AB
:10B120000B800DEE2E59451AC1BCD50CBBF123D5B1
:10B13000E50612BF1EF7E0B20A13F081F620AA3A24
:10B1400003EBB937283E07231EBABEB3ECC0EEF9B5
:10B1500000FAD3F2D9A2E118DF210EF0C52BCF1FE0
:10B16000F414B52A2F04E01EF8FC08DEE84822FBA0
:10B1700007DA4DFAE12A8A23472DDDC97FC61D284B
:10B18000EB5EFE0F05F1FBD4CC57C8094C1522F03D
:10B19000CBF7320612E3FCD9030F0A193E20815384
:10B1A00000315DD020FDF31BE9F5D69205E06AC2BF
:10B1B000E70A065534B408305414A527F10EFBED08
:10B1C000E3D31DF443E7FA07D3F3287FD43635429F
:10B1D0002D15BDBB50CC2FDECFDADC2EAAD56E28C4
:10B1E0001BE8315CB2F021EBD64DD6E68722E80FA2
:10B1F000E2EA10EFDFD680E4AAF1DFE8612BD3F3B7
:10B2000029FF2150062E1F6FA6160343F10F015789
:10B210000352B616E9FD13F01BE4E7E0F2F4453003
:10B22000D7CAEC18F634CED4A623400D15FDC1DCE8
:10B2300001A9E5372110FBB332BAD69C36296DFE41
:10B24000FE05E939B90D7DF87F0C103117C00DB935
:10B25000D515D8F1C4FDF6E2F8070AD4EFFF0305CF
:10B26000E51C01E82CBBE609E2FFF7EAF1C850F55E
:10B27000007C03C37F85013E0CBF10D6BCC1EFEB41
:10B28000E509EBDF263517232138E0AB4BDA2B1528
:10B29000E6FC7FD41CDAF6E0093AE0CE18DCB11007
:10B2A000CE1705B62DDECFE9071C16B9CD4DF4CF6C
:10B2B0001A060818BE023A2C04E317FB1F00D6F04A
:10B2C000D519DBDB7FEE23E81C3211030213B80033
:10B2D000DD1421FCE6EA15340224EC0EA10F022451
:10B2E000040E392025FD12FCCEEA520DF5EC18F7BC
:10B2F000E7D8EB16E8D1E0127FDADBD9071CFDBEF8
:10B300003DEC30EB12E21FD2200EDC1F290EEC11B7
:10B31000012C0C2007D107F3FFF1FBF10E18080AEE
:10B32000EBFA0AF2F61FE4F8103CE57F29F4F10C81
:10B3300003BEFCF401153612D4AF1212BE21F21E68
:10B340004AEB1AD32A39CF425102A94D35D3E7A18E
:10B350001608F2E7EFE51F18E551EDC3A83C3F9E44
:10B36000D8DBBEE700B0DD077F20F2D80F0701FB76
:10B37000F0F8F220F8B2F2DE3BF5EB002902120001
:10B38000091E1A36ED32EF0AF146F37F941FF50AD3
:10B39000F115341EDB130E2537241BFD037418F43E
:10B3A000E8CB36FCDBABE357EC2942006BFABF5C21
:10B3B000F2DF1CE33DF40CE702E6F8802E5A5DE272
:10B3C00023C20D25CA0C278A69C12CF5FCFF2AF37C
:10B3D0004A63CB23CFF68068F5FDE7F116EFE11362
:10B3E0005AC7C41CAFE93077EA15E8DBC5A30D7274
:10B3F0001D33BEA4FB475F1FF8760FC293230F399E
:10B40000DD36FA32D35D1EFECE92031DFCDCE3492D
:10B4100003BD172DC0E8239E354F72CE25E248EDBF
:10B42000C9002F45E3147FB790C34AD003BC55F938
:10B43000EB000DD03660A134606880A5BF04CD4F0D
:10B440003A301AFEFC55FAEC01CE35024A38E0518A
:10B450001C0D0B87812B02C98A3C1EE4B21B6A1AA1
:10B46000DEF0A935EF3EDC1935D314FFC5264CE5D7
:10B470002A492A0CE7F17314CFC7D5B31CB0F18069
:10B48000311147271EF757E884BDBAD0F3FDD739ED
:10B49000E922CE74F8E51B3B29F1431E29F8D42C90
:10B4A000F3BDB9CFB4EB80A2DCEEF6966EE808ED02
:10B4B0004B07FB45C4FDF3B3DCE210FAFBFB5DB4C4
:10B4C0001708ED03064DE23EC3761F031A1CA71DA5
:10B4D00038CA0055D7F0302000DC1FD8F0AC271A4E
:10B4E000DC22EF2D129CAB6033E61303F4E4C47F3F
:10B4F0002E2B3C83E98850260DDB8029074016A9B6
:10B500000CF9F8CF89C90720331755256F85A6D5C3
:10B510005A003E16B5F33FEC5AF80D2AE3EF071236
:10B52000B4D0DCC2F77C09C5EFD4EA33FDF3CFFD1C
:10B5300062CA2AFB2DCA63EEC932F90A13C3D64E7A
:10B54000FE497FF738E443E20AFAD6EED7F90CED6C
:10B55000CC14CA06372705E21B15402EF43BCFE476
:10B5600015FEF3F90542AC2FED49EFCB7F04491AE4
:10B57000DE12FD0914EB3E0A0D3EDD114C4FEFEBE0
:10B5800008A0CDD71E06F64F131E4C304210D4FC37
:10B5900013AC3A1A3CE746C717131A942A214926D6
:10B5A000A1DDD944DB1B667F746BF706D62B2FCF4A
:10B5B000F1CFDED7FC03C3F41908C6ADFAE6F6D521
:10B5C0001C153427ED0BE940B537CE7FDAD2A176D2
:10B5D000A2F7F6E512F7093AE15CFFC5EF20DB0FB1
:10B5E0004C0D2F48D4C8E3E9DA1D690719082A1F52
:10B5F0002E141AE6D60D20CE1BF17FBFF5024AE2CB
:10B6000038D0F51302CF3EEE3D0C0B442EDEBAEFE0
:10B6100001FEBC5233B4F4C6E903FB07D1F24A067B
:10B620001B04182409F01208211BEE24270DD8282A
:10B63000BBD9D82B1D0EF024F3E1330DE57F163571
:10B64000CD4CD2D3E142F91C22E5287F93E2E6E11A
:10B65000DDF5F80FF108394C29E8CAD5DC321CC9F0
:10B66000E40CCF20FF970D0F4127E7DE33F5BAE753
:10B67000361FDE2ECD106625C8100BB0F5160D4F07
:10B680000ABFEAAEC86415F60333E3141D1505F6C8
:10B690000EA3E704CB4601EF007F15EE16062FE858
:10B6A00034D417D3F1B6D072D22B4CB028CA2FC8DD
:10B6B000E12A66D8C9322F1FF342FE3953FFDD70ED
:10B6C000ADEDDD28106351F8BA4EECE680C503D627
:10B6D000247FF90EDE1CD8FDFC15EA6D46F2050547
:10B6E00035D2CE07CF033711A8EBD44A16520B0B35
:10B6F0002ADEFB99BE2CB825460E5D94B907F905E4
:10B70000EC28F027DAB9F401031A48753AFA381927
:10B7100002F2F420C40B0C1C2D2D1A31E87FE2E557
:10B720002DE0024E4F080FDFC81810DF2AD0F0FFBF
:10B73000470C1E273306C4ECD2C714DC1EC5D2DE6C
:10B740009DE127E7EE0142BD2640D705457F241342
:10B750005F273EC10A3AD312C347B3EE44040C0834
:10B76000E5F13D11F3D607080DE4F3060A0FC623F1
:10B77000F81FEAE6FEE9E5D5091CEF81C814F317C6
:10B780000B232310FF0C0ADC1D0CDC0B0CF410FF48
:10B79000BA2541B60DFA0E76CC8630FB3834AA9421
:10B7A00007236280F3C038DCE3572CA61210250B68
:10B7B000943EF8E72C3005D573D9FBABBA8BF8D89B
:10B7C0001BD730110022FA731ED02FC90F0491F934
:10B7D000F4F208E7492F7FAC1613010D30F9781900
:10B7E000D558F213E4F6F8C8F63E0EE6DEAEF326C0
:10B7F000BAFDB64B71E24FABE88043B40814D2B146
:10B80000EEF5586BEFB5E2FD0BBE33453C3A005BFD
:10B810000EA7F42AFD4024EBFB981AF0F8979D241C
:10B820002AF34EE6B4B9A8DABC29447F2CDBB2482F
:10B83000E7152BA808C53BA8DDAB618ABDF9CB8D08
:10B840000B38FFE1B8E7C35FD3BCC9D1E5E15035A0
:10B85000C5B8321DE6D7DD33F83DD7C6112DD0F27D
:10B86000AC18DF3CE1377F0C1EFD17B8E3CC261A7D
:10B87000B2CA2E43170F9DDDE0F5FEE50711E81A69
:10B880004AE640C9AEE734F0CE054018A104FDC831
:10B89000DCDA1F310D69AB30FD3B0B5B7F1EE95CD1
:10B8A000F718E60664E3EC3EFDD0161518ED17FC1C
:10B8B0000000000000000000000000000000000088
:10B8C0000000000000000000000000000000000078
:10B8D0000000000000000000000000000000000068
:10B8E00015F1E6F80304BC18B4FF0CD74F1DC81EB1
:10B8F00025082936F4227F2CC330E517FE18F35CA7
:10B90000171AAECA0B04E52AB40FC6FAF1E7561CA3
:10B910000B291BFD11FB17E2FE19CB311A03ECE9D1
:10B92000E723ECE9F70A01F1ED0CE42A45E6F3E33D
:10B930001612F7F0801728FCE81E02EE000CFCF14E
:10B94000DFF0BA0901DB0B21E1E7210F22E0D4FE91
:10B950000B0518DCDE1C211501CB0981E3D012FE9A
:10B96000F00012F39F18F409E934E9F9C5E9D00EA3
:10B97000E0DBC5E5CBDCFBF59E78351D32082441C4
:10B980006AA9246C38F3494A5613E5EC47EA1FFECE
:10B9900029AFF91D6C68C861B680DD1898D5C0CF95
:10B9A000C757B9B7D7DB09372F41F8E29F650FAE0C
:10B9B00043DF0019CE4F4ABCEA4A16ADFE0B1FF614
:10B9C000960DE00DC6A918A2717F37CF335227EA32
:10B9D000181FE90D1B16FB10F8E1CDE21D152435EB
:10B9E000F1ED2337E0021BF7223716B4CD5A1C3095
:10B9F0002501F0220BDB00F97F200DD6E6FCD805EF
:10BA0000FA201716F5D818C6FDDFF51D1D05EFF550
:10BA100026E738F7FC4CF9EA0E000DA1CF2036746A
:10BA20001DC3CBEB7FDAEABD12CC26D8CEE229ECDF
:10BA3000F24E0829EB21EBBCE916FA0CFC1709EAD7
:10BA4000F800ED0B1F4801E6F3240352EB081CFC41
:10BA5000CD39FDF2E9F12FEC2F450615127FB51A0D
:10BA60003DEA18C3E8BE2AB0FB1FD812C234A4F7BF
:10BA7000F0AF3D40F617C130F40A0F4D3C60DC9C3E
:10BA800019C7B1D980393C15891EFB23560F11DA2D
:10BA90009717E7A14F80CC35299002E60628CE19EA
:10BAA0001AF524D4E63831D20BA00DACBED632FE46
:10BAB000F64613EEF95FF4E92474E60FDDD9C9D632
:10BAC0003605FC0B74164CC8C1444E7FFD000CB902
:10BAD000D4DCCA19DE1DBB210E5BF0C15D75D0EB55
:10BAE000171218CD510F3B07284033F3377039F741
:10BAF000F0FCC21A25BB23BC5D3E301A1BFDE4BB23
:10BB0000E1ED35C2E97F3EFB0D07F317D31D025867
:10BB1000092BF3FB34530083F2AAECE8B0F51B2C9D
:10BB20000000000000000000000000000000000015
:10BB30000000000000000000000000000000000005
:10BB400000000000000000000000000000000000F5
:10BB500006FC264E07CEE7F4EE1CED0541FADC7F2D
:10BB6000114DF52801B82207DEDD12151DD3B920CD
:10BB700011E8ECE4DA3BFE4800E60FF3DFD55FEEB8
:10BB8000E61D37EA4208E229AD522CD1C525E01F57
:10BB90002BC13D7F08CC3BA9FD1E2B49BED7B6C6A5
:10BBA00032E8F136E4D7DEEB0119F3F00AABDE71CF
:10BBB000210AE5FCFF1C4AE19E76410CDAFAB3BF8C
:10BBC00003D5D147EED223F38D06D8AB059F7A6C0F
:10BBD000424DCE207F9F0A07C628CEDA9BE521F78B
:10BBE000F30FBFD1DB1D131F5945D5C3A17FE0F96A
:10BBF000FF6FE1D1B05229723045E8E702B9C52D97
:10BC0000D42E27AADAF4FC1AF649EF2100FF1DEF23
:10BC1000450AF701D04316E7F3D30609E92E22DEE1
:10BC2000C7F8072E2604CDED4FE9FE4D7F5C0810C6
:10BC3000FE0B2CD930B735CEF9202BFC2617F1207E
:10BC4000C1C7B015311843F31EC710FDABF909C1C8
:10BC5000CAC2384723D3A6D428E3AAF7F533221B58
:10BC60003CC61F3B7FC514013BDF47280A1CC6E9C1
:10BC7000DDF349BAADF11B7C20083D03202FAD74E4
:10BC8000D3B86A0124CF37CE2A49F7BFB7FF00CA1D
:10BC900038136AE25947802FE0FBCCC9BA1D692DE1
:10BCA00014C935481022550D7FBD22CDCEDC0A982F
:10BCB00039B3EFF1F465D4CBC53131A5E452173D6A
:10BCC00021F1053F3C8EDA017419D7FBFA51E31FCD
:10BCD00027F280D8C84A25D90FF65311D9F2E23E8F
:10BCE000F406273B581002C20FF814E1D5CBFD37FC
:10BCF000E4D11BFB06EC3E4A385622131248481684
:10BD00003FE9BA8CEDC5F345204A35CBEAF6FF0191
:10BD100004B6F34DCA814324F6724C4B188E327828
:10BD2000EC87DE18E0CBFF5BA2F2B2B6C70781C892
:10BD3000BDD1EBF0F0ACA923082B2D4AEFA91AF5E1
:10BD4000F8E1191D124F34D00EE6D041E505E9DBCC
:10BD500004CB974A3667E8340EC280F7E1EDB410A1
:10BD60003308DB3631DC2FC6F7F41916CA4E3ECB4A
:10BD7000B8D700121FDBF2E5CD07E2ED1A15D53278
:10BD8000BDB6E83B7FC905A21DEE1107F6C0280B22
:10BD900025812B8AC1152E1F1DC345A231D821FE36
:10BDA000A1FD1E072B17B2010DDB63C6E2C45106CD
:10BDB00013FA01F651E012DF9B2729C254EE3BEE45
:10BDC000A503000017D3FFFF16050000C3070000FE
:10BDD000EEDEFFFFB80000006BEBFFFFE71700008F
:10BDE000E8FFFFFF18F7FFFF4E0300003FE6FFFFED
:10BDF000C1F6FFFF14080000EF0D0000FC02000078
:10BE0000D7FCFFFF280E0000DC060000EA0C000053
:10BE10001EF7FFFFAF02000052050000A20900005C
:10BE2000BEF4FFFFE4F8FFFF0BF2FFFFF7F1FFFFA7
:10BE3000EB1A000038F7FFFF62030000000000006B
:10BE40009C0C000002E1FFFF0020000047C5FFFF3F
:10BE50000110000019FBFFFF00000000A802000015
:10BE60004B0E00004BFDFFFFE1100000D00C000066
:10BE70006C0C00000F03000073EAFFFFCEEBFFFF26
:10BE80006BFAFFFF12F5FFFF6114000037EFFFFFB1
:10BE9000BAEDFFFFF5FFFFFF02F4FFFFA3EFFFFF87
:10BEA00030050000B506000012F6FFFFB8F1FFFFF5
:10BEB00084F0FFFFAD29000098FAFFFFE5D3FFFFF4
:10BEC000620C0000E8070000E3120000CFDCFFFF77
:10BED000DED6FFFFE1FFFFFF91FEFFFF67F9FFFFE7
:10BEE00033530000B7F8FFFFE8DFFFFF2C0200002C
:10BEF000E9140000C5E5FFFFD7F4FFFF25F0FFFFC1
:10BF00001A0400007E140000CDE6FFFF30EEFFFFB4
:10BF1000D3F6FFFFEB18000020D2FFFFA4070000BC
:10BF2000000300001FFCFFFFFCEFFFFF681900008B
:10BF30003B080000E7E3FFFF98EAFFFFB5F8FFFFCB
:10BF4000C5F2FFFFF8EBFFFFE3D9FFFF0C03000092
:10BF5000A4ECFFFF521200001BEBFFFF8FFFFFFF5F
:10BF6000B1F3FFFF76F0FFFFC90200008215000069
:10BF7000D3060000DCE4FFFF3DEBFFFF10FEFFFFF8
:10BF80007F030000B5F8FFFF01FEFFFFA41A0000C9
:10BF90009BDEFFFF471A00008AE4FFFF88030000D2
:10BFA00051060000F9DBFFFF5C000000122B0000CF
:10BFB0009FD6FFFFB8FDFFFF96E9FFFF4A11000083
:10BFC00023EFFFFFFE350000000000004DD5FFFF0E
:10BFD00034D6FFFF0000000000000000E91D000053
:10BFE00059110000F4DDFFFFA3FAFFFF081D000058
:10BFF000380C0000B7CFFFFFC0F5FFFF690200005B
:10C00000D91400006C03000088DDFFFF40FFFFFF34
:10C01000D2EAFFFFBE110000C7FCFFFF31EBFFFFBC
:10C02000B3F2FFFF37D8FFFF2B230000ADD0FFFF97
:10C030008DE0FFFF3CFDFFFF400B0000A101000071
:10C040008D09000050EAFFFF91FEFFFFF1010000A3
:10C05000E8E7FFFFA2060000A5FDFFFFB8E8FFFF2D
:10C06000AB080000AFE9FFFF8D0700003AE1FFFFDA
:10C070008CF0FFFFBF180000DF600000FBE2FFFF55
:10C080004805000018F3FFFF0BEEFFFFA0090000BA
:10C0900001EBFFFF7DF5FFFFC1F2FFFF440200004F
:10C0A000E2E0FFFFB8DDFFFFEEF8FFFF65070000ED
:10C0B00065EEFFFF063B000056FEFFFFB2F5FFFFF7
:10C0C000CAF8FFFFD91B0000C3F5FFFF30F8FFFFE0
:10C0D000C70300004BE2FFFF16080000D8DAFFFF9D
:10C0E000830A000059F6FFFF500E0000B90400005B
:10C0F0003B350000DDE1FFFF12FCFFFF16EDFFFF07
:10C1000004020000763A0000D7FFFFFFF5060000AA
:10C1100041290000F2F5FFFFA5F8FFFF50FDFFFFEA
:10C12000C5E8FFFFD3EBFFFFB3060000DE0A000007
:10C13000450A0000B61C00002F07000080F4FFFF36
:10C1400048E1FFFF4E08000043F2FFFF7A1D0000A8
:10C15000FFFAFFFF69DCFFFF8B020000250B0000E8
:10C16000912600009DFAFFFFA9EBFFFF6A1A00006D
:10C1700047E4FFFF6DE5FFFFFDF2FFFF96070000BC
:10C1800061F3FFFF010600005B1900004FFFFFFF96
:10C1900050DDFFFF950C00001605000030FAFFFF90
:10C1A00066E5FFFFDEECFFFF7BEDFFFF4A100000BE
:10C1B000C00300007DFBFFFF430D00000FECFFFFFD
:10C1C000CBE9FFFF820D0000CAF9FFFF80F2FFFFFD
:10C1D0005AF0FFFF000000005FF5FFFF6400000061
:10C1E00054EAFFFF490900004CEEFFFF6EE0FFFF3D
:10C1F00094F2FFFF011000006FF9FFFFD4E3FFFF8F
:10C20000561A000064F3FFFF00000000EDF2FFFF8C
:10C210004C05000020FEFFFFF2FCFFFFE1110000D3
:10C22000440C000089140000882F000081CDFFFF1E
:10C23000A10A000057EAFFFF67FDFFFF12C4FFFFDE
:10C24000EFF91EFAF104010809E50BF9F7F0FD1604
:10C25000FF02FAFB03290E0804F4F0FEE302EB00F0
:10C26000F81002FFFEFA00000E0EDA0FE7E70826CC
:10C270000311F1DFF200FCFAE2FDF1F51FFE04F814
:10C2800001EFE3F0F50217F2F913F0060205E714E7
:10C29000E9FD04FA060DD20C10F507FBF2EB09F3E9
:10C2A00003FB04051C02F8F103FCFAFF14FCE50291
:10C2B00000F90501EE0DEE04DAFAF807C602C50C26
:10C2C000FC07000A0100000BF9FA16030AF6FEF358
:10C2D00034ED1B0A18FD1403F1FEFDEF0300F21EFE
:10C2E000F5EAFCE9FAF1FAD71617F2F9FDF7F7DCEF
:10C2F000F7FDF32104F32E17FEF31620FCEF0508DB
:10C300002BF505F3EC18111101E70110FDF7FB0AFD
:10C31000F9FB010CDC0B00F82308F80F1106E7F419
:10C320001BFE06F9FCEF03F5051504F9EC0AFE09FE
:10C33000F6090B12FDF3E9E3E7FCE4FEF00A00EE78
:10C34000FF0CEF030600092207050BF7190A16FF79
:10C35000EFFB000B191605051D010442011A11E53A
:10C3600004FFFC04F8060110FE071304FFE300FEBF
:10C37000FBF2FCF90BE9010FF5FB0D03F2F9F600F6
:10C38000FA0F0DFD04FD000100EEF30907FB1E0688
:10C3900004F309E9FB00FC01F2EDF41629F30D04A6
:10C3A00002EFEC0C00F9FFE8010114F40902E216B7
:10C3B0000B11F7E50301E406FCF80601F616FCFA9A
:10C3C000F203FD112F070113F9FBFB0C22F32313DA
:10C3D0000906F7072603F6F5D7FD0000D1F9E50FAA
:10C3E000ED040000FA0000FB01FC1D0AF2F8F0F574
:10C3F0000CF207FD0A1917FE050603EA0302FC0307
:10C40000EFE5FBF3190307ECFE02FBFFE9FC05F780
:10C41000FFE4F71806031B1312FA1324FC19060491
:10C4200016F503F00709EF3E0104F91B0907EEFAC0
:10C43000F5D0FCFCF70CF8F21BF9FDF30E02EFF35C
:10C44000ECED05FFF601EDFA0724F8F9DF0F0C1902
:10C450001304FF0CF7F9FEEB1705FD0AF5F0FD01DB
:10C46000F705EB091C001D1B00FBF0F80AF918F496
:10C47000FDEF00FC060EF70807FBFD7F0B0BF0023B
:10C48000EC0181FEF5DFFC05E035EBF9F6F8E1F2B1
:10C49000EB01F6F9FCBCFC25111EE300E0F70500FA
:10C4A0003E2709CADEF300F14FF7E205DED6E5309C
:10C4B0000AECFB0701000B06E9D4F7FC57F10EF379
:10C4C000F9FAD6EAFAE5A1D4FCE97004B7F5470712
:10C4D000C400D6FFFC811112E7EEDFF6E386C0F55B
:10C4E000F0B3F1491B0507E3050957F90022CF0B0B
:10C4F00007121CFFCC5BC4190C02E61EB0F0DB2552
:10C50000FF0D00FCEA0000F3F80137E2DAFBD0EDA2
:10C510007FA36BF3FA16FA00F40D11FB08E8D11DA6
:10C520000DF10DE3ECB80EC41A20FB290ED7F40D63
:10C530001B100E5DE7F8504D1A001B70D68C09F8E1
:10C5400035EAE806B006D558EBF6FD320707AF3AF4
:10C550000026E3F5F1D7EA0D2D09FFF9EC04130AE3
:10C56000FAFCD7FAE91E27EBF72AFBFC060BF8FDCD
:10C57000F513DA12F90EEC027DFCECF6DF430B0347
:10C580001C03C7FAF80015FC311AE1F47FF93E19D3
:10C59000FDDA00131635D5F9DDFB0AFAFD02D30FDB
:10C5A000FB03F2FDFAFDFA16C70904FBF82004F3B9
:10C5B00008F9F90304DEF70704FB00FBEF03F800BA
:10C5C0000DFE040001F700E8130C070208EC1F1928
:10C5D00008F5161F04000405E5ECF4092A0D030F05
:10C5E000FCF7FAFB0FF30AF0FA060FFC04FCEE0767
:10C5F0000717F0DF03F718010100FA01FB13EEEB58
:10C60000FB07071B2B01FE0EF9FF000503F32F03A9
:10C6100005FDF6FF12FAFEF311030609DAFFEB152A
:10C62000FB0B00FDF5000003F7022013EFFAFF03F8
:10C63000FAD710EDFE0B01FC040604F303FDFD1018
:10C6400033EBF5F8FE2407DC080507E6ECF90508EE
:10C650000D02201001031D100DFB1BFF011FFF0821
:10C660002906FA0503EFE41DFD0704130F06F6FD86
:10C67000F9D601FC0809F7EAF504E0F4070525F40A
:10C680000404FA02FCFFEBFB0AF2F5F205040806CB
:10C690000208F10C021BF0DB38F4FFF4090600F984
:10C6A000FCFB03F0040001FEF103F8F4060115EBB6
:10C6B00003E900FC000DFAFAF1FDFA1E0D11E61374
:10C6C000F20D0208FBFCF4050CF40B06FC0DEA0667
:10C6D000040BF9FCFA0805FA01E4EAF9EC01F500AB
:10C6E000F0000A00F70200FD0C0EFD0AF5E6084B0B
:10C6F0000124F527F70001FEEBEAFBFC29150900F0
:10C70000FAF8F1F604F517E501F81A1C11F3F21620
:10C71000EAFCFAFD0310F4FA0BF7F5FBEFDBEEF69B
:10C72000F4F9FA220FFAFDF4020CF3FA03E0F70031
:10C73000F606FC00FAFFF60E110E0113E905D213FE
:10C74000FE0600060000000FEA0813FD0FFDFEFACA
:10C750001FE83307FD0A04020000FDFAFF09F42C6C
:10C7600026E400F101ECEFDEFC072AFDFFFFFEF5F9
:10C77000FA2C201A06F81F0701F714FFF3FA01112B
:10C78000220BFC11F0110CF5F4E4FC160AFA071F59
:10C790000109F8060C06F802F50EDD0F04FC22FE76
:10C7A0001C01D0E90C0102F203EFF808F4060D02B7
:10C7B000F80A010D0B12D703ED01EAFCFD1001D5BB
:10C7C000EEFBFBFBED00FFEB110709F32C240A0441
:10C7D000FCF400001F1600FAF901F5120515050416
:10C7E000080424FF01FAEF0321F30AFCEFF6070522
:10C7F00009FDF7FA042C050FEBEDF7FFD903F5005F
:10C80000ECF9F0FBFDF2000FF6EEEE0CF7F7EACDD7
:10C81000FDF8F9EE0D0001FC0504F00803EFFCF251
:10C82000FCFFF70AF3E5F5F9F70BFC1BFC03D72235
:10C83000FAF600F50511C70403F71BF7F8FF03F13B
:10C84000FE1A01E718F8FD0C1EFDF40BFAE91103BE
:10C850000CF9F505F205F7FC00FAFB06BBFE32FE0B
:10C86000FC08000FF8000006FEF316010AF3E8E2E8
:10C870003BDBFDD20D050206020D01F8F7ED0209C2
:10C88000E5FAFF01D00A150E17FEF500FD0CF8EDD4
:10C89000F3FEFCF60C081F0EEBFE141EF8F404EF7A
:10C8A000FCD1F901E2EEE51AF0FDEEE2F805FFF544
:10C8B000F5FA04EEF9EAF9FC03062502040BE0ECB4
:10C8C000F5FA181001FA19F5FF1A04FAFD10022200
:10C8D000F5FCE81007FAF4EBDAEEF2EFF8FDFE0BE8
:10C8E000FAFA07FBE300DE05FD0602F32A1707FE4E
:10C8F000F9E70007E60CF20E1D03164A1D0A14FBA9
:10C90000DCFCFB0EF6EAF7F70BFDEA0304D6F3EFC7
:10C91000EDD6FBDEF821F80502F2F4EFED05050097
:10C9200009EEF711FDF500FC1726DD0DE1DFD6E776
:10C93000F9D005DC090009FDFCDE070219E60FF558
:10C94000F5D5F3EE00EBE9EEFEEE57EF08F9122114
:10C95000DD07F3FB23EA030B23FD04FCEFF40001E6
:10C96000EFECE80E00FEFB151F0216092BE6070B85
:10C970000506F80DE215F309CDF7EA0AB004FF0445
:10C98000F3FF000B03000002E1F30EFB11FD04E8CE
:10C9900027DC38DF0D222DF6F40109FEF8EBE31F4A
:10C9A000C7EE01F2EB10FFF713F9F8F416FC00E5FF
:10C9B000F90D07421CE41A17F602FA30D9F908FB00
:10C9C000F9F9ECFBDAF6E32EF00C0031FF09DEFF9B
:10C9D000F1F6EFEFDEF1E9FA0A0BFD1507FDCBF9F1
:10C9E00025D90A0501144EF6F0520A02E71EF9FF96
:10C9F000F803D40E05DFE9FF37F3EFFCD51D0FEA8E
:10CA00000114DCFEF400F60EF0E2EA0414051AFD4F
:10CA1000F4000003FC24F3F9100C0D23FD00E5F6EF
:10CA20008003D40916FAFEF7D33E9E0E2DE2811341
:10CA3000C2030A81FB8024537F38EE2D06FB1C00C5
:10CA40007F31E6F6D20200CC7AF823E823AF97E5EF
:10CA5000FA9D02EC3200FBF7188125EC7FE92C37B8
:10CA600004FED5C325D88205F9056FBFB5EA7F104E
:10CA700080CB095006CA6F1D22FAFCE40DAABB0840
:10CA8000F6BE0C7F32DA34D1C2217FD8FF4D1909AE
:10CA9000134037F6B67F4B3927160502B8E4A54197
:10CAA000F6DB0001200000DAE8097FE4C4057F0D11
:10CAB000563353681AE422EBE6060C493E0F907F8A
:10CAC000031B1FF975DE99D81219F22A23CCE4D280
:10CAD000CE490E7FD2A32C5E361B107781801DF3CA
:10CAE0005417BE1C8158A07D4012EA7FDC449D7F14
:10CAF0004514071180F1B81B3A12C334FCE4032C2F
:10CB0000350AA7F01A357F05E221FC7F501C16A3D9
:10CB1000D22AAFF30B0697682C05D1F0B97515D959
:10CB20002F1881C1AF0006FD27F2EA1D57C87F2BE1
:10CB300007CF001E2F7F1806DFF223AE0FCEC840AE
:10CB4000DB04E70800EDF404C50DECF50C23F6EA70
:10CB5000FE11F7F4F308F0FC17FCE7EFF40B0D00FF
:10CB600013F2FF0C01F300E92CCEE004DDC7EFF077
:10CB700003E907350B000708DDD6FA071DF100F6BB
:10CB8000FB14F9D909E603E802FD5BFDF3F11A078E
:10CB9000DA0CEFFD25FE1B0920070101EF04E2FB83
:10CBA000FBF3F30F1DFBF8251AF421FDC5E10A0084
:10CBB000FFF3F7FFD00202F340F60211D10BE908B0
:10CBC000FDFE0004FA000001EBEA04060F0415F86C
:10CBD0001BE42FDFFA120FF3E9000F26F4FBE71234
:10CBE0003EF704EFE22AF9F2D3F517EB0CE401F873
:10CBF000F835143C14DD230BF8F9F40EDDFB0B06BD
:10CC00000C11F8FBCDEEEF24EBEB083B0214D60839
:10CC1000FFF3EF13DEF1F0E4050EF808FE022D0439
:10CC20002A0B02F9050A3B01EEDB07FA11110EF49B
:10CC3000EBFFBD050A32D90E64F2EB02E13511E6D5
:10CC4000F806DCEDCA00FEFCEB03E70211EF290950
:10CC5000F9F900FEF912EFF0D40A08E30300DA0252
:10CC60000214E90109F3F502E3FB0607020BFDF5E7
:10CC70001704F904010B030FE7E5F008ED03F400D6
:10CC8000E20602FAFBFE00110C03120CFCE60DC0DA
:10CC9000FF21F1190000FF07F6F8F0030203FDE69B
:10CCA000FBFBF904FAF00AEFFFF4FC2405F7CCF9DA
:10CCB000F603EFF5ED16F70107031D07F5F3F10095
:10CCC000F91016031EF805FC15F6F607F6DB0CFC4A
:10CCD00002F0EEF6FDF2F3F600110E05D9041A0289
:10CCE00007FE00F90100000EF60C030209F8E6FB4E
:10CCF0001ED703D5FE12F5FEFB140104F80B09FA4A
:10CD000022F40201E1010A0AF4FF10FAF9F8FD0B1E
:10CD1000FF2A12F7070615FCE8FB0CEEF8050500E4
:10CD200002E6FCFDDCF1FB17E4EAF7F0090610FC73
:10CD30000602F83319F3FD05EF06F502FCF8F90ACF
:10CD4000DB00FEF00D000CFD0601F2F61A0E0820C5
:10CD5000EEF6D708FE12F1D2BC04EDF802FB010397
:10CD6000EBECFDEFE60010D60115FCEB3C0BF1FA05
:10CD700002F200FFE3F1FC062502073B2106FE0E4E
:10CD8000E1F1DBFFFAE9EE036A130CF1FFBFFCEC03
:10CD900026AEFBF4FD1E020A06EDEF0EE2E5FF00F3
:10CDA000D3F8DF0810F400FE0A2FE805D2BA808815
:10CDB00002B3F2D00C000F09F206122906DAFA10BB
:10CDC000F1E109EFF229FEF400013110CCF8F31182
:10CDD00003EDFA1003F6E40D16EDEEE9EB2D17FE68
:10CDE0000DFC0DF11B05E4E43421F6F479FEFB00A3
:10CDF00000F807F4D5100A0EA411EAEEAA1D54EFAC
:10CE0000F7F20004F200000FF00508231DFAECE52C
:10CE100009C526F103FBEE05F2FCF21502F2F91D3D
:10CE200092F4FFFD1B8EE898412CEF054503E1DCF1
:10CE3000F02881010CF9151305FC2B0E0DF6EFE11E
:10CE4000FB0AEC15FAF0C3DDE900EAE30827D31B7F
:10CE5000ECD7F6EAEDC70F08F9150CFF190596FE99
:10CE60001BD311ED051834EDF16AFE0F1D07FD030C
:10CE7000F712DA1B10D2EF3C370D00D5031B11401F
:10CE800005F20327BC0020E8EB031BF71AF3FD0FA4
:10CE9000F71100F00E1CFAFB2C1D0ABA1C0B2B0D0F
:10CEA000940FD30D10FCFCF57F16FD0A038309FDDA
:10CEB00035800DFAF1481D38EFE90E1A2CF51600F1
:10CEC000D53CDE26EC0100C6FC7F15ED15A5A5CDF1
:10CED00008A6DD9A1B0002FE16192C0608CC0B3F93
:10CEE0000481FFD11E6381FDF50E3576A6FBF43477
:10CEF0002BE0052928F8150E2C101DBC0722ECF597
:10CF00002314091226F20FC87F36F6F77F0D24048A
:10CF1000011121EAACFC2E29811CF8F79B1B40DF94
:10CF2000FCD6002305007F31E3192E102B0A0AFCE2
:10CF3000FE3E427718F6FFF00603FE37191106246D
:10CF40009100131474BDCE937F3C9B0F25FEEAE73E
:10CF5000E268C20B21EB361A05FEE6FBF6EF10F88D
:10CF60001A81BF1DCD61A03D0636C6D4DC33A7387B
:10CF7000FBC6FA8093D7F4132D17CF4303EC811F20
:10CF80002C819BC2172B360BD67F14102A021288D5
:10CF9000E535DCF618801D7F310FFCC8082314111D
:10CFA0000F022147BF0069DC22D81B0F00DCE91803
:10CFB000FF01000E0102FCFF6C3719B90E231E1D84
:10CFC000D87FB87F7F7F7F7FD67FE87F7FDD4B7FF5
:10CFD000811F7F1D7FE67F77207F7F7F7F7F7F00A0
:10CFE000486B817FAF7F008104C07F817F8099DAA9
:10CFF0007F8181EA7F8180817F0A7FAEB0807F7FE1
:10D000007F1880807F2B8B7F817F80E1807F3D7FB9
:10D0100033807F7F7FAA7F7F807F7F807F77217FA4
:10D020007F207F007FC27F81107FF8810A7F7F7F12
:10D030007F7F7F81DBEE7F7F257F7F7F81817F8187
:10D040007F81007F7F000081807F4E82817F3F7FD4
:10D05000FE7F7F2C7F80807F7F7F7F7E7F7F7F53DF
:10D06000F27F7F7F37BF818A077FFD7F7F81807E50
:10D07000809006FF7F7F80097F7FCBD400547F7F25
:10D080007F13817F9F4081747F7FF0D6817FA27D57
:10D090007FAC7F031A80BF7F7F80817981B4047F5A
:10D0A0007F20BA807F7FD07F7F0C7F2A7F7F7F1396
:10D0B000FE7F81807EEB7F3B7E7F0C807F7F818146
:10D0C0007F7F1ECCCB001B807FA0807F5080BE7FE7
:10D0D0007F80807F7F077F7FF4817F827FFF807FDB
:10D0E000AA18CD0A16FAF801902907FC0E7F091636
:10D0F00043470C08F0272439E8EE15241E000500EC
:10D10000CA5ACD1FEB0100D51BBB22E7128791BF86
:10D110001CC6DA7F2C00FFFD0B0F081013E310363E
:10D120000F55FEC22C7F83EBF10E167FA0F8F50899
:10D1300017E3FE212A074B142D0A2ED1FD2AD1F91F
:10D140000D09281231F91DE1671DFDE084081E0656
:10D15000010C12F8B3E9351C731C11F6BE1910E16D
:10D16000FEE30012FF00F12AF219251C2A0F09FE26
:10D17000EF340F7F0CF002F60004FD461C24151757
:10D18000630B090746E3CE80822A7F091CEDF4FB7E
:10D19000D87F50021FEA480BFD09DBF903F3111099
:10D1A0001996C921BF6BC12E0027CBDDF030821646
:10D1B000FAC1007F94C2F7123216D74EFCF36547CE
:10D1C0003A4D8CB40B34380BD0A81B03611010807F
:10D1D000EA1DEAF60955177E2B0404C2052013093F
:10D1E00014FB1C2DCE0080D816EF2C2405CEE91D93
:10D1F00002F900FCF700F4FE803C1BA3052F0C286D
:10D20000DAFEAAF008E1FDFB9A1D10ED0741E9F1F5
:10D21000223BF303F6FF0D0CF7FDEF0DDCF6FD00EE
:10D22000D911E20F08F5000F24D11404D1B8988564
:10D230000BC8F63416000616ED01001F18FD091C78
:10D24000F700FDDDEF503CE5FCF82116E6E8E2F5DD
:10D25000FCF8F61DFB0A140F0DFF1502E51110FC7A
:10D2600010EC13FD2510E9E10D12FDFE830BCBF050
:10D27000F7EF05F0CA090E186123FDF7BC1F31ED69
:10D2800005FA00F6F4000017FD00FF2418F100EC89
:10D29000FFCA00EE0305FAF7EEFFE912FF0908F9ED
:10D2A0007FF102FBF892DE99B90A1B163AF7EBE51B
:10D2B00001666FFC0BED190301021EDB1FF4FCFE7F
:10D2C000040DE70AF6ECBBCEE3F2F2EE1114C3054F
:10D2D000F5E1F11B09C815051211E50A1AF2431808
:10D2E000151006CE071C2AEDF2A801042D0A0A0229
:10D2F000FA04DB0A091AFA2D1C1D04E6001A134D64
:10D3000003F5F117CA00CBE0F20B11F128F0FE088B
:10D31000FE1000E7080B01F3F02408E9150D0B02DD
:10D3200010F21601F308FCF8270A0EFC0BE2F4F5E4
:10D330000AF301F101081714F3F20308E5F7FC0002
:10D34000E3E5E7FC0CF400F4F60DF90EFFFC9F1684
:10D35000F4DE2FFEF8000207F202080BEBFFEE05E9
:10D36000FA05FB09FA0BE00005FE09CAEC060A09FA
:10D370000FFEFB0F010CDF0807F4F8EEF80BFD00C1
:10D3800011EDF70C100207FBDDF5FFF10AFF2E0A85
:10D3900006F2FBFC25BCF2EDF2FF05EEFC0FDAF71E
:10D3A000FEF9000A0600000BEA09110AFC04FDF36D
:10D3B000C1ED1725FC0AFA0D02F7F70719F8050861
:10D3C000F301080C07DFE90C08F10ADD100EF4F98F
:10D3D000E1F40CE60304E3FF03F921160417F0EE71
:10D3E000EC61FAFFF1DE03DFF508E4F8020414E46F
:10D3F000F9F909E6FCE204FAE20608F3FFFEF3F3AA
:10D40000F6F62C12FFFC1304010AF2FA05030810C9
:10D41000FA00FD1B11100DE6FCF7FEFD04EC0A1FDF
:10D42000EDEAFA09E80018F9F7F5E7070203EF0259
:10D43000FB1F00F8FEF5050717FEF3C81AE3090AFB
:10D44000ECF1E5FAEBECF5F8560B1BFA0BD805E816
:10D4500021DFFC08FCFE010807E4F301EEDEEA0030
:10D46000F1F8FBF620F200F3D409DEFDEEE597D7E4
:10D470000CC43D0AEF00140BDC1AF722CB08FB2882
:10D48000F5F108F2F52B08EF02FEBDFEFFF5071BD4
:10D4900014FAF70BF50E010E00F9FDF4E80223ED86
:10D4A0000C0C03FA0201D30B16F9D3FF23F1E00BA6
:10D4B000FEE90FF616D9F2FEC5FFFADB0E1626F9C5
:10D4C000FCF60017F500000600E8FDFEF816F9F17D
:10D4D000EEFE1E22FB0BF8EEF5FFCCFD0104FED89C
:10D4E000BBE9E807EDE9F2F80110FDFBFA1D08536E
:10D4F000F91810F00701FDF1020535DE1400F9FB03
:10D50000EB2AE5FE20F8BFD705230CF70600D6E08E
:10D5100003F1F5F6E4D82EED1D0FEED23A03D4F662
:10D5200000F4EEFFF204E7FCEF29010516E901E340
:10D530000105EE1613D510321306180F02C00B5258
:10D5400002010B14BE00F7F4030032F3C1FBF10239
:10D55000F6360006FFD0F3F4310BFEB406002DF9C9
:10D56000C815C70C09DE1BFDF8467F0BFEF55D0BE9
:10D57000CB0D185FEA2F0B80F5FF1E030CF92D0071
:10D58000557FE5187FF700C180E50DD217B283E91A
:10D590001DA05C091FFB09F40250127FA8BE215593
:10D5A0000B0B4FBC353CFAE8EC01E16BE51E9C0D22
:10D5B00055EDF50C2B34682B162332EC034E7FFF10
:10D5C000105AFED32B7FF4B8710E86DCF70B1AFDD0
:10D5D000FB4646F1819903351C1307C1D7F12BF2A5
:10D5E00030EE0030EB0000D4EE06C7ECD522DE08AA
:10D5F000C81AC59D0CE0BB1E2C10EF27D13F178F1A
:10D60000FC321AFB7FCCCD9CE235F013335EFE4931
:10D61000F7172097CD3D258000277F8155491F377B
:10D62000B4AED40C7E7F9905DA237FCEE50880A7BF
:10D63000FA80F1CB98D57E240912EA81747F0D1609
:10D64000241081EA001AC60CBAFE3FA92A95258D3E
:10D650007F28FCF11108603F44057FC648D3167F40
:10D660002E14667FA400FBD0167F1C328CDFBA0E0E
:10D67000F75D001F1B85E1F6CDE42E93047F4CFC83
:10D68000E7F8EEF6FCECE904D41D160CF31806F5E9
:10D690001710FC0CFEE7050901EB07F0ECEBEB00C3
:10D6A000EC07F8F518FA00F3E0EDEEFAE6C99CE9AC
:10D6B00010F5360EF800110AE30DF32CE007051CF7
:10D6C000F80D04D1FC3A0FE4FEF4B1FE0DF5130F92
:10D6D00006FFF6F4FA1F020EFDFD0602ED033EFE04
:10D6E000001D00FD0105CC000AF9DAF5E1F5D604CC
:10D6F00002F30A0D11CEF6F737F406DD0219200603
:10D70000FA08000EFB00000907EFF402010FF7EE24
:10D71000E705EA22040E0DF4FAFFCDF2F90507D56C
:10D720005FE2EC00EE0CF40CF20515F8F6160B2E89
:10D73000F62209D60BFDF9E5010C2FC20F0AF907F5
:10D74000DF2A00F819EFD1D6050E07061505AEC879
:10D75000F5E4F721E1D018FE0A0BE5DE3B024312A7
:10D76000F804DCEEF20EE1FCE7D8FEF509F2EFEA90
:10D77000F9FEEF0D14250A2425F41D03F7CD0C51F5
:10D78000F9F905F3DA00FFE9061042F6C3F4EBFEFF
:10D79000F52D0004FBCCEE01E5100FCAFC1014FDC2
:10D7A000E7FCE6FDF6FAFFFFE11E0500FD25EDF7BB
:10D7B000FA0901FD00F3240A01EA0707E101FF006D
:10D7C000E9F5EC020AFB0003F6F0160D04FDB61AAB
:10D7D000F8FF32250700FD09F3F6F5201110F726B2
:10D7E0000309F103FA29E5FAFF020AC716F6FA055A
:10D7F0000E0801020B17CF0CFE0A060CF0F903F914
:10D8000016F3F8FC1F0511EBC2FAFCFEF6F409FF53
:10D8100001ECF8FF24D0F2FA0F070DF71011D5F93B
:10D8200000F8000003000010F80E070C00FB08F9D8
:10D83000CFF0022DFE1102050405F2EF0E0408F7E9
:10D840001CF7FF0A0CDBEC13E1EF01EA0C00F9DD39
:10D85000EEF10BE201FCE4F6F8FD17E50D1BFDFB14
:10D86000E2590BF4FAD006E7FDF6ECF509040FD007
:10D87000EFFBFE231BD0FFFB0CFAF8F90CF817079F
:10D88000F6FB19F007FEF00A09ED04EC010AF615A3
:10D89000F7F9E40B08040DD5D5F1F90AFCE00A38D4
:10D8A000E8F8EEF0EE00D901F6FB010F0F08EFEFFC
:10D8B000FA2300EDF3F10A0D170401DB09EDF2F88C
:10D8C00012F301F9FC0F07FA2CFB1203FB010AFD0E
:10D8D0000FFAFC08FEF8FD07FBF40BFAE100F0007C
:10D8E000F707F5FA07FE00E9FDF5FCFEF20BCB7F2A
:10D8F00014EC2401F60005FEED0B0E16E315FC12E8
:10D90000F8E90212FD1622F700F3EC0C080604EA0F
:10D910001EF7FB11F3F0BF06F8F008EBF824F6FD54
:10D92000091DFCFB0CFDF6F8EDF1FCE91CF1F70616
:10D93000FAFE09FBFDE3F701EB0202F2EEF9FEF756
:10D94000040700040000000AF9000804001E00F7A4
:10D95000F2F3D604F7FEF206FCFD060B07FB12FA03
:10D96000F9F4010008F7E8BFEEF50CF5F613F61030
:10D97000F0F4E0EE00FD14E8F5FA10F51306F8F8FF
:10D98000F517EB082B17EDE4F31AFC06FFF7F5CFBC
:10D99000FAF9FEFDEDF01E0ED705F2F50B0EE5FED1
:10D9A0001AF020F8F5FE0DF7FC08E9F51DF415ED69
:10D9B0000F08071CFF0C1801F5F909D8040D0ED744
:10D9C000F8EDFB13BB000BEEFC06E5F7DE080204E6
:10D9D000F80300F9FEF40CF9170D08C209F41CF362
:10D9E000100DF406FD0803012D15FF0601F1F3FFEC
:10D9F000FBF807090307F0FDECFF000DFD010B002C
:10DA0000FE16F70303FE00F400F5FFF8FEEDF44DFB
:10DA100004D616EEF9000405F7020820EA081508F6
:10DA200000F5071BF717F3FA00FCD9EA23F11109F7
:10DA30001909FF01FAF4E50EF7F6E7F9F5161EF1FC
:10DA4000FD2F06010DFB0213DFF6FB0627FA180A6D
:10DA500001F4020334F1F2F5D3080508F2F8E9FE07
:10DA6000FFF700FFFE0000F0F4F90B14F1F1FA00EB
:10DA70000AF014D1FD02ED02FF0501FEFE0200F1E5
:10DA8000D8F8FDFB02E6E5DF05FE01F807FE02120D
:10DA9000F2EF11FBF70600E6FB08FE01F3EB0C12B8
:10DAA000F53AF10422080FE0F101FCF8FBF919F056
:10DAB000061B0F0D10F61F050802EBFEFE08F4F81A
:10DAC000DEEF2CF4E700FBFA03FAFCF40108180C73
:10DAD00013100C0E0D0608D4FEFD01F9F20A02D255
:10DAE0000200F0FCC50003FFECFBF81201FDFF0291
:10DAF000FB130009FBF507FC0F0012D108D90A0837
:10DB0000BCDFB1F6EAF0F007032B2FFFF9F418E5BC
:10DB1000F007F70F00EB040311250FF9EBEB0900F9
:10DB20005027E11237FC00E4B601F7F9E1D8D81923
:10DB3000F7B91BF7FA000C13E21A1455AD02110ADB
:10DB4000F0F030EDD4F3A1F0FAF6E613020FF4F49E
:10DB500056F509F4F36B1F010CEF18F0E97F7CEF29
:10DB6000FD7FFFF51015CCE2F9F299EF0607F403FB
:10DB7000FEE51100F1ACF3130E05F2A4D7F6B801DF
:10DB800002F60018EE0000F3F9070AEDD20C17F8C0
:10DB9000BDE9B2EDF5FBDBFDF3FFD50BF10309EFBA
:10DBA0000FEEFCF10B80DFC50411FEF8F91EEB0D42
:10DBB000EC131AEFF500189C1C0B2590465F0F150F
:10DBC000DF35F70D5A13C8E9041C25B5FE27AAD680
:10DBD000FBE100F2E5C14200F10EE1EF2827050D5F
:10DBE000100305EDF10900F708F806110DE90FF72C
:10DBF0006127E60F1C0D20E54BF83CE818E30A37D7
:10DC000010022A4B8000FDD6F25D3CEEBCEDCAF856
:10DC1000F04200280ED2EDEF06FC21B70C4024079D
:10DC2000FE13F804FEFEFC09ED0EF200F6FDF9000D
:10DC3000ECFC0301080AF1FDF5FEFC07F208050003
:10DC4000F210EE02020000EF05F017EEFD0223389D
:10DC500002ED1120FE0002FCFAE9FD27F40718147A
:10DC6000FE08050CFF06EAFA01FFD9D726FE0C02D2
:10DC70000F02FBF1F8F4CE11EE05F2FBFB081EFBE0
:10DC800007230CF21BFA050BD9FCFDF7F1030C007E
:10DC900009EDF80733EDFDF22B020607F4F9E70072
:10DCA000FE0000F5F30000EF02EE0E14FFE606059D
:10DCB000180700CBFF0EE906FCFA03FE00FBFDF29D
:10DCC00014F9FAF800F3F907F8F900FE09FEFEF47A
:10DCD000F9EF29F0F103EDE4020404D4EEF1090EAA
:10DCE000EB2F05FF1DFA02ED04EB01FA0BF304ED37
:10DCF000FB1802E20FD602040103F506F1072CF52A
:10DD0000DF0311EBE400F00106FCF2F0EEF4F70D96
:10DD100012FDFD08210EFBEA07EA08F2FB0701CF1E
:10DD20000008FDDDC600F702FE0CFA2316F8EDFC34
:10DD3000FEFB0011FF00FE070B0114C905DCFBFF11
:10DD4000E8F6E4EEFC080406F508FA05F50811FC0F
:10DD5000020EFE06F9FA05FBF9E718F0EC01F300F4
:10DD6000F50EF4FF090C00F7EAF5FAEFF513EF7082
:10DD7000080B2A16F90005F9EAFDFB2BFA0CF20F45
:10DD80000A0E0507FD130CF50605F80E1502EDF653
:10DD90001606FEF9F10DCB07E90212F9F61909F39F
:10DDA000052508E1F605F4F1E101F40004E9E5FDDB
:10DDB000FDF105FB00F600FAFFFDFBF6060301FD91
:10DDC000F20D00FB0200000CFEFF0B000702100129
:10DDD000FEF4DA010105FB10F7FD04FFF80201FB78
:10DDE0001FECEE0305D4F1BB04F906FAF411F6FBBF
:10DDF000F80D38F9FE0210DAF8FD18BB110DFF021C
:10DE0000F31101F6230A0008FF06FAF909F2F0D52A
:10DE1000F5FEFDFEFFC115070A07E8ED060B3F06FC
:10DE2000140013E6F2FAE7FC05F1EFF6F9FCFB004B
:10DE30000E02E912090E04FBE3E608EBF50103D23A
:10DE40000002F6F2BF00F4FF0808FBF9EF10F1F64C
:10DE5000EBFE0003FEF00104FB0D0EB3EE0703FA28
:10DE6000131B0000A90000007D1A000082FDFFFFC7
:10DE7000D4FCFFFF300200003BFFFFFF8BFCFFFFE5
:10DE800007FAFFFF97F7FFFF4EFDFFFF00FEFFFFC2
:10DE90005DFCFFFFACFBFFFF88FFFFFFAEFFFFFF56
:10DEA0000E00000049FEFFFF03FDFFFFB801000068
:10DEB0000F000000BAFEFFFF56F6FFFF71F5FFFFEF
:10DEC00006FDFFFF9AFFFFFF3AFEFFFFF1FCFFFF99
:10DED000E904000036FFFFFF8BFCFFFFE9D56EF180
:10DEE000E0FBFFFFDAFAFFFFFA0800008BFFFFFFFD
:10DEF00068FDFFFF29FFFFFF0DC7B6EE5B040000C2
:10DF00004DFBFFFF81FDFFFF1FF3FFFF4A030000F2
:10DF100047FEFFFF580500005A240000840000005F
:10DF20003DF9FFFF6D150000C1FDFFFF1EFDFFFF66
:10DF300098FAFFFFCCEDFFFFAC000000D206000016
:10DF4000EFFFFFFF66010000F5FAFFFF73FCFFFF24
:10DF5000EA01000094040000A0FBFFFFE5FCFFFFC6
:10DF6000DEFBFFFF99FFFFFFD1030000C5090000A2
:10DF700013FCFFFF81F8FFFFC5110000150F000023
:10DF8000B6060000CDFDFFFF5B00000093F9FFFF28
:10DF90007E040000F8FEFFFF6AFCFFFF2BF6FFFF88
:10DFA000B1FBFFFF1E010000730000000FFBFFFF2D
:10DFB00002F7FFFF2402000042F5FFFF7FEFFFFFA3
:10DFC00097FEFFFF3CFEFFFF47F8FFFFAC05000098
:10DFD00099000000CBFFFFFFB6FDFFFF93FEFFFFA0
:10DFE0006DFCFFFF74FCFFFFBBFCFFFFD6FCFFFFD7
:10DFF00020F7FFFF96FFFFFF70FEFFFF5D020000AE
:10E000004CFCFFFFE5FBFFFFD40000006F030000A6
:10E0100034F9FFFF51FEFFFFB5FBFFFF9CFEFFFF42
:10E02000A5FFFFFF48FEFFFF83F8FFFFCE020000C1
:10E030000E1200009E090000BDFCFFFF83F7FFFFEA
:10E040006DF6FFFF56FDFFFF37FEFFFFFD000000EE
:10E050009A230000F2000000A2FBFFFF4203000031
:10E0600089FFFFFF730800007C1B17ED25000000EF
:10E0700020FFFFFFF51A23EDD30EFFFF9B030000E7
:10E080007D070000E2FDFFFFD7F6FFFFDF00000085
:10E09000450700003DFFFFFF38FCFFFF0B000000BD
:10E0A0002AFCFFFF34FEFFFF3CFCFFFF2BFAFFFFC3
:10E0B000C9FBFFFF4DFFFFFF8B030000CFFFFFFFFA
:10E0C00090FFFFFF43000000FDFDFFFF8200000006
:10E0D000D3FDFFFF28FBFFFFC400000085FFFFFF0B
:10E0E0000DEFFFFF3BFEFFFF73FCFFFF71FFFFFF24
:10E0F0005DFBFFFF89140000B80300009C050000D1
:10E1000071F9FFFF7EFAFFFF54FCFFFF74FEFFFF73
:10E1100054FBFFFF69020000C3110000C6FDFFFFB2
:10E1200003030000B9F6FFFF10F8FFFFC2FBFFFF7B
:10E130004BFFFFFFE4FFFFFFEBFCFFFF8FFDFFFF47
:10E140005CFFFFFF06FEFFFFC5F8FFFF46FEFFFF77
:10E15000BAFDFFFF6E020000D0F7FFFFBEF9FFFF20
:10E16000FBFDFFFFFEFCFFFF571A0000A5FBFFFFB2
:10E170004F01000080010000670A0000BCF8FFFFAB
:10E1800062FDFFFF03FBFFFF190000005E000000BF
:10E19000FB040000B2FCFFFF32110000A6FEFFFFEF
:10E1A0000AFDFFFF272400003100000070FDFFFF83
:10E1B00070320000D01B00008BFCFFFF64FCFFFFEF
:10E1C0009CF8FFFFC3FFFFFFF20300009FFBFFFF70
:10E1D00014FAFFFFEFFCFFFF0FF6FFFFA6F0FFFFB3
:10E1E00042FBFFFF56FFFFFFD51B0000080B00009E
:10E1F000FDFDFFFF02FEFFFFFDF9FFFFEBFFFFFF4D
:10E200007918000007FBFFFF35FDFFFF4BFFFFFF05
:10E2100007FEFFFFCAFFFFFF9EF4FFFF8508000017
:10E22000FC0100003BF8FFFF011400007E0100002C
:10E23000C9FAFFFF72FCFFFF7E0000000AF8FFFF33
:10E240001EFAFFFF5FFDFFFF3500000041060000E2
:10E2500009000000A3FBFFFFD9FDFFFF50FBFFFFFC
:10E2600036FBFFFFFDFDFFFFD8FFFFFF36FBFFFF83
:10E270000821000066D94CEF57F9FFFFDF010000CD
:10E28000AEF8FFFF0CFEFFFF62FFFFFF63FFFFFF23
:10E29000EC00000001060000390200005EFAFFFFFA
:10E2A00075FEFFFFB3FFFFFF1EC1A5FA0DFFFFFFC5
:10E2B0001FF9FFFFF4FEFFFFE2FFFFFF53FFFFFF29
:10E2C00011FBFFFFF6FDFFFF54F1FFFF3A0D0000C9
:10E2D00046F5FFFF43FAFFFFFFFEFFFF0C000000C3
:10E2E000F6E5F81225E23AECF6E00025F315370AD8
:10E2F0007FEEC218072617D1D129DBEBD6D12D002E
:10E30000D4181910ED1C00BF25FDDFF3030D591CB7
:10E31000222BF3EBE4001B98D9DB07E41FE31FCAB1
:10E320000BFA2F321DF85C1B2E4AADA2CBD81BE591
:10E33000263D2B1027061D7E39CFD7E8B8303AF896
:10E34000320BF9CD723AE2EE2AAD04F5F113FE3A42
:10E3500027F2FD45E1F1F208D009160922602B08E9
:10E36000172100A9F60000F8E8C4C32CDE02FAFA6F
:10E37000392302F82DA6B4D005193E19D42E0CE38A
:10E38000F338E8D5FCFA10C5302F0B26DDF1DFFBA2
:10E39000DBB0E2F711C539F4FB4503102AC4483558
:10E3A0003505D6C2F9EC0602F522D52C4CD95DF123
:10E3B0002C975F07AE3AF00AFDA7B0C6A6EDDD27A1
:10E3C000D03D428DE5D4CCEE3AE250EB330B16094A
:10E3D00050E1CE84DF302214340F1BD706DFC60E87
:10E3E0001EF0B826F1003825EDCC37F9CD022B21EF
:10E3F000FBF10006F40846E5FA0CC1D80A2CE4004B
:10E4000029ED0441181D03C00320091CD31EC104BB
:10E41000DC1BDAB1F4F608F8F7D727DBF3F32300B7
:10E42000F601110206F40037E9F52609D23FF3DCC4
:10E43000F4FF1CFE3800F0F6C816F81219CC0EA92D
:10E44000DB30F6F01C1208EA70C70BFC42F60F072F
:10E4500032EBE916F0DE33EA06082DEBD41331F384
:10E46000141C1B3CE01AD2C8DEA9F010FA0228D511
:10E47000503FF4E904F9D9D8CE00071A0C16A926A2
:10E480000E1A001F120000280C15F4F5E8AAFBDA9A
:10E49000FAE40EF215CE360E147F08DBE608070309
:10E4A000F3F80CE5F3E4D509EE31FDF27429EEC47E
:10E4B000143501FA1CB1181CFDE3DCEF52E6CB1E4B
:10E4C000F42153F21CF620091405EF1805EB401651
:10E4D000CD05F9E8C5EAF2FFE7F8EF0A11D3D80B4A
:10E4E000DF19FFF835352CDB1F0819DD0BE30BF1C5
:10E4F000FD1A10FE07F733E6C11FF137F31D4DF08B
:10E50000D115D4E00900F9C61CED1F0EB8C30E45A5
:10E51000EE9D001E1B511DFCE30310F025261798ED
:10E52000FF23CF28EBD163F311DDE0C9E9ECEE273F
:10E53000C2FDECE60EFCF3F8EA0640C8BED2D700F6
:10E540002605EB41E7DC00E3063BD7D9FC4135204B
:10E550005F34F3155900D10BC50278C901FE1B13B6
:10E56000220CF5EC13FD110F0439DD33FC0CFD0218
:10E570001FDB17FC584C20A7E8CE39CC21FD1D1F0E
:10E58000F6FB31352B1AC9C0F5851429E5EEB42EFA
:10E59000FB0E10211B31CA9BCEF01AE2F3D6DEFD32
:10E5A000D4E4000EF9000056E7F6E8100AF507C5B6
:10E5B000523AE4192109213F15005D44AD1BF70CC7
:10E5C000F911E401FA220D390BB6E51CC2E4F40D91
:10E5D000D23CEC0CF3092D207F0B193BEEE22EE030
:10E5E000FD34E6EECED1FBFC0DCE15CAF1F2DE8491
:10E5F0000AD8A8292EEAF016F8F4EFE504CDE62CA7
:10E60000EFD80CF8C1EC1AF90206CF0A2975E51704
:10E610002AE7CEE6EF0F3505EF15F7380AC2A60751
:10E62000D74FE4D61A00BAF6082BAE0042683E0572
:10E6300034F00008D44D35F0ECE8E4FFFA0AEE0AB5
:10E640001B040CF4F433B0D5C7D62B04F0FFD8F973
:10E65000FDCCE00136E4C9F1FEDDFAED00DB1B0084
:10E66000DF0E3D2619F30035D9E20608FDD9FF0774
:10E67000F7FF23F4FD00210DEF1CEFFC0D0010341B
:10E68000EE12092AB80536E02BD9061A0A22DCEF69
:10E6900009E7C221D510BF38FBFEB94C0C14E720A6
:10E6A000F0F505D7D8000C110ED2E3CDE9EE1BAA88
:10E6B0001527AB16F7C1E0F006A719A70FF2F4244F
:10E6C00065490023E300000940BA0EEB345204F719
:10E6D00008EAF4291B0112F5802EAAF7C622A80722
:10E6E000E1B4F114B91C0F20CD38B705FAF20CFFD4
:10E6F00001F706E5FFDEEB00CAD918FCC1FF24D5FF
:10E70000C3F6D2DEF718E3DFC8CAFDCE1C0BF6C78E
:10E7100028EB0EFCDBE2F426DB18253008F60FE3CD
:10E720000C22F00233252BEFE0E8060E05FA0F2B42
:10E73000F90FE3EDF7FAE81E4CC3F53A04FDDD09E5
:10E74000BC09F7220D001AFEFDD60DF4DB16D940E8
:10E750000DEF00F1F9E0EBFADF03E60A42270EFFC6
:10E76000F01510E8DBE1F901E40CE9E6ECD3FA2856
:10E77000F0F4E325FB1817ED06F14A08E2F9210051
:10E78000FC0CFCF3CA4500EF11FA0316C1F90EFDAB
:10E790002D0D0F001F002405D601E50721EEB5243D
:10E7A000000812F3FDF902BF80D2EA3309DFEFD18E
:10E7B000F3AB0A361BF8F6361E020B12DDFD3028CD
:10E7C0002DE60732EBFDF963F165E0BAF0F80633A8
:10E7D00053FEEEB32DC0CF1FD1CF431CCE37F7EE83
:10E7E00069E700DB450000F8FFD3FF1E0A12CCFDED
:10E7F000120EEB1B0651EE090635E41BCEEDF9EDCA
:10E80000DC0D2E209A11F4FD28EFF6E7F80BF9370E
:10E81000FA3AFEC72003C3F8D309D8F5BFE3F528B9
:10E82000BBF51105051E14FB1604311F0A094C0522
:10E83000C9DB220DC0B61DC506DCAC54F2560BF286
:10E84000FB36E1FDF43C05E9E5F6E7BE09FBFCD843
:10E850001C2F1CF208EEE0C315C8E711DE0A010305
:10E86000DDC9F50D0900F928E014FD150001F108D6
:10E870004FDE001ADEF4D6E00BE409FB0909F4EFE1
:10E88000190600D7DDFF54D2E0E12016D608D6CA1B
:10E89000E617EFF6EAFC2E3FDEFFC91BD1180C008D
:10E8A00004F1D8BBF4F700600AEE3308120CD20B67
:10E8B000EFC027010400E9E1E8FB5018FDF31C213B
:10E8C000103AE85119CC143C622DBBD7FA081ADA79
:10E8D0002530590AF1F3371BFBC1F6C6BEE0581CC0
:10E8E000CBC9E24DF71D1B2D35DF011BF92203CFEC
:10E8F000EF2FEC14DCD53ECED50915FB19D433F639
:10E90000C8DF000CEA000003EB0AADF7D9260A21A4
:10E91000C5FBE9FA25353CE846FCD60ADA3BEFEFC1
:10E92000033153061DF62A48B809FF07143F462F46
:10E93000E21C19E8E11B0BFA47E6EEF33EEDFA2A7A
:10E9400048D6E62CB2FD5A471BBA1405EC134CD935
:10E950004C805E14132CBD09FE0234C4F405ED2076
:10E960001FFD132AE5003C4B13EE1AF3170116ECBA
:10E970003AD1F239F71140B7E3064212DE0A0DB17F
:10E9800021FADDB6FB0001270E20DC0D0AD5E719C0
:10E990003AC9002E03280B03F4FAC5AEBD36EFEFDB
:10E9A00040F1E614F30FECE2061AFAD865F9332EBB
:10E9B0000BE70611800024C9FE11D62A0858E00092
:10E9C0000DE0082FDF31000132D2FEF6FE0F26E8FF
:10E9D0003844F2F9DB00070FFAFFE5142D223DF76A
:10E9E000CF13F206E511101EFFF635BB02F41651E7
:10E9F00035EEDB023206121F03D4DD50B304EF34D0
:10EA00003232EBFF202EF70538063FE90E0ACAE73F
:10EA100008C74BB1044CF7D2F524B9EC2DFBEEB985
:10EA2000FB3400F5230000F722052BE2A6EB14FFD0
:10EA30000D3EDDDA3329A223FB15FA1A0B00F4137D
:10EA4000F434ED3913EAF00C0009052004DDEBE3A2
:10EA50002A1CE30E41122B0D22222E11C7290C2C49
:10EA6000FE219A4B1EEFFEFCD9EDD7420A0ED5D0FF
:10EA70003EE9FA053CE02B1809F5F9F12E530DE4B7
:10EA8000D3D5EB47CAD8130EF615E529E1FFC40D1F
:10EA90003339C9E808231550F90915FCD213FDD6FE
:10EAA00069FE1430BF00F402FE0EECF6479E2D31D5
:10EAB00000030018F9283712031DFAD74F361A1D24
:10EAC000CFB8091CEED13201DBDF3A3007F9E5EDB2
:10EAD000CFC3CF6407E0CFAB07F1EC4256D9EF00CC
:10EAE0000C2DD7E5F9FE00B7F31B11E30FEA07027F
:10EAF00023E712EE0A0020E937FBB9ECEB342BD9FF
:10EB00001AF1C045F6F3CB1244F71C06FB08F826B1
:10EB1000060430DCE5DB289019FBF64D36022CB3F9
:10EB200006F1CDF5C8D8EAF9F0321101ECEA0AF79E
:10EB3000004EC8F7F14BDA88F3800A3891CDB2F075
:10EB4000E3C300D4120000D0EBCFD49D25F3C4D78B
:10EB5000DA0AE51E0717F4E0B1C2DAF05403EBEF6E
:10EB60001FBDE7360AF200F4F5AF06FE0737B0F036
:10EB70001D23D0E507F5F30EBEB9F80439963DF133
:10EB80009C4599FFEF01F7D2DE1388FFD5D6E93512
:10EB9000CF05D8BB0C1AA7FABB18FAE938D3E90895
:10EBA000E41D10FDAEF720F63BF4E2C80CECA65BCA
:10EBB00010E1ED1EE7DF2010F9CB1FEAD1D30530BD
:10EBC000CA47F5D10A004FE7FE4D36BDF0C6CCD09E
:10EBD0000502000C5CBFFB25F0BEDBF6D8380D0645
:10EBE000CC0DFFECEC01090044E76CEDF81603DEF8
:10EBF000D0F90D12E7FAEA131FDAFBDC2118140032
:10EC00000DFEDF0D602400C6730902EA0017E40060
:10EC100005270D19FC00E9E0F01FE739030BF0F4BC
:10EC20002207C816D41E154020E038DCDA210E1564
:10EC300051E73DF217341AD7F017020E04180C00F2
:10EC40000A05CDE5F00DFDFE034542F10B39F9EE65
:10EC50002BF020090CEF28DE0CF3C9993EE611E5F4
:10EC6000F9DC002AE20000F6F70D0BB122EE0528D0
:10EC7000C5F9DEB10518C2D90C1ED50EFBEDF14B5E
:10EC8000120DF8F0093706DFD7EB0414F8F9D1EDCF
:10EC9000E6F50150DD001C39DEEC1F3E1632E6DFE2
:10ECA000201D25051715D7F711F3203BEFD8D0030A
:10ECB00007C4F0F201D11B38C92603F3DE080C1A91
:10ECC00019FBFA1BCF0E395A071E08EC49D02E0A41
:10ECD00003E0DD7F1109F6F4021A2A351101190249
:10ECE00098DB20100A00FFEAD8FA07FC1540F53738
:10ECF000250F000334532F28F338D1E8F1E14520E4
:10ED0000E4622FEFB40A01C5FF4B2DDE33FA00D6C3
:10ED1000ABEF02EFECFFDD2E4E2AD41C501D080095
:10ED20001BCBD8E3A4E700F40931EB8D2ABBFF2D00
:10ED30000BE42FDEDF00FDF4EC1415353012FF2B51
:10ED400040FDEFCE5C07AE1A3B6117F2F84102F3CB
:10ED5000EF0CE415E30EFC1C10EDFDEEE60E38E1C1
:10ED600028CB1130E81F15F2F186F61019FB4CE99B
:10ED7000140B00101341CEDF1C170E16F548FA1DB8
:10ED8000101600E45E00001302FBD4261A4E02FFA8
:10ED9000D33412E50B4001074BF60BB63AF99EE867
:10EDA0000BEA26E0D50DE5374E7FF7FEAC32B60A0A
:10EDB00015CF07E36BFF341AECD83DEC371841163A
:10EDC000E57B5DF5DEFC070E1C68FEFE42C02DEE05
:10EDD000FEE6F90206FC010AC9042535D568201CA7
:10EDE000FA0CE8D49EF321FCDA1B13E5FFD0123CA9
:10EDF000E25AC13BB72FFAD9F828FF02BAEA111438
:10EE00001F78DAA5FB0001D4BF6AEEFCE8E11945E2
:10EE100004E300CCEE27363AFC2FF6F0DAEB1310C1
:10EE2000E6091C2326555034187E05F8FEF2ECDA6C
:10EE300037EAF1FFB5FFC6E9D21E642EDB1F0600DC
:10EE4000E90FD6F7E7B200C8BACBE409E0CE352324
:10EE5000CFCD2FFFB500D247C5E20D0AB721B5309F
:10EE600009020E15FE120D29173BA011F033E7E63B
:10EE7000D80EB4C6B3C70322F2E81426D232E8543F
:10EE800099C8BAD9ED12E9FA3507FDEF0A2BF5FF5B
:10EE90003DD2ECEA2139932503EC070E4EC9EEE58D
:10EEA000E4DE00EDCD0000EA26C3AAE354BEF5156A
:10EEB00017F01103D823FB26156AE4092ED7E43492
:10EEC000E9E8F6DAF8EEF0FE2CE90930BE38ED2E6E
:10EED000DEEAED140430F1DD0EBB56F3F8071C1D1D
:10EEE000CCF635CE0BD3F029B602C6011DFEFC29A7
:10EEF000E60319104888F820051CF1550D291CF46B
:10EF0000030B06F5CBFD2CCCF5FF371604182FFAB2
:10EF1000CF35C6FD3BC5EDD2CD09F2EFDF3801326A
:10EF2000D5083F238100230208CA41EADC21DCBC6A
:10EF3000031B0032F957E70F06092DEA20DEDEFE3B
:10EF4000DCD2EAF910030916E6140C18ECE506D732
:10EF500010FED703120808FBE3EEC807F91C0900EE
:10EF6000D2E924F912020022FA15283EFBDC1A0528
:10EF7000F7D3DE0B0D001A051006F5020608F70898
:10EF8000F40100E5FA05071BD5E60C23CA20F7F3C8
:10EF9000EDF3161E11D30FF409E1F5F0EDF7142689
:10EFA000E9F3090DF8E50DE8FA11F5F8F315EC02AF
:10EFB00018FEFCDB10EF1311EF231721131A03E4E3
:10EFC000B3FB000C0300000C2402F42811EE02EF46
:10EFD0000BD6F8022BF3CD24E51A06FD01E9F10E5C
:10EFE000050212D9177FE311EF55F50029FEF90943
:10EFF00005FC0E32E303EF141CE300FA01140408CD
:10F0000001E919FCE213F7F52600F5F1250B42158D
:10F010000CEC0B0BE3FA363FF7181215F0D3F5F1B1
:10F020002B05FBFB111010EC26F7FBE30B2D0CD985
:10F0300009312BF61107F9C8F207F728F92D1D0839
:10F04000F92B03EEC300F601F2071D32FEFA23216D
:10F0500000EF00E6E8DE212E02DE0F00E80BD90605
:10F06000802BE4FAEE1418F7EBE113EF29420A14AF
:10F07000E60327160118F6F8FCF0D69FEE380200DA
:10F08000FAF6011CFBD80013211AFF2DF7E5DD224B
:10F09000E70CE40F3200F9F4DDDF4A0829FAF20543
:10F0A000F81BFDBD15F5FAF70825DB22E2DFED9C24
:10F0B0004C2C27C8DA06DFB3D71803DAC913E2EEFF
:10F0C000E200A6E9F5E5FE082609C723EC1AF614C6
:10F0D000FA42E03D311E18FFCECDF9EC2DFE3DF594
:10F0E00014F2001EE60000E3F2E40F141C1601E91E
:10F0F0000BF2B034073A0AEC103429F5032ED5EBA5
:10F10000F60723EAF2C9D8BEFD4B2D48242712D5B5
:10F11000070405FCFFCFD81303D32FFB3000EB13FC
:10F1200030F701C2E7F8D006F003C5392B05B81156
:10F13000EA01D50DDA5E10F01505F3D6FD15E0F401
:10F14000F1E60C0AF70DF12A1AE90A4C13CA1C0F52
:10F15000FBDA20D9EB1E09E024CF09BAF2132DE720
:10F160000214F6DA4400E3ECFD19FD1EF2EC000295
:10F1700009DB00C9120510140B142DE7F306F0F695
:10F18000A9D8932E14CC5735EDE8EC0CCADFE7FD77
:10F19000C4DC0F1819DA0AB1FE2017E81F26070091
:10F1A000F4C8C3B606E70003E3261F8F06DDE84672
:10F1B000E7C4C2F20E003374DDC6AAFDEF1AF215E1
:10F1C000F5D6E8331BF4E12E68DB072E29F8EF4A69
:10F1D000D4F320F2F0A60EE1E410E307CE302E17B0
:10F1E0000407C200DBFEFAEA0B7C00BE01FAF20D56
:10F1F0002541F1FF390D5AC9DCF06737BC11FF1DFD
:10F20000DD0E00F2FF0000432B3265DE32FDCBFB4A
:10F21000DE161232E79EE413A0BED0BA0D783B266C
:10F22000EBDD661B41FB513822F1B6424C26D6B3CA
:10F23000FD0FEF204D0B97FD2DCC0AE7450EBEE4E8
:10F240002A18EC070C7B0B16F8F4B9F5E8033EFA24
:10F250000B111806551106FEFC14FEEA190FF90BE6
:10F260001DD5E24888F7D946D9135A0F290C1D3409
:10F27000F010F04445E55528F73ACBEFDF77291F2A
:10F2800034EDC206BA0017E812EF113DF1DCBD07FC
:10F29000FBE1002807E9E9E6DEFA7FF7DBFDFB4149
:10F2A00029E2141C183122BA16F31729DACCFF2AE6
:10F2B000D5052FDA2708FD49EDFC51A7F4D8CD007C
:10F2C000F4ECAD1CF80C00FCF10C1BFCF123ABD5ED
:10F2D0001713C0F81D001A09332C9F00E72C2017C4
:10F2E00039F5F3041DF808041C44E8DDF1E40232AA
:10F2F0000BEFD9DD2DF9E00EF602A6D7EF0EF114D3
:10F3000033EED60D10EF1293F43420FA0B232C3089
:10F310004A2036AD201513F2211D13266BF5DAF2C3
:10F32000E91A0007CF0000E5FFDF19DBFB2F140C03
:10F330002F12DDEBBBF5FDEC0DCF1B0C0DD7390DFE
:10F340000717BC431075E0D8FEE0E53EBDEFDDE6F3
:10F35000420BF904CC164C1CDEC81502F90D02094B
:10F36000221AF1071337FEF204DFF4E436D3123A1F
:10F37000E70B0DB502CD080FC5F4E6FD0AD5F5C7BC
:10F38000E9FD26D22030157FCBFC350CDE0C0517AD
:10F39000E5E424470BF1F43EE419CDE9042016ED31
:10F3A000F5002CD3DB0025F1DCFFF206F89E101FE0
:10F3B0000DED00111B230A35FEEDFB22DF2636F78B
:10F3C000E7246B44CD26FCF5FDF1610E20D5D54137
:10F3D0001EF8E9E5EF0108FEFD2D2DEB2B27D300EC
:10F3E00008C4FCFEA0AB00E7E71109DFFBBD24FF6A
:10F3F000D8E4080DE00017121280D13801DC2AD8B9
:10F400000FCFF1FBF6EACB2743E4FD2E23D1F10E1B
:10F41000E900EA1007F3E7EF3C38F446400F35E423
:10F42000320F1FE6CFF90C3F18E500291CEFF64D0F
:10F430001CF8EC060D1E258B2BB75CFABCFF303C8C
:10F440000AF900ACFF0000F702DA02F7DD062E0A27
:10F450002A260226E049EBCB43E3FEE0092F080D04
:10F460003BEBE12CD41A57E460CFE3CB05012F240A
:10F470003D3B2340D0F914D6CDC4E9DAEF013BE699
:10F48000C6C3F3CCDF32062ABB00D5FCE2E124126E
:10F490000FFC35DC754A7F301BEF350BD2D02ED8F0
:10F4A0004EECFD11E6F923D6F9481A4DF4179DFEEE
:10F4B000BD76021D250CDAEAFC07ECC131EFD6F669
:10F4C000E01CB3CE1D001106FB340F591CCE3516BF
:10F4D000E4D900FEF8E2C5DEF4A6FC00F9DBB330A7
:10F4E000F11FC8B619E7E2ECC7E234BB6D0021FC9E
:10F4F000E002B0E71F14DA3B3202FDE3DF12ED0059
:10F5000012FA63FB09E300EE10EA1B39A7E852DBAD
:10F51000B3E4DBEF1900BDF71724230E3729152EAE
:10F52000E751F10640FED9E6B52B2845294FFC0CE2
:10F5300026215F181EAA26C2CBDE3EF1EDCBF010CD
:10F54000E5FDE8F539E71526E84C1266ECE57F3B6A
:10F55000C6F413140EF42C380209E52801EB1DEE55
:10F56000B1D6002BAC0000190F023D1C49FDE1A8EB
:10F570003EC539D4063D41064D340FFED1A41524B5
:10F58000EF0DC0ED37A706EECBFD7FCB1035221176
:10F59000501A0B23FB17BA22F644B00040C50524CD
:10F5A000E3EB1B0E071313EEEDF7E9E44BF5DE2F4B
:10F5B000B56195BA6204072FD5B40F2025D8F61788
:10F5C000D5CFF10C1208E73034C02F13E6E3362113
:10F5D000CB0547F5DAC5E80C064A8D68DDF1FC0C71
:10F5E000F8F60FF0FC00E513E5F11AE3E0C41B3771
:10F5F000CCF200F7E911F5483646F90BCADE4F1098
:10F60000CB1AB0971A7C23BFDEB231DD3DDB141676
:10F61000EA17E23A67CD1521F9E5C4F0DAC9C90065
:10F62000AD4606ED3DB9000B1BFED120091311FEBE
:10F63000913BC3121300A3C6111B24C1DEFDEF1EB4
:10F64000150DFA09FE02272E1D061AFB68E20B189B
:10F65000F53C17CB1E26034206DEE042140603CE1D
:10F6600031C7CB3A1827180DEF072AF513DD2454BC
:10F6700042E81CADFA0219CF0CEC1BD9E5CFD45DE2
:10F6800043F80053CA00009FBF125E11F1CEBB3990
:10F690003B20F52025362AFBDCF8C5FADEE369C6F7
:10F6A0001F24C5283827FD19F1C4F9DBF2FA4D03F0
:10F6B00036C0061ACF0311EEE50BD7E13DF0F9E6AF
:10F6C000FFF355014519F0E61B1614F1F6E813CACD
:10F6D000FBE8E81DDBF646D07FF3F226A045E40602
:10F6E000FCF53B150E044016EA0B87F8B2911BE1BE
:10F6F000B138E608F7103307D73B01EE4100E4E4E8
:10F700002D46BE9C0900FC204E1B393B37BF2711FC
:10F710001FE3005FC9B5F22E28181E1E58C6DEF57D
:10F72000292395D5091632F53E101EB3CC8D45F030
:10F73000B512F5FDFBDEE6C0E8C4EAC7071D1400FC
:10F74000161A83021D1200E40E221000CEC4871E7A
:10F7500022B90E32D50036E709EC13E515E8B82AD0
:10F7600027030803F41620492331FDE523B20313D0
:10F77000EBABD6BFF8F4FABFC548E39DCBD8FBE5A9
:10F78000C5E1D03618ECCD178CF436D0F41D2BC95A
:10F790002421E9F82CE9C7E82EBFEE37F7152A1A1D
:10F7A000292400180000000ED0BECE0DD9E89C1709
:10F7B000E6180004C437F10CE7E8C1C834BFF4D33D
:10F7C0003BEA8FF212E7E21114D2FC1AF0DDC50811
:10F7D000F5E8E543DE11C33DEAF2C61A0821B51E7D
:10F7E0009721F5BF1A00A4B32503EEEB2AC2CC463D
:10F7F000E816ED297BEAFBFFE8CEC9C17B142FF0A8
:10F80000F41F0C372548D6D9AB2EDE0ECA07E78188
:10F81000DAB0E9F6D8D415F0F01724EC04AA34FED7
:10F8200030B733E09900F3CC1F07F7F7DCC3C8E229
:10F8300009B70020E22202143228BCC223144DE38F
:10F840004CDAF6F3B8FEDBE30A27FAE6F503FEC26C
:10F85000FF5B423137E6AA46430C022E48F3F9001B
:10F860006EADEA27DAF600E80347FEDFFBD527A5F1
:10F8700022F3F267E0002E3D0BF3E539BEE8D7072F
:10F8800018D2B1F8D589E0F4F4421CCAD9CDFA20D7
:10F890001C03CF2F3103E1F5C6EF09A8E8F9B92E13
:10F8A000EC14FF15EB22D410F22BF4F66CF6CDD548
:10F8B000E2DADDEEF83D08CC783C0EE708300BDBF1
:10F8C000FB05001FE30000144FE43B29D2E934E9B3
:10F8D000E1E3FECDC623DEE7ADF018EFEBC311DBAD
:10F8E0006CE807EC11F5A0C32000E210E2DB97B54D
:10F8F000E6D7182708EEE0E2BFA942F4C8BC21C64B
:10F90000AF20A50CECFFE4D964DBEC07DEE8B0FD2A
:10F910001BBFD7232DBC2F040521EAB41BE97FD7D9
:10F92000FA2ACCE0E5E4ED4608742FC5F1A304C73C
:10F9300009F4B93A2C2902D203031EB905DA2815B5
:10F94000E9DDDFFB130020E80906F3C71A2A19DDF9
:10F950000C0700952CB514E50D46E5B842EED7F23C
:10F96000CE480C0402DC3BCE1141060D2203F9F710
:10F97000FBEC31E1380E14F0E3DA19F2F521D40092
:10F9800021F2E6330C1E00E20406F3ED11BD03ED97
:10F99000D9F903F6100006DEFD2426FCE4EBD31CA7
:10F9A000EAEE0CEA0DDC2E09092CEFE5EE27FF103C
:10F9B000FC3BF91DCB1009F4F8CB0A1206FB2DD045
:10F9C00004FB49D31919F50F0E5309FAEB341BFF49
:10F9D000150326DFD8D804D1F61AEAF912F40FF588
:10F9E000232900382400002105EB12331F12FD49A2
:10F9F0001B00E5E71906E8DDEA051D1C0FEFE7B37C
:10FA0000EA1ADDEFCA2536F7DECE0727FEE8FC1836
:10FA100015F006E900FA27234FFC11010A05023010
:10FA2000293E1F4EBEF107F9FFB1F4CBC9FB1811F7
:10FA3000E7D3E8FC19FB2AEBDBFC021EF20BFFFD0F
:10FA4000E9EEFD55F180F651FAF8131812EEF501C2
:10FA50000111ECDDEE1935DD081E022FFE0501F067
:10FA6000FBEBDE0ED000D7F9E213D026E8E300016D
:10FA7000020000EAF014E8FADB4500ECDB3BFD197C
:10FA800038E8F5F0DFFA0E21D2FA37CFBD3C2BCAA9
:10FA90001DC6071F23211E4BC7CF021428031900C0
:10FAA0002EDBB322D3F2002C4711E9FDEC11B01A82
:10FAB00008F231B0FDFF2106E7259F07C3F7D2F01A
:10FAC000F72AB812C51715E84718BAC3CCD20509EA
:10FAD00063E2F01D1D69DD41FE1AEFD3DEC5190991
:10FAE0001805F2F7BB23F7011FF55891CFB70CBEED
:10FAF000F21ED8EEF828F2E9B3400842CB21EB0918
:10FB00000CB000F1E600000A0625B40BEDEA2F1157
:10FB10000D01D698E6D8D53EFDB26DD7E1BA01B257
:10FB2000C4A9F3E1EAD4F33BC6E243B4CA00F4F259
:10FB3000B7F19B0ECCF74F3AE8BF0B7F03DFE8EA43
:10FB4000FE3DFAE3070F025614FA452114F622117E
:10FB50003FD62BFBFED433F6F5F2CDF93AE6CFBC17
:10FB6000061EE8D1C9EF180645E4B316EAFEE4D54F
:10FB70003505ABE840F3BD04E10AF8F238230DEA9D
:10FB8000DE043E1FD400BF1BE2F4DCE0F60239F3D2
:10FB9000E247000B184013E73E0DC1D30EBF21FA18
:10FBA000AEE4D8E89728852052D305C6B827E820C8
:10FBB00044340A111D10F9E295E7B5A94031390026
:10FBC000CEF6D9A5E42900E009C410EF1AC5D03F4C
:10FBD0000103F4C5CD0038291602C0D30B1BF2D4A3
:10FBE0005F3619C12595FD5CC70CB6E0DE3503DC38
:10FBF00015D884E300C21A131CC1C4F347C8C9A8AE
:10FC000005011E6E123EE5F6FB3CD4AF43B713FB75
:10FC10004EEBC2B8EB80DEB95788F2EC07C8E5CEF0
:10FC200004FC00BEE80000E3DFB40136B412E84C87
:10FC300009F035E7ED192C0DDC02EE1F9EF32101D2
:10FC40001EDDF8EF2638DACD07104FF4E6D1482A4A
:10FC5000023711DC0606A6DE4901053B13C60A0D74
:10FC60003BFFDEB80C0D9DDCDFDFE4C5F7001CBFF9
:10FC7000C70423D438BD0E0F0FE3B4EFACF5330D3A
:10FC80002E2B15D31514843EF547D11FE3F931B55A
:10FC9000FD06F10CA24001A60A05EC3F2331DC1D54
:10FCA000E30CECF91900F4FDFC2139AA0BB6DAFFDC
:10FCB0002CF60027A23CE0342211031BD80D4FD7AD
:10FCC000BB434B1D4DDDE1F628CB08F728E819C9E9
:10FCD000E21706DF6405ED1E0823E0E0F21DCB000D
:10FCE000C30A04C5F6FA002536D70A0405E7ED4F26
:10FCF000E60237D2E900161EDE2DB5F039AF2B35FE
:10FD0000D39227E1F7BBEC5B22DE0816EE05FEF985
:10FD100018F9F9BFDAA2FADEC3F34DF01C37EC2F65
:10FD2000E00CD5F2D1F82CE4A83A0FD80A3907EF45
:10FD30000617EE470824070BEDD8F0301B09C9CB96
:10FD4000CFFF00DE0D0000011917DB6CF0D203F5C8
:10FD5000062B54F9521E29290423DDFC6215FCB43C
:10FD600015000ECCCA03E62C46C5D6F74CD01DF6BE
:10FD7000CCEA031717DE307A24D8E029D4431826BA
:10FD800017021C37DB29C2FB650A65F9F604FBEC98
:10FD900050F5D10A0A0E2F0C250A2EDBBA180718C7
:10FDA000FDE41D1FCDF727FEF8FF17D84E2D13CC0D
:10FDB000EC0E16EDF721400ACA2945FCC1DCF3E937
:10FDC000F2F40B00CE00C5ECFBE55311E70C2F401D
:10FDD0000DE800DF9235A42AF37F0A30ECE22241DD
:10FDE00054DB2BFCFD04B4FD241EFDCBD9200EF406
:10FDF0003A1048FDDCE10637FAE919E335F3B600BD
:10FE000067DD813D15240004F620171EEA13DBFA96
:10FE1000D1C6231AFE000208CEF6D1FDC9FD13D3C8
:10FE2000262DD8F43A3339EF08161321F7BE11E125
:10FE300003F2CA17D4611923295403EAF4DD23DC41
:10FE4000FFBDB31614FD45FF2F221A000B02CA0D89
:10FE5000E829290313EBE1EDF05BEBDE3DFBDC274A
:10FE6000328F00E1020000310C050685012AC137FE
:10FE7000BB32D5FCD6BDD1D412FF51C904E4CE3D6E
:10FE800009EBF83CE40BFAEA0CF82DCC16EA05F87D
:10FE9000DF1E03FAE0E4E218E00CFF2905F6FAD3CE
:10FEA000D93024EEF22AF6E8DD0BFA07F6EB18EE6D
:10FEB000F2EA0FE607DD0AE910F5F207F7E003F8CA
:10FEC000F6ECF3F70B030720080B1AF5E5FFEAFB46
:10FED00042E6C02102F7F6260BF1E6311AEC33F1C7
:10FEE000F1132A02290014E4C522CC1FDE27FFE209
:10FEF0001E4400F64E4227B6E5C91FFBDE23F2EF93
:10FF0000C6E8B251DA6EFD4D1CD90900DBF9E225D5
:10FF1000CAEF2704EDEB9CC8EAB7E61AF9FABE006F
:10FF20000DFFF0F1DC00004B13FDDFC945482B1538
:10FF3000CBEC0AE41D00FE550A0210E03EC0B548B5
:10FF4000F1231E1DD7F9CB0048D71B211FFA0FEF55
:10FF5000FE2AE8C8D1CED9810827E0A6100AD94BDD
:10FF6000B021B0371FF018C6E62B213112EA13FE7C
:10FF7000DD1DC6122A2BC325FBCEAEF1F9E0FF34FE
:10FF8000FCDB00F8E30000B5CD4A28E601F4F2F20C
:10FF900007F125161015543DD22EEF57CBE949BA7B
:10FFA00016DC04CF100345E90F0E000DBA57DBE055
:10FFB000CCFFC5CBEAFD3F0F08EDF216258AB41938
:10FFC0001331EACDFCBA98E15128EBD81407DE0BC7
:10FFD000C90D06F5E5EAD5F8F95B73491348F7282A
:10FFE00017FF1801EDC0F3C30F0E311AC5F9111731
:10FFF00013DE093008F41356E817EBEDE0AE0218F3
:020000040803EF
:100000002B3034E9F400D8BDF82015FDF717F5E3DF
:1000100037E400FAFAD6EE0CD90DDCF0CE0021E779
:10002000D905FE4CB504FA23ECC9E118FA00DDD677
:10003000EE220FEF2B35AB9A2EC719B0DDF4270057
:10004000F72F190227E8000DC801D907DDD0FD49B7
:10005000002726152000FD1DD5D642FD3B34CC805F
:10006000F3C9322903F8BFE837B9D910B9E5E0E39D
:10007000FDFE59E315AA1109F4C91E1D24152D1BF7
:100080006411E1090CA617B3CEDDD52D1523A2E42A
:100090005DEFC7CB392CECD83624BC22CBD9332624
:1000A000DEB700DF9E0000EEC5A8E612100D362078
:1000B000B805F8FF2CFBD0E3F10FED16D7CF25F1F3
:1000C0000ADEC9C2D52802E52820371A071C44D702
:1000D000EF1937C945B538F23BDE05FF4AD5BD28D3
:1000E000E0DCD01E02131A38EDBEF502A204FE3089
:1000F000F45D321D16F7F52EEBF0FBDD1F33F93EF4
:10010000E5D01AAAD1C0EB19F0FEA7ED21F6BFFA8F
:10011000FEFDE70A0B20D01CECEA3706AA0CF0CC57
:10012000EC06DEDEC9004A0FCAE007E5AE08E904C6
:10013000CC20002DDDB5051726EA05EB01290919AC
:10014000E504D239CF5AC944FF01F6B7C9EA3048AD
:10015000F4072548DAE4DBF34AF4EDF900100E0069
:10016000022118F1F727000FD5FFF1F0FEE0E92B8F
:10017000E3F1E215D600FAD3081C10E81227EE27A7
:1001800019DBF1F51042E9EACCF015FAEB4400D0A6
:1001900018CF0FCDF1E3F43918136132152008F2AE
:1001A000C2150C3247FD02C7073A0D161FF43781FE
:1001B000E9004EEB67C9F9E53FCA36EA3913FE4755
:1001C000C0170071090000C4ECE8242406D7EC3302
:1001D000AAF93D2035DA43B5F0E3DB0A1C1DE63C05
:1001E00020F0FE07051D0D1B1C34EA024B3CC40B1E
:1001F000F50D08F54804F6DDF50A0DE017060BF3DA
:10020000D8FE49E916F6DC0AE80BEDB100D5B71DBA
:1002100014ECF1C928120FE9E82ED129EE1BF624BF
:10022000F1EBF32C85F018B5DB1818F920BED3BA22
:10023000CE27E82114EE0C44D2EAD6150D045EFE5A
:10024000030725DDA1002A17E1201DEC01002C4346
:10025000D92000D30504A044DB0E2C0E0EEC09F8C7
:1002600000DB1C2BE9F6E9070014061FE8F5D7CFE1
:10027000E808181E1AF90BDB091709E0F513C1008D
:100280001007FB001F15000FF7FFE93117FAC62B07
:100290001D130BED0500FD1C10E9DF09ECE015FE58
:1002A0000131F026D703EF3613F5F91DF4FBF8FE04
:1002B0001612F2001A1BE5FEFEF9FCDC0315011E06
:1002C000DF000920ED13FA240F0506D40C0B1C5A8D
:1002D0002AEAE23ED4F5D037F321FD03E01C0928D9
:1002E0000E1A0015050000F8FA0619DAFAEC250DC9
:1002F000F90B141908C703F718E6E01C1B16FBF6E8
:10030000F7E3E7EF053B45EF0BEFFFD8F2EFFCEE2D
:1003100013F703F5EE24051D0DEEE814F3EDDA13E3
:10032000E5181EFB0ECE030B0F25EBE781F8E7085F
:1003300014FEFCF7FAFE1037FAE617140FC1EDF3BE
:100340003CEC0DFFF6213CDBE2041C16F9FC173EE9
:10035000F1EC10E61FE300C907E90AE1FFF307F239
:100360000203FFEAE500060F0D21131609F01E092E
:1003700015F300FB19020CD8F01000E01F0702D1A2
:100380001B02190E100D2B0703310BE620FDE31C99
:100390000CF20B140DE9190C0E0E1F0C2204FA00BE
:1003A00011F1F7160CE600D4F6ED01E4EBF810FAC3
:1003B000F5EFE1FF0F00F8FFE1FF101BFCEB003150
:1003C000E8EE162C130FF4E9102503E522F9FF02DD
:1003D000F209FB25FD030C0403EEFBF7EB0B0BEA24
:1003E000D50EE70DFC2008F5EF0E192BFC0DD4F30C
:1003F0007F22130DE310FF38FE28F003F824E5E216
:100400000A07001B16000004082603EE19FDF0F38E
:10041000FEF902E3F70FE4F5ABED050ADD0402FE99
:10042000080EE70704FAF80700FD01C30CFE1BF8ED
:100430000EFD0A0FF8210FFCE3F211F0161B1DE16F
:100440000DF60CFA0402D5FCFBF7F4EA1604051EBF
:1004500007EDD9ED112EE116E9D823E820ED0408C7
:10046000F001FE0EFDF814030C0A1017FC0D0D141C
:10047000DCEC1CF3F4E70D03F2F9ED3D24E2DB07BD
:10048000FD15FF28ED00F3F0FCF5DCED0A26F81170
:100490003CFA000C1921EEFE0402FAF6E805FDF024
:1004A0000837F02A3826002D201528EDF8E8EE0C44
:1004B000E30DFDEB0A0BE8FD0D211E2A281EBA00F4
:1004C0000DDDD82BE3B300220826E1B6C2042311C8
:1004D0001D050C13320002FD11223C18D127F5C571
:1004E0000AEA2B41EE20E40B6BE008E2260811EA51
:1004F0002430760725F0FB060925090815E3EEFEF2
:100500000AF22A06CFBF2BD51BFD184D21D6E5A731
:1005100098D8C710FFE617D60DCD44F2310ED7019B
:1005200002040009EA0000F4CCADD5EECB2306F7B7
:10053000F2FB0BFAFAF3EFF0DDF507002F2A36E4B1
:1005400030F80A17577FCE19F3032CFAF8F332FF6D
:10055000C842E6D2F5E229FEEEFE1A020218DD29B3
:10056000F939CA33001433F52D09D4EB3403EF53B2
:10057000F30CE2BAE203D7E7D5384D07E10B0608E2
:10058000C4DCF9F9DE3D242E0B27F4EA5629B0F33A
:1005900031E2E533F8EB28D4F106E136D5D4B9F5EC
:1005A000DBE6D623BC00FCD3200DE0D6D039FCEB33
:1005B0001100002711273237DFFEC2137723350ED3
:1005C0001F05DDFAF7F9EB1A32E036EC1AED26FBDF
:1005D0000FF4FF25D4F60B330DE7CAE5262AF90000
:1005E000FB05DFDBF90200BDFAE2EEE6DADBFA102A
:1005F000F6D15505F7000617DA0EFE1ACC16D51EF1
:100600002AF1D9BCE6FCE01FE0F8F30104FB0F017E
:10061000FE0816F8E509E8DF26F4E134E911E3D431
:100620003F10EBBEF0FFECEAFC02030AF000070FFC
:10063000070D2514DEF1090E00FEFF13E008F7EBAD
:10064000CCD1002CFC0000060013F4374D13CC1263
:1006500007FF0B0BF8E32BF645E3C01C10DFFBE7AD
:1006600023FBF3230B14E3FAECEB1BF0F42103F967
:100670002DC418DA7FDDFFFBD9EB0802121A21F432
:100680002E14DC020DDAEE030BEF3D2B0C0FAF3313
:10069000F33A0EF53E02DBF8E6E3EAFB13FFF7F16F
:1006A0000737E0E41F01F616CB14E606DDF2A5FDE0
:1006B000E2EF3302FDF81EFE0CC5D9FAEFEBE810AD
:1006C000F8DA010404003BF408B8EB32D2EF221B45
:1006D000F7FA00CAF81DDCCC3F11D60C1ADA39FA49
:1006E000D7FBE44C1AFD2FDBE110FF330E13142D62
:1006F0004317C139010608FBD40AFBDD960FB3008E
:10070000E7E922FCE9EB000E2CD50318F8FFBE2D1B
:1007100023E3D5EA1900F9FC1A1C043FE60F45F75C
:10072000B8EB1F0B28DF3E6215D9F53E0FEAF6E065
:100730002A2AFB181D910DEF193021FAD5270A3C02
:1007400009163D1937F1E40526F116FEEF12D7DB45
:100750001A2C4206CA02D814FB3A13E5221E09D508
:10076000061A001AD800001603D600D7940CC3BE90
:100770000FE5291922D8E0121408FB070E42DCE528
:10078000EF1E0DF9FF1CD0113518C727F21BE6AA82
:10079000FDE6383110E7DC2510553D0AE2E3230A77
:1007A000F2D3CB3C43FB19E5C215D6F6EB0C1A1D70
:1007B000D238FE07C551EBF600DCE9E1D3F5F726A8
:1007C00005E4091AEFFB20DAC8F133F22B03FF38F6
:1007D000C2C2299903DB40FD220626102AFAE4470B
:1007E00002EDE72B1200C7021FFC1ED700BB1B2126
:1007F000D4E2001E18E6C1C4CB80F810E0F7E8FD93
:10080000D4E7C3D026F9EED2FAB0A6F3CD10B6BB2A
:10081000280CE000A7E1E92BF6A4021BADD90300E8
:10082000C61D80C1FDE80019C63B1E0208E1E6288E
:100830004636F71E1E0006F7F4F0B3E0F8E6151C86
:10084000B5D60E294C67DC2DD9184531F2D22D577B
:10085000D9523809021933ED0AF43FDDF60904F3E1
:10086000B91C7EC51526EFD7A4C3FBA01AFEEDF276
:100870000E272868E7CD38F4000A01D528D2EC2FDE
:10088000CDEA009CDA0000F4D9091845DFF9E32D20
:10089000CDD3E1173FEF15E11DC0183CFD5B973349
:1008A000290D5B9E03FA09E317D70840222BEBD1F1
:1008B0001F1C1305B6FC511B0B7FB9D55838B73533
:1008C000A9E5F92F1330FDE62EDD13C7092128A76E
:1008D0006836EA42513A861CED1A300C19B40A26E1
:1008E000F096EF69D2E7CDEEC9FAC2C91CCE1A2143
:1008F00032F4D7FC4055AE67BE2C2A2A0395BBC7FD
:10090000AFDB2AB1C800BB1130F8CA145E2BC0207F
:100910002ED0001BF71C7C1F2EE8E01E29FE2B1D8D
:10092000B1211926E22AE01B0BFDF7E4F0EE1C03CF
:100930009ED71521DD033817110BF5E8EF23DF00F3
:1009400020D9F932440B003A0AE8301FF2E0BE5BCE
:10095000EEDF0CCA08002014E004C5C81735EF0C00
:10096000FCCBF220FA30F61F0E2C0C20B40A18EB48
:10097000DFFD92070D44E0D4F32A1F9E01DCC3CDB6
:10098000F026ED29E188ED02E41611E7E5BDCD1D65
:100990000C162B2761400CF6CFCA0FBC24F9DC27BC
:1009A000F6AA00E5CB0000F718EFE2D123E5EBF45F
:1009B00002031056F6EAE2FB12DAF2EFCE22F62C30
:1009C000080601EB2935121706D5C80F2BC70037CB
:1009D000D9F6E9FA06F0D2FF1EB9F909E9DEEA27ED
:1009E000F80B0D0CE51F01E80BF22606E3017FDC96
:1009F000FFF0E2211BFC240BCE16F31AAA18D8D262
:100A0000E92402D9ABFF1F0D0003E62C2927270A92
:100A10000BFE121F221C41F84710130A2601020682
:100A20000DE3F6BDFA002806F04F5D1817D656F311
:100A3000F811001EF0E7D0150EC1FA12E24BF230A9
:100A4000FA05EC21B0F5DFDCDDFEF52BF1E1D9068E
:100A5000E733301621F005190EF9E9E53230CD0003
:100A6000FE13071C121400D5F904F5231F2B4007B1
:100A700017BA0B30B7000F0CF2183612E920CDF779
:100A8000E2113CC9D31D050521222CDB1BA5EF0D6E
:100A9000D5EF34033DE6CF1617F5EB06FD12C9E39B
:100AA000132507FEB327EBEF12ADCF5405EFFCFE85
:100AB0000DF0B0DFF3CE7FE80E07063FFA0C05E538
:100AC0000420001A080000040DCF22F6F03E08BBF7
:100AD00012FD22AE09F25B1FFFBFE804F32BD9DE43
:100AE000120E084502F8FC2DC902CD23030CE4F4D4
:100AF000DBC706350510F8CB06CD11CAC4EAF6DE11
:100B000015ADE7C055F3FBC3E62FD21711FBD30693
:100B1000E33107FF19BCC4F6101911DC24EDFFF214
:100B2000EA3E45F1C701282D3006E214E52CD23605
:100B30000FB70619DDBF10E3E300CC73052ACC28FC
:100B4000C9D2DFF9F800FCD4D20B12D9EFFE25F49C
:100B5000FE2C00270CE9F29C15AFB6D60727C05B28
:100B600012F7122DE501DCF404FAF8FBF3F71CFD93
:100B700005F50EF238EA0118F11C0305EE17160010
:100B8000020217FCFFF900490711FA0D1DF3FADC08
:100B9000FFF30EFAF600F9F619150EE3BEECFF04AA
:100BA00004FEF5D1F926FE0703F401EDFA0F011258
:100BB000D2F6590C21F00A151B36EF40F9E2EB1979
:100BC0001CF5FB02FFCAF7FA150C15F9F9F514E349
:100BD0007FAB1203070024FBF2E20828BBEFF225EB
:100BE00008050007100000FEF31AD0CEFD04FCFE3D
:100BF0000D0ED616110C33170115FE00ECFD15F77E
:100C000008010B3025DAFA12FFD1F505F9FE164C72
:100C100018E5E9052D0C2D03FC3107F907F81CFF39
:100C2000E9FD09DCF922EBDA3207141B17EE0D2B74
:100C3000011CFAFC1DF7EA3BE5E50D17EC1607026F
:100C4000E5160A0504FEE1FDF0113AE4FF08FAE9B1
:100C50002BF802DCDEEAED0305041D03FEF7111993
:100C6000E40804E7ED00E7E5FF1E1B08EC13DBE6F4
:100C70000A230027FD02E2F8FCEFFEF6DBF3042373
:100C8000271BD6F5F4DB2C3157D33C9E4BC33D0CD0
:100C9000BB19E2CFD0CF4FCBF8F655F8D7F12000F3
:100CA000A84320EEFFEB00E4DBEF0CE524FC680832
:100CB0001654F3172600B9D9214110461F02CCB7AC
:100CC00002EAFC1927E3000A0851167806C90D0745
:100CD0000E151D08D7EE110BD7AE89FB0DEC0814CD
:100CE000FCF87904DD10EBC5C0F531572EE0532137
:100CF0000BFB89402D2B12143A4FA0DBE1CDECAF5A
:100D0000F1F20015640000A9F97EF4C10EFF38F479
:100D100000F5DD637F14EBB9C6F0C47FCCEFC743A9
:100D200024FEF95FEFD0C6527102FD08D9B72E0C30
:100D3000DE40253A0E55F7443EEB29FCD9F8E5ADE7
:100D400008F530405017ECEA06C8F50C4C2013D3D8
:100D5000011A010F34F6E2B3C462ED34F6031B123C
:100D6000D1B6053CDAE601B5903C18CD155FDDF350
:100D7000825AF8BA072F45C0CB2F120438F9AB1EA0
:100D8000AE45FA0E0B00C5E0F47B2A58F6F315CEFB
:100D90002C1F00180238106CD84304B518C153E555
:100DA00060A92D0DC7CEAA010BC3B9B11CDAEBF3B4
:100DB0001C04222A092905CDF42D1116F7B00800CC
:100DC00012F3F829E9220040AFE213EA10D5F4DA71
:100DD0001A2E0300E30004F10FC04616B1CDF10B4B
:100DE0000312C9EDD7F035D0F93E0A00C3BCE5E9DE
:100DF000F10FD4F3121EC832E42AFA09E7EF4F22AA
:100E000041D9E5F8D052000E060CDA51D9D8F8D401
:100E1000FA42F6E70E37FF0F05240045E269D609CE
:100E2000201100EBDF00006023E5FC2012F2FB1B29
:100E3000CC020B1CD2E9DF2F02A3441BD2231C0ED1
:100E4000E5ECBD0CFA360F0D1DF75EF2EA12DC2B55
:100E5000082AE6D10AE2F9D8B5C5E2E5FB0B239CE6
:100E600026FFFF371E1B262B010142EEF5E3DED6DF
:100E700017F9CDEA7FF823E2E1EFE0E410D700BEF6
:100E8000020FE011B9F5F0330EEF11EA010EDBFCB1
:100E9000E60E3BF511FFE1D3EED4E9F21D23D604B3
:100EA000BCF9A02AE500342406D2E901BF7DE2C5E1
:100EB000FF20000B1929DEF622CEFB0AEFEDE31F1F
:100EC000F7380E3106C733E00E26D9FED2DAB50266
:100ED000061DEB9EC8D2E74242FAE01237F60C003C
:100EE000FC3CD9F8E62200C1D32FEE09D5F4CBD8CB
:100EF000D9430D481200530103D4D9E1D81AF701A0
:100F000016E2E6E8EDFF000B3CE262102D2200360F
:100F1000CB2FD3D3CFFDE01BE9E2D811DBDFC1B289
:100F200019D90602ECC47012F4F9C6B1047FD8A92D
:100F30000B2EED19E8CFB31B0FF3D709CE3010A954
:100F4000FAF2000BD6000021E8BD4516E4F1EAEF05
:100F5000DAE1F5F910160753DFE7FFDBEDC9F6ED2F
:100F60005328D210D80F0E0C303EFAB30B35F917B8
:100F700017D5330FE0DB39BE2501EE982C2B0B2E55
:100F8000E701DBB3D0FF0C02FCD04BDF431337EF9C
:100F90003033161319F5F6384A11F4C8C5D415FBC9
:100FA00001F109ECF9EF2DD40A220CD79B4818C5A2
:100FB000226300EEFDFB1519CCACFCE503C427DF72
:100FC000EFD9F002D600E920EA250AF201B41C2983
:100FD000FA4300FFFED3E006FC071703DE14EDE042
:100FE00023E628150A29E6F8F8DB081C101225E785
:100FF000F008F5B2A0EDD613FC053A081827220038
:10100000371FE21E072A0015DF081D310A13D9F425
:10101000780A0C4B050039FD29ECF82A06E4091A78
:101020000E140CFAB607FFF018F324ED02F8F3E300
:1010300020F7C6D73707EAE6F2FAE0EC0BF90AE642
:10104000D5CF320533DCF11F06EDEF10091707E6A7
:10105000E0F2F14CC0DE05FD2466BD1B3F023DFD04
:10106000EB150005200000320825262B21D20CF0BC
:101070001E1C1FD709C521603214F0D50DFDCE49C5
:10108000F608ED1BF512BF55D6FBF4B01D2E30113E
:101090003005F3270011F8E8E8E51AE1160C2915E8
:1010A000C9FD842713D70D0DD0EAD317EC29E4F23C
:1010B000F55D0EE6111CC5B6281ECB2F1C15FCF8DD
:1010C00027F2F0FF1BF502232EEBF0EBD92ACB0E13
:1010D000F18006063E10EBC4EF21FAD3F62CC3D6FE
:1010E000CC12EBFE160013F5D8E0FFD6DE4FC20E91
:1010F000FD0200F5ECF0311BFF2CD109081721D6B9
:10110000271FFED80C1FF0E3E3F105F013F90F24BD
:10111000EF0108FAE3050509F6EAE3F0FCE71B0036
:10112000170610F5F8DC00F5FE06FB0F081804059D
:101130000203F809E30012EC22E9F1F61BFB130CA1
:101140000BFBEE1C01EAF3B3FA16091103FD01DCF7
:101150000705F2F6F6EB030ADEEA01EFE8FFE4FA30
:10116000130703E7F3FEFE18EBE30E0003FB001486
:101170007F1FE30100DA1F09040FE1DE0B04EEEF2D
:1011800047E700F3130000FFF1F10D05F2D6E3F39A
:10119000F00709FDE602E4EEF82B1CF51CE00AF965
:1011A000F8F507CE002E12F7110CFDD116EB08FC56
:1011B00001150006E817E4F21C16F5F8F70FFCF22B
:1011C000F7F90AFA00DA02F409E8E6E2B710E016E5
:1011D000EAFFF514110AEB1A0BFDF50D181A0400BD
:1011E00012F10E01D510E2EAFC05DDFE05F6FF0165
:1011F000F2E60AD7FA09F80C0BF0E205F3F2FFED7C
:101200000DF717122200020115EDEAE9233C01EE69
:10121000FDE5000E1D0905F3FB16FAFD0FDF18F7BB
:10122000141E1819090A18371126C90BE2F5D3D470
:10123000E017FAD2DE03000E47265106EE571500DE
:10124000EE0FFA15FFCE00F3E7EDE2D6FE05400AF9
:101250001B13170DB800D235CA020B0B04E9F0EBD3
:101260002BEAFE38242908114516DAFC222A04E06C
:1012700019271DFC2F050BBD27EC07F3E0E23CDE30
:10128000EBE83FE813E6140A12C518FAE43AF6014F
:1012900029DBD23ACB0DF948E4ADE3EF1D1DF9058A
:1012A00015240028F100001A34CE0AE2E70BB2FD43
:1012B000F7F20AFD13152B8FDB3F1A22F020D933EA
:1012C0000754F9D5DDF9191CEAEB173001CAD30A26
:1012D000080D0715FA211539F64BF808F6EA221B16
:1012E000ECCE02FD40DB04FFE10E352011DD90F86D
:1012F000370B1AD81E3DD32CCCB158ED1526DF1470
:1013000009EBFA4AE1F108D3E70332021CE2115C6F
:101310000EFE24CCF7E1D406F9F5DFE5DCE1FCB5FF
:101320002780F31022001A090C170A1EF5CE0AFCBA
:10133000EEE600021117EDA3D5E6FDD101E71E0A86
:101340000D06E92DE828F3E016F60F24FABDF41790
:10135000D12FF2D2E5ED0C0C32F48000F902E0005E
:10136000FA18E8003DCE00F503E8F3F03913D4F2A3
:10137000E6D40DFC2000110625EA2C15E016F5BE7A
:101380001AF52FE338E212E40A09113908EE053E96
:101390001DFCBDF4CAE7C3F5E81F091F19F5B0DA53
:1013A000E5EA14D3E829F6FFF82131030E0211C84B
:1013B00015DAECE3E0FABA2308456D40F9E312F6DA
:1013C000ECC000F9D800000E00B64BDDD9DB0E03EF
:1013D00099F3182325C0DDFEC701EB17CE06F0F800
:1013E00003C9F064F42210FA3C1C1A31F2D0E10473
:1013F000E63FF8073FC3F0151E42DB1D0FEAB92296
:10140000DDE044E9F2FD1BE419E7063400F009F9D8
:10141000132321102BE50B2A360DFE26FEE60AFAD1
:10142000E2D6011DFC400B0DF20A511CAB02DCFFA1
:101430003BE3EC2B122F0D2CEF00362BEC10F72D8D
:101440004129FB44A3001CFF364A2FECF2E7CBE70F
:10145000FEEA002CE408DB36E2240FF709DB24085F
:10146000F1EB1DE1CC1DF00E0E0D021909FFFF007E
:1014700023C91257F700270B2573E6F5242BFC0030
:10148000E7CAEDFD211800B42DF0F9DAE3F40CC43D
:10149000EFF1E20DF400190A03EC3354F2090900EC
:1014A000FA22E1E71EEE0DCDFDBA3601F1FCF6445D
:1014B000F71DDA160F460C18DFE9E721B4E811F141
:1014C00048EADBC4DBEB341C1F090111FFD01AF919
:1014D00010E5060E1AF322F0F1317FE2FF110FE959
:1014E000E8E600DA3800000C111A0D49FE3FDF2053
:1014F000D90B31E8DEEFE012D6144B1737B7AE2B1D
:10150000F00106B732B3E616FDDF15EB14E617EE71
:10151000EAD0041FDDE22FE412F411E1F73436F4CF
:10152000EE08FA18FB1C1A062C39F817EC0626C12F
:10153000EDE1DBF3ED0750222D34F660EEF7F326F4
:1015400000E4ED48EB1811D6F1F5D5E6EE1ECFD448
:10155000D130030C1908FC21EC06FFF939FEDF330A
:1015600042F5DB07B900DB1A11D7EDD12A0A4F1972
:101570002F0E00EF18FA2A6C1403FC05E8C8FF3A96
:1015800019E3D002F2DCDC5BD9DA16FBBF1AFD06E8
:1015900001E6233911F91B2F280FFD0B3A12280001
:1015A0001602FE0C110700EAE81AFBD523BF1FED57
:1015B00019210CFACB0036F5F70DF914C80DEAD154
:1015C0003BF70DEAFEE90C03D7E5FBDC0008061447
:1015D00005D50BFB2118FFF2F51DDCBCFF0520FE35
:1015E000EC00CFF90B0C0E2B2DE40027FAEC14B411
:1015F0000151F800ECD517F4FED5AFEBFCEEEA058F
:1016000011B7003F01000021E715C1203A16FE3A4C
:1016100018FB22011CC6EDD3CEE7DFF525D5FBF282
:10162000F8D7B5EE2234311ECB06FEFDE0F7FBB74E
:1016300031F712063D0CF9FBE0F3000EE2D200DEBA
:10164000DE26B18A0A08D0F519F0022AE50E8008D4
:1016500010E802E1FAD4F316F0130CD9ECF8EA051D
:1016600007D916C630030DFDF3E70EEEDCE1E1BC51
:10167000DEACEBE5DD0EE8DEEDE6E62A16D9F84253
:101680002346F9234000FE1210DA1DC2D7472DDC95
:1016900014FF002513C114F7F30EC116C9DB12C3E2
:1016A0002C0EFA28DD1DED732803BFA7EAC6B90A80
:1016B000DF2C48BAE1FBE524EFE6F2B0EEAEF7002E
:1016C00025E42FCFF2DF00F50907E6261200F00D22
:1016D00014D30019EC000629FBCB12141422C0F518
:1016E00011C5E8EED3F1A3B3E10525229F56033DD2
:1016F000FE21E9B025AD0407CD2B69ED2BE518C01F
:10170000DFDAFD1DBC19C433020EE3DEEBF5CEFAC1
:101710002236EF250911EC0DE319DED7082BB9AC01
:101720000C160013C2000028109115FEB9DCBF1181
:10173000602CFBF827161E04F72100CC9D1542FFF4
:1017400008EADCFC2F015AD0E99FF9E412E2CACE84
:10175000F2F8D95A02D73D0416E9200C4B10E818CC
:1017600017E749DC1D28D0100CDADCF9E219060A6B
:10177000D102E34C3BECD712ECF1F7B5FC0C1CF8B2
:101780006509CA51EB0CC53CF721DA057F13182D0A
:10179000FCCF3F6F5209461A320CE4FC4A871233E1
:1017A0000AF2E1271400AAF803BA232455DDC40E77
:1017B0003D8B00E2F927811609FF1FF5F0D0CFF825
:1017C000CBE701F4EAB16123AC2010EAF1F9D6CB02
:1017D000B1F606E71CDC216C0711E9BE19CFCA007F
:1017E00028F0D40BF80500FBDDF61971FB05AA06FD
:1017F0005FBB16FF10001510EFE6D1191A6804E65A
:10180000FD1732F24914EE14EEDDC70F1323F22C4C
:10181000112211B340F559E4E2C48EF2D95311EB11
:10182000401E35F90606C1A900B614E4151728664E
:10183000D72CC880D1F3CE0F0D05E421CA0F39F3A0
:10184000210D0005BF000068D5AF3D191E291CE120
:10185000D72ADE041607E9F9C01816DE32EFC72EC4
:10186000FCCE08DD22B639F5290D0BF9ECF75C97B3
:101870001729DBF713F29DF121222B2B184031138E
:10188000D10E212F43F3EFECFF1AD66FE6FB1003C6
:10189000DED819D915EF0BFEFEE0CD4109C612378F
:1018A000E64034CEF7F131D8E7FBEEEC0A12F2ABAA
:1018B0000507F2FADDBF610B0AEAF8C71AFADC0D78
:1018C000090DFE0BFE000198E338CDF3CA3520D098
:1018D000E2FE00162C21E3A6DF2A122527F5E32DD0
:1018E000F8F3FFFFE6F5FFFF65F6FFFF1B3300008F
:1018F0007714000088EFFFFF86C6FFFFCD6E000063
:101900006DBFFFFF75C3FFFF77160000E9FBFFFF08
:10191000AA04000068E8FFFFDDCFFFFF2BEAFFFF0E
:10192000B6DFFFFFC8DAFFFF10650000613D000071
:10193000C0F4FFFFD31300007E44000039DDFFFF39
:10194000A0F0FFFF8812000003410000BFEAFFFF84
:101950009DF1FFFF86E2FFFFBFE2FFFF600D000089
:10196000790F00005421000051F6FFFF9A13000088
:101970003BE1FFFFD2E2FFFF97160000E3340000D7
:1019800024E3FFFFFF1400003CFBFFFF80F1FFFF9B
:1019900041EEFFFF6E21000089F9FFFFC702000042
:1019A000175BCF293DD8B3ACE110190641061C0BDB
:1019B000F6FC9C011234D5BC20A30D8308E2CDDED9
:1019C0007FC101F8FD93F8F5F9DADF01E51EF0C5F6
:1019D000CF0BF787FBB205E1B8DC80611DB81804B6
:1019E000B456493A57DFDB121F1FABEA3D32A41150
:1019F000E2CBED36D0AD1311B9CEB8357C831A0FDA
:101A000004E0B9EB08CD024E1AB918E7F4DC2CF368
:101A100015EDD8193A4E75D20EBFFE7FECF8000ACC
:101A200003F19CD0C1F82526E0C8EE3C1C1FF1E470
:101A3000DE073BDC41E346572ED92CECDD4B386BFF
:101A40000A387FFB1D2642C7291A12BE2BC9DBF5B7
:101A5000D7BC262BF33F2619A4AFE0DD080DDFD25B
:101A6000CE103F1EFE2EE81207F9F5D7F8F623E652
:101A7000DBDE0E4CF95E1B0AF608F4AAC2FF22EF69
:101A800029D0FA7F169C08FF311C1A020220041785
:101A9000D7231F2A3D6E12BF07FC084006E7DE1B56
:101AA0001A242BB40D0F15F35E6607F52622648009
:101AB000F9EF14B12EC8DA013F07DE1AF22EEFCC8F
:101AC000F400FD001BE33C28E20314F9F5F2F9DD14
:101AD00037B83617D25808DD203608811E0CF64F6D
:101AE000DAD01F42DDDDFB6D2F2AE902DFCAF9FEE5
:101AF0001F12F1F41AEDB5CD9F2CCBDFD7FF44B404
:101B0000DC03F817FE7FE2FDAFDDFC6397BA49C93D
:101B1000C2FDD71B28A93735FD65E1FF233D3BF307
:101B2000B31D30BE4EFB01FF021202D8CD1330A010
:101B3000EB1B62540F026EE8422FF214F026343D84
:101B4000D80C6AE4DB2E471BF022BF1E497F3E3AC9
:101B5000FAC0772D0C9D44E8D1FE2B81F633E67157
:101B6000F89A2238403234DADAE0F2B5EA165B82CB
:101B70002B1D3CB749F5FD0C180AD4B7DB0E02F655
:101B8000E6EFF21DF9ACDE25051ADCFEE406FE36B2
:101B9000C42013F5B51240DE3934127F929128D853
:101BA000E3F825260DF5302914CCF113C9FF121ADC
:101BB00099191722DFEF20C6CF1705DD01FAF218B9
:101BC00011E0BDFBCDEF2EEBF7240F00022404C97A
:101BD000D5667444F40D5DCD813C0A04E50A18EA2B
:101BE00015BD03677F9A10FBBAF56CCAF328093755
:101BF000C01634F4F0EC4420221FFCDB5931B23023
:101C000002E66B21F0FB350AF198D8CD44009F85A0
:101C1000180086FF10F580EE09EC0BFDE007EE2FB3
:101C2000EA103502C11842BA18DD2505F6E8FB11A5
:101C3000DFEBE735D5C54DE914F000F4E1EAFF1616
:101C40005AEE1BDDD6C597E9D920FB524FAEE7E12E
:101C5000D8D52808997F3721EC2052EAB9C5DD355F
:101C6000E244D6DDD3D51E1B189DE20507C7062624
:101C700011F0E1D1FCE480E91E1B57190CADF4AD65
:101C800032153F313D163528F09F1E2CF2ECC2670D
:101C9000E9EE4BE3531034F7D3AAD4F50345371BD1
:101CA00009E3020B261518E0172A20E900FDC606F5
:101CB000CABB27D8181AFCD3D1FF100D0E05301659
:101CC000EE8023F705F00508B4FFDCE9F4F853FED5
:101CD00026FD452FEF1EE718FE7F3B3EF1FFFE2C51
:101CE0000297051265324F3B44D05313DFD6F007FD
:101CF000BAEF16DA1537013D00F21A00321AD3CBCB
:101D0000DCFC01190708D2E7B71012AEF41FE5FB9F
:101D10000F4FE17FC0F10BD5F7FBFB00F7D3F614B3
:101D2000232C18E7DBE6FD5A280318E31E31F901DE
:101D300001E9175AFE38E715D5EB2A1B29F2D1D253
:101D4000EC02CCE5E149DFD5F9E207FD180C204BA8
:101D5000810640FBEFAB1CBE1668F3FB190EEFDEED
:101D6000F8F714122DE11A10F74CE62D2F0F001A78
:101D700000F6EA19361D1D2D1E27FB021A27E8E082
:101D800009112B1ADE51E92B81E1E5FB08D7171069
:101D90000000000000000000000000000000010042
:101DA00000000000810000000000000000000000B2
:101DB0000000000000000000000000000000000023
:101DC00028030DA8A5851738ABE52F333FD68055DE
:101DD0002DE409D3DF1F3EF7CE59DEBFAB03154C10
:101DE000E10910070DD0F43B32CC4AD5E3F1A7D47A
:101DF000B59571C9F32ADCFE10D94B01EA2D18D92B
:101E000009E7E235803BC2FD23190621537F74E3C5
:101E1000A506DAF04F3B231D0402FFEBBD1D42DF98
:101E2000AFFB2D26CFD6FE0075FB30CA23E84E3718
:101E3000EC634BC3212B0A043D15292C1412204BB3
:101E4000147FCBE4E842010542C6E4F8021308FB24
:101E5000283749AFE1EB312F3F76E94E4A1F11DBBE
:101E6000D617E81BE710C8CF027F190B0678DE2BC8
:101E7000D5EAE98E36922F33D38D3EE0650202CD4E
:101E8000EB0D1325E1DAC3020444C1150EF6CCCCE8
:101E9000FA360D7F1E1E1A3710F300EFFAE9EE2A0C
:101EA000DB0CE7E529E0E80A4A1B2FF0111912289C
:101EB000FFFE0E640003E916260508D023DDCDDF02
:101EC0003FD82D05EB1C15EB06271B1ADE35CED4AB
:101ED000E344F4A481EE0CF80E32ECC02A5815F15C
:101EE0002F7F0BE4E719BE97EC20F1151BF8382F74
:101EF000EECB15F62E08DB51966A2B370FDE343BFE
:101F00002168F0029011062B5923F4EEB4ECDE3474
:101F1000FB2C2DEA0302070F238133221AE83FD45A
:101F200013D8A705CADD21FC23FA106BFCF028CFDB
:101F3000B50FD0CCD9C8FB060AE7D81037D4320584
:101F4000E6EEDE3908FE24EC0546A6F2CABA00FB2E
:101F500028E9B6530BC224C33FFECD42E5C2AA23F3
:101F6000298BC40518F9275A49E07FE2390AF2EBB8
:101F700002051EF7F0C1E93A1ADDF023FB34E20B4B
:101F8000DFE73652FD0FAD2A4481A89CFD251AEFEC
:101F900028F22DE222CDD50FF9D7D2081BFF020E71
:101FA000D0E71308F9ADE44C0E0021DF06382763B3
:101FB00009F726FCFFE4EACC0F5E0A4D100BF3D0C4
:101FC000B3F833311755D947812D33D7F2D9300EB5
:101FD00041553F19CED00AF5222C2F2F28EEDCC315
:101FE000E3F9D080FC6A98D1E2122CF50893FD1732
:101FF000C2F20DFD0FE306B702B5DDF2C8AEF5196A
:10200000CA1B304405CBA2CB4FC1D1AFE2025D3039
:10201000D84232F0BCE5CFFEF829120ED3E1E0D869
:10202000F1CC03E5C0DC3CC8E4593981CE4E1D1625
:10203000420533C0DE30BB22A083D216DAEBF1605A
:10204000D4092A20ECD706E1642A05C6EA013786BE
:10205000EC7F5036B495E640EE344BDE23F524A7F2
:10206000D209FDF5E2C8C542DEFD33D0FE771B156F
:10207000EBD95F0B9123CCFD231CB35A9CC97F097C
:10208000FA311B4DDC2834FFF4CC440BA5C3FCCB48
:102090002505954C0FD90300A60DF67FE1D2F0D8A7
:1020A00029DAE0DAD71B14F9CC4BF80126CED1B5EA
:1020B00003DEE418F9EC16030E2A003B19151F2065
:1020C0007EFBFC3810E9EA7B42D31F80CE1C1EE564
:1020D000C8CC15411EF903D129273192EF44CB40DA
:1020E000B998263111CC068821FADF3D93E82B02FE
:1020F00024DA33F21B8AC8DDB6E80CE9B629BA0B3C
:102100001A1339E9F0DC8FB796CF2D951F13276F7F
:102110000B3F46F1829A7F37DF1FC4EB7F0728C849
:10212000E63FC8FEE04D0E1A3918EAEBB8221C3023
:10213000811C80FF2910CBC506F5C0E222C5EECE7A
:102140008AB60B03D4073D0705D7FA1800C839171C
:10215000051B3F0756EEF529F022E3A4E31B3E13CF
:10216000ECD32824FD5D05EF2A4FF1F7FC227FDD3B
:10217000AFF8F80FF0CBDA3468250C0D290616F607
:10218000EAED35C715DBAE3D0A0D0933E73FFC2804
:1021900018D006DBF036475C0455E3B780EEF9FD56
:1021A000A226EBF0EFEBFE546E26BB22D5DAEC252F
:1021B000F9D2F9D819334A3572E6139F5F10DE0160
:1021C000EA1DF32C29180EA5370C4ED5A0EA2EC116
:1021D000077F1F3CB4E814F1EB2A181592DEDDE10D
:1021E000D4B210DBE4F3DF7D261559F66A01EF3D2A
:1021F00038107F180BF90DF6072FF1AA211AE92ADA
:10220000083C4A1FFD1E1C0F37DF15EF1EBE02C91A
:10221000E82309F918261738D9F2FA0C015322DD00
:10222000F8DBF581122FB6D8E70AE5F1EA05052FAC
:10223000F70C0E1513DB11E0EBF01119EB22FAFC91
:10224000A908011C9DECE12C522C330D79457460DA
:102250001B773EFAFD1358260341FF40F06F2027FD
:10226000B922E5BBAC33033681D01BFCF8155A2FDD
:10227000000000000000000000000000000000005E
:10228000000000000000000000000000000000004E
:10229000000000000000000000000000000000003E
:1022A000E4C7CCEF140D06240EE2FB210D041AA5A1
:1022B00037F9276CFE5F0E20FED030010C0738681E
:1022C00081CC4EF75BB6142A6AF18CE0F940113DDF
:1022D000B5C3FFF64D241505F133445941F4ED51D2
:1022E0000B133ECAA8383603E65AF47D1F041F0EAE
:1022F000143B0F587F2F1FBAF65223B604D1C9A141
:10230000C0C4B40408BBD9124955C5D1BEF202807D
:102310001314467E19211D18C145EA14F612FD61F9
:10232000B2C2ACE503C3861A1508E3E7F5181C1C16
:1023300043F8C510F81AED43DC0AF5E414FA0FF778
:10234000B9D759441B13347FD7DAC8DBE8421B1EC8
:102350000BF3BE01DD051EEABA24D388EFF3450274
:10236000FB5721C85C232A1FD4CBC136508943DFD9
:1023700003152E1EE0E8DBACE9EA164E1BC2C9309D
:102380009A4E1CA3E9F634B6815297C810C23D1389
:1023900022E54C6EEEDAD501F3FFE0121D0CFED8FB
:1023A00015159241DE3004F8FAECD31CE7EEA68056
:1023B00031F92503B71D0B3BCBDC12F25603D30BCF
:1023C0005BE7FC00D410FDCFCB32EE2A2721AFC44F
:1023D000E2F147EBD14F12F7400204911480E71A63
:1023E000934007DF1EFB09D9D15FA7BF5C542004CF
:1023F0000CDBF30EE5F04F4AF3EF7FC7E045F959E8
:10240000F0023758E32D53F5B8DDF2E9B0EF5FE4A1
:10241000E7C4021D0C1747FFC5D11DD2D18033D5AB
:102420008CFBD740DD1B3438E5EE030B4A0C321F22
:10243000F41F074DE0F84E7F5A8B3DFB20E91FDE6D
:1024400095FF3EE4B3F8136CF56731FC352E1002AE
:10245000F6DBD023D8E2EA430F223519FC12F34011
:10246000A4F46E13FDDAF70967C2D40C96B921F112
:102470001DD94A607F1312C304B541EAB110CBFCE9
:102480008721D91A297620F23052EB7553E059CAC8
:102490001CCB402EF8BC364EA18AD2D1C8B080F0F9
:1024A000B2FC0FFFCBE7A54DAB21AD315505DBD716
:1024B00047A4286F3B812EE408BFE33434EBF427B4
:1024C000EE22684D2D0B4245346183283237DE25DC
:1024D00058A1E903F818409A0CA4BE1811A7571088
:1024E000D3AC03881D56F47F69E51A3DE93700082F
:1024F000B8DE0A2A4937C7F30EDB0DFF20DB5CEE9E
:10250000F9A51F16E0140506F363264A99E3DFDBFD
:10251000E9272D0117F4DC2605CE1F0CEF138828C0
:10252000E0BB1127D9301D2E29CAFDCBC03CFD319F
:10253000ECB438F0DAC44CFF1E79EC3EFD7FFFD3DB
:10254000D6BBDF14E5D116E4F4142233E9DBF0B294
:1025500026BFE3FF437F19B1D938ACADF0E21821B3
:10256000F92AB77E521DFF410E273D2CE526041F98
:10257000D324BAF17F27DA0F0B3BD72D1C1B0DEEAE
:102580000424042C154A0BF5472BB3301CA9C8B6FC
:10259000DED0263133D52FF3E1B4F8E7DC4F35AA8E
:1025A000F50D3198F9E3F886230ED76224F811E38C
:1025B000C0C800FE47EE18FFE2F5D1F2F980ED86C3
:1025C00008EB01C6562BA20115118DD2522FCCCD8E
:1025D0001DB3E1313E33F25D128ED407FB201F099B
:1025E000EDD01A32D61429803DEDF92FE20AD4102D
:1025F000BDFE3837C4C018E31EE3C3FE2759D5B06B
:10260000E1D50822EFF03FFD1712EAE806F6EB05E8
:10261000CC20FEFCFAC7F936E1D3ED280ECB457F7E
:102620000CEF4246F2061FDB1CCC0C2D2F040EF4DF
:10263000F4DD07220C2611FE1920F5DFECFD15E371
:1026400002E51F2AE3171BED2123284FF9B9860461
:102650004E20E4CB0D0C13FCA81D2F2B1C7F17FC68
:10266000FCF6F7F004FBE2E0F03107F7C023F2C616
:10267000DC507B3DF009E96ADC401C0AE333DF4AA9
:10268000E6317FD4E7C4FAEB2B19C02AF5314116A5
:10269000F81ECCFD23132E1C537C0EDD2AFAE8AF66
:1026A00018F84E1C121B240BC17F16F527FB2505BD
:1026B000F9EDD3EAF6FFE6DE0C2DCADDDA0CE0EC2C
:1026C000C7BB3CA4E7EEFF4DFBFF0CCA03171A2D56
:1026D000F4F546E0FBEA330CD21D3EC2417FF434F0
:1026E0001DEF1F0B96DCD926CF080F2EF017F2F046
:1026F000F5E021DEF8ABF7E481EFB9311D0508C73D
:1027000029F515123B15F926D50F0C56F4ECCBEA3A
:10271000D5A5F923F1C600DDEEDF0E01F7B71DF6F2
:1027200013D7F4DA001D0C0131D4F2F5E9FEF7F904
:1027300020EF13101D03F1F6E9D21D80ED460F0CBA
:10274000ED26EEF8EEEDED08683CFDEB0AFC15F326
:102750002B0B7D1E30F9C6BE124BCE171A1848EA55
:102760002C36F81485517D38E1DA0E3C1AA5D2EFEB
:10277000EEEB7F253500082DC6EDB0569EB54A1C00
:1027800036CEE029E2BFF71C3B2B4008F9FFA6FC40
:10279000A701EE7FB3E6B9BF13A6DDB819F60A1696
:1027A000E3FCE530E8D7ECD0EE3C1DE123C846124F
:1027B000135604CFF405EEBEE740DCA717060ECB98
:1027C00029024A0DEF0CF8F60C3C264E5D6149D506
:1027D000080F2E0FFC80E1E197067CE30F4928EA01
:1027E000F6D9ED1093F3160F070138FBF3239FC2C0
:1027F000F319041F7608061B0E2D012AE44089FCFC
:10280000F0D7142D2A0C2621F7F6E5D681590AF9BE
:10281000ECB9C54B9B130DDA071F24BF27DECFEBA6
:102820003180CF69F5A66E0045EBBAC4F02A2524A5
:10283000565ABD05A03B10133441EF0F32EE0ED9AE
:102840000000000000000000000000000000000088
:102850000000000000000000000000000000000078
:102860000000000000000000000000000000000068
:10287000D2EC22FBC7B210C0011AEF12BD03F43D27
:10288000FA0A7C11CB082BEB36C1D6DDF618F32DF6
:10289000F2E10C1DF7E1EE01708009D4FF3AB9C5F1
:1028A0002429ED09F32CE101803B0905FF1C9B491C
:1028B000F0E71B2EFD921EC1E7DF181106D419E7C1
:1028C0001FF1F5322D1A6150F0F5E6FCD0D3280B3C
:1028D000A128DEBBE2410166E641ED4F822FFB1FDE
:1028E000072B5A504D71B9FB08361A89E3E421666B
:1028F000D5CC1D08D88A7D607FB11010F0D9563A2A
:10290000E30412E8282BF4FA1A3ADF0C16E3EB1072
:102910001F093211110D2925F17FFCF0F72727A39C
:10292000C6DB18D5E0C3DE1EEDC11913E51ACD0DC7
:10293000C02AF129103FFC1E2AF83A153CE6C15B7B
:1029400015E82E7F2310A6DA16E3E88C506972C1D1
:1029500056B0C61EB50723F65AEE24072AEC3BCA2A
:102960001119FC3BFDEDE7C6D62D15E8D42912164A
:1029700080FC1C09D6F7BEE351CDA23418DF15DF69
:102980009704D0422BBED7FE123F1F24DCDE04DEAC
:1029900017E7FCBF980B14E0EBF9C603C6312DE82E
:1029A000E3D70307C51FD3E32821982F06A731FEDD
:1029B000DFDF07E2A8102BA92981EE1A10F7ECDB64
:1029C0000AFE205FE6471B11116C7BDFF60DD44732
:1029D00002C031D62B18FAD5AB183AD01BE73540D8
:1029E000B6AD15FADAA844FAC50081F24847F2F20A
:1029F000DA5480F5AFDED603FA07006DD1C463F078
:102A000032BFEF20CA00EA0E022FD315E330DA06F8
:102A10008A05ED01420A54FE10D507F72FF0E5D8DC
:102A200027C400028019ECF3E407CF09F5F319D3AA
:102A30000306141FDCE22DED0013DFFE17BCCCCE25
:102A400026CA0ED318F1F018F150D741DD2CF10D44
:102A50001DBCCCF2FF07E7FEE433D9D7E7FCF50352
:102A60000AE71746B122CC0111E0FDC00C7FB80F78
:102A7000E7D4EB04601C3AFAF7C3E510A82802F487
:102A800003E117E3F738245738F7D8153CD4BDE6EF
:102A9000F337182500F54AED5E41183376C3999E49
:102AA0000EFB2C40E625EE01C9FECB7FF01F11FE88
:102AB00052BFFDE92DC2FF02FA09F90DDEEAAAF5BF
:102AC000D8D71009F3F73FE10C4E0D5E028023CCFE
:102AD0000FED0135DEEFC20C3B0BEA2EEB5C27DA83
:102AE0000F58489E8B60B76A413AA920F1CEFDECA1
:102AF000BD0B0ED3F92415FADC0BF3C1B9A365A9FC
:102B00009107200602EB80F1F812DDC0C73E97F571
:102B1000D9F320F4B8CB48C6433241D728E0C2FAF3
:102B20009422401D2ADAFAC6034DE119B9C3D37FB6
:102B3000E41218D20BFBC7DAA158A9011E432DC815
:102B4000C720FDE8F4BE36CD0A20F9FAEB38F71FAE
:102B5000E7FE19FEE800FDD64DA62C815A1ED8ECE2
:102B60001B161BF7FF0B1BCE0AE2FBE917E601E978
:102B7000216246D4CB7BC113D849E0261ADC1AA4C3
:102B8000F9B4F357406D41F51A2561B0C5C8B614C4
:102B90001D3CEF61F0DF18BC372EE015CEA97F3F5A
:102BA000500F132B3EB72413D8DC2CF6071DE73942
:102BB000FF082D76F15702AC8FD65BF3F54919BDAE
:102BC000D2D553BE92F37F8E0C20A3D6C5D412E685
:102BD00000000000000000000000000000000000F5
:102BE00000000000000000000000000000000000E5
:102BF00000000000000000000000000000000000D5
:102C0000F13AF410950F0E0B0F2212FD19B4F0FDDE
:102C10000CF127165CF91DEE0BD22AF6EC8106FCAE
:102C200004F3DFB30DB4F713EA5F0507F71C0A38A6
:102C3000DB3D302D213530094AE9270219FACCBF96
:102C4000C51B1503102505DB1DDB01E7132911E664
:102C50008117FBE33E0BE3CE094CCDF21E0EDD598E
:102C6000367EF7132B11E1DC0440FBEACD2F7F3ECB
:102C7000EC23113AFC3AFBC84D72D7E13BBFDFF7BA
:102C80001A11502A24065A19F32544F80A201AE486
:102C90001B122DF921DE4BFFA119FC23FA4204106F
:102CA000F38D293732FE2520E940D191ECC9280166
:102CB000F6DAEDFE3181FEB240123DF9E818E70682
:102CC000EFF943DFBAC116AD44341ADDE407F03939
:102CD00005D5623F1B007FAEAD091ADDB7A010100D
:102CE000BC1A18020F0219E21A16D3F0D41CB29BB8
:102CF00041C3EC5BDCA6A812FA961DA27FC9FA5E5E
:102D0000DACA2E55EC3D16AF09F5D85C4ACEA25072
:102D1000EDF4367313AE1CF10AD60EA20A65FC9AC6
:102D200008BF0FF8DF3BD60ED8261515FCF5CE02EE
:102D300081C7F1CFD367E4EF124513F929CB59C00E
:102D4000D4D47A17FE1BE1D0940CBBCFD8BF8BDF55
:102D5000DEF43606DEF0BBF293F96311E3F8E9091D
:102D600018D70A23E1DB4E162E27127FB7F6D0477D
:102D7000B48FEE2931D3E408CDD238B9E1FBE9DED6
:102D800042D8ADFAD14BE04A3B1C3F275715EB0226
:102D9000CE3816FC01D129EEA3F32472CFDE44BE57
:102DA0006B2B25298032D4ED0AD5FE62D51DEA1B96
:102DB000130325E7EFB1F2BCBC97CA1209E3FEDCAE
:102DC000EC1AE16ABF816ED658F1BB161BEBE21517
:102DD0000D36A630FAB46C57DD202013DEE136EE56
:102DE000B5EAFE3D03FF16EB45EAFCC4852AD14D4A
:102DF000FDE32FE0B6E945047F26E6BAEF1AF8C8EE
:102E00003809CEF2E21D2605F81705B8EBA3DFE47A
:102E100004C13446FA0CD7284B49BA32DF04E756CE
:102E20006A8D9A051B125F2D2D0012B8011024F532
:102E30004942FC068034CB349B24CC53021BE54C26
:102E400099DB0317FFEBEE0A37CF3F17DED233CA09
:102E5000F6DD51C25A0E1ADC2C70F6FFDE29570738
:102E60004180FF4A06F6B94DDDDEDC04AF19FCE215
:102E7000CEBE1703C3AC56F3FC465D800800E9BA2A
:102E8000BDE20A770BC944CB0FCF3144F84F615BE9
:102E9000C97117C43B1B58249FF5974AAB01D31B3C
:102EA00037CF2581212B2EE71FF2FB2B2014D9C110
:102EB000C5D2DBF619FF4E1F16D8C304C01728432E
:102EC0000514F3FD53FEE2F4B7DE18FE23D5E02F20
:102ED000E2F20144F556056A3073EFF61D28FCEE68
:102EE000D6FEDA38E2BCC63429BA3FE2F118F8352A
:102EF0008AC47E9E8929C924F10A2A1C41680408D3
:102F00000306F2FB070C1AE63CFD362BF13CC4FA33
:102F1000DEB72629F971FFE81AFB0B0FFD17021F18
:102F20004B8019F73A36C033D0FBFBEEAC98330137
:102F300033321411C3FDC036060A173211E123F2F1
:102F4000EFD04A810D27BD143619BBF1D6DC08E558
:102F5000ED05200536AD2FFCE1CB2818D8C7DFF7EB
:102F60004007F50309F0203AF8FF29F1ED0B08D9E5
:102F700080BEB70319C6DFA32588ECC4FD04FE415B
:102F800024E8231414F23FF78C0033F019E633F9E8
:102F90000706FADBF325C6DDD122F106D500FF04D2
:102FA0000CDF3427DD273819F07FFD30C2B500E192
:102FB000D6F9FFF22CCEC92343250211D7001AF807
:102FC000ADEBE4D92CFCFE2732F82CB91111F50732
:102FD000EF1F0BEE07EE2513041D3981FDDA0DEA14
:102FE000FE13331D141B27D40A0F0BE5EAEA0DED7F
:102FF00021AF06C4EAEB17256EF707AFB20D28D64E
:10300000DED91BCD0337DDF076FBE23603DAF8724A
:103010001DBF2B9A29BEEB1506FF7F1EFDDAF90AAC
:1030200000000000000000000000000000000000A0
:103030000000000000000000000000FC8000000014
:103040000000000000000000000000000008000078
:1030500017CCFFE8F7F2FDF010FDF13A06F7803BE0
:10306000D2EFFB3E2C45D50D08DA37FF020B4D2D74
:10307000DDD51B2FD6BF1CEF0D1321055AE420F21E
:10308000FA1ADB1103E6F427221522CFF1FFEB3009
:10309000EDE730FC28CA3ADE682207842A47801E02
:1030A00019F61AE319EB18307F9CF6001AED60E26E
:1030B000EC492D510BE1E4110916FE1A3C131A1AC2
:1030C0001DCC4C28F6DDF91D0D4D4177112F2F3DFC
:1030D000FDA6272F1CE7082380E43510D8031DDF49
:1030E0000BFA7F06DCCB113FD21916D616272E39E4
:1030F000D94C06FFF8D3F5CFFDF2D79C24E494C257
:10310000F268070714FED9C216C0E94E031E2EC589
:1031100002A750CFDEB64322E2E433B0C6C53D4538
:103120001E41EEE2F1EAEF0A7F44360626F1ECFAA0
:10313000D00626F31021DFBE15351F02D0FB312348
:103140002C22446F14FF4A067F243800E8EDF6D79E
:10315000B5031E2108EA1E0214DB0917EDE1224522
:1031600092E663EEBAC3B2F4D616143A2E50BC32CD
:103170002AFB291930DACCE9B0CE0AB52004EA0AD4
:10318000E907FEF2EE02ECD82F341FDBF1EA1A80D9
:10319000F30145FACCC911EEE902EFD5FEBB1CE9FB
:1031A000F2F7A9C405EB12272F19B1CC07CE1E0BDD
:1031B0001CD3F02604261AC3BC2FB5BB1ACBF226AB
:1031C000A9051CEB322E37E91E7F000ECD2403FC2F
:1031D000E3D1F2FC0FDF06EE6864CEF2E97F25430F
:1031E000E64D74B83E79502108FFC04241CFC4A1DA
:1031F00016FB6EF05FB81C39CB2AF708A216E5BDA6
:103200004ED01DE00E4892C02D18F7339AF2E2E03E
:10321000CD171908E27A39E72FE23AA79FF2377FF4
:10322000B80008D6B8AD29FEE913ED08A41DDD13DA
:103230009C23123323071D051F1C1BE1BA2810C94C
:1032400000FE23801E6317C0E015CEF9C41C05CB19
:10325000D8261AF8ECC61E0AE31B0D2512EE09FC4F
:10326000EC2BFB20080B21F320E7E9DC9A0216285F
:103270000D163A13E3331E44221EE31FDBE4E01B6A
:10328000F56337E80D01ED08041C12EE047F2AF403
:103290005B417FE1AE3E15E1A3B4CC3E5593E8EB34
:1032A000EE44DCA99E6223096CD4FC971A5CFBAC4B
:1032B000F80A4DE3DFDA140FF21901D5E61400869F
:1032C0002EEE072854DF691C4AF5CE1500FCD2E823
:1032D00026DB0CEA425E0ED105209AE4322FD93566
:1032E000378119ED7922FAABEA0DC94698D6021951
:1032F0005C1CC81B02F522DCE7E40D3721D5A1F8E0
:10330000A1E9F8FC060FE21AFCDF08CF052CFB3719
:10331000C600EB7FEB421A423F3BF11103462FE917
:10332000C4E41830FFE2E800AD532A0AAACF021520
:1033300025E4180632353A3DE52CC6F4814D37C6F2
:103340000245BA43BF2D183CF6FCCBD7240604D95E
:103350001612F23920E601EE1EF3D7F4EBC53BC19D
:10336000E504B4030789D1EFF2F51D1C360C011CEE
:10337000A4D312FEC7E87FE9F02721514AE1E2DD3C
:10338000260E814415CFD7FB0B9DFD093AD31BFFB9
:10339000BE0CF022F82A0DDC32A5E69AB7F4230918
:1033A0000D42F41ED7203DE60A432DCBD9523221DF
:1033B00077DAD568F53E02D0E4AF49193D2B21CA32
:1033C000BB693FD3AF206B4123F2E0F11C81151C98
:1033D000AD97CAEFFAD908CD2FEFE8EE0C07E99DBB
:1033E00091EFDB3ACE99DC50120B4CDB1456C36ADA
:1033F000F4EB79ED9BEB46F1151F293281C8B4F649
:1034000032D242159C2F13ECE532FEDFA8C177F2D1
:10341000D9DC1B0EF59B00E739F0C7F3F9260DFF49
:1034200010EE0F7F18C4266CC13F1A29B609AC06EE
:1034300003F8021AE34CB3C31B122AEADA10F7D7D7
:10344000153FFC221CF6EDF1DE4CE73E0DCD0706E4
:1034500011FCF92D1F26FAFD00EAF56229D8F320A8
:10346000B2E9F5F71903001E81BAFC02031B2FEE27
:1034700002E7E1FEE94913107FE8EEC41BF1F5DD38
:103480004DEA0A532D69D6111DEC1DFA1123215462
:10349000C72FF0E4CFED9CDF08F13213DDE10F130D
:1034A000C60B2A242DF0EF28410E0FDCFA06A99E48
:1034B0009AFA0063DD7F42EF3A47E7D3EBFC65D42D
:1034C000DB1DBD1BE8E0FC0B0753C2D64867A5F423
:1034D0001406040D0737E9323430F7193DEA80ED60
:1034E000E154E2F925360BFA4DF6F5D7121655AF31
:1034F000E722E612F3BBF1F3280F08F2EF03E82509
:1035000005CC81EB71B2110724D545201BDED93AD9
:10351000D0E2C62DED1E0FFD67C604433E56EC33C8
:10352000EAE40CF836CF27DE4DC7D8EC263B37DE71
:1035300055F03BA92A43AD81F2F41C852AD913DA50
:1035400019CB25E4FE11F9D0076CF602FBD4EC315F
:10355000E635B0E272E6E0C60F2FFDF839C924BBAC
:1035600019E132FDD3E6081121F4F4AF10DC2C226E
:10357000BB55460A012B5C0913BDAE14BAFEE1C26D
:10358000BA80242D1CEC29F402DD2FFFD9492DC36C
:10359000CF300B4FEEDC104AE52A012E1E351EDA25
:1035A00014336938BC4837E0F1C9DE6C2820031EAB
:1035B000812933E319344F26DB5F5D2925414AFE1B
:1035C000111D1514D6CB3E38DF20B9F2EC43F506B9
:1035D0000337CF3BC1F9062D1D0104EB54DC0BFD75
:1035E000F412C53F81F05328DAF6DDE007F80F004A
:1035F00075C7FC68F6C7E1AEF6FA42CDD5C329E639
:103600003807B33D0B15C747DE1160E7FE92012B6B
:103610004E0810375B02E4401581FE1D9DB301A2E8
:103620001C0DDC06100944D89303EEFB1006031AA8
:10363000EDE33E7FFF9046D0FD0CF1F11A040D0042
:10364000D023050F0FD0FA48E20AB8C2FC11050AD0
:1036500035E9E104EDFFEC0112EC01BBE8D220CD2D
:103660000CF60F7FE30DCAEE15E80F3FECE7FF58AD
:10367000D3BFFEDFE898350522F60E1400FBDC0D03
:10368000D510FE4171C17ABE23E4D4152813FBD7AF
:103690003792BF7F333604E10081FEFA6F6105493E
:1036A0000AF837EFD7C8CB91E0EF0BDBFEEFFB2B2F
:1036B000C2E8E6C6F7C51EF9DFE40904D21A180D00
:1036C00049B260481FEBE92331192A073922EF7FFD
:1036D000D8A54AED10F64321FA200B04EA13F9337A
:1036E0004FE445B8469B270BC5E82030AC2987201E
:1036F000F4E11116F4F5F5C7DC580ECB00E07FC7F6
:103700001813F0230D44D6DFCF66021BDADDF84034
:10371000D3F14E10283AF0C1E4191BE3E7E918BAD7
:10372000C8F55417227F04A83EDB201CE3E9F0060D
:10373000AC250FE3D0A617C4071CD4C62053060F30
:10374000A50E36CC08C30AD6D93912F3AFF143F728
:1037500045174D35C9E0FF3E7A48507F1301131CD1
:10376000D6F01624BAB60C25BC03E32E0642EBD9DC
:103770009AE5F7EB1912E7E70FE3CD0ECDEDE02662
:10378000F2E94631C70FFC0E17070871A05339F351
:10379000BF06D205F61712AD60F6E2EF81EC1CE031
:1037A000DE1F7F21EDE21FA5B8C303F5C708E801BE
:1037B00040B8CD06ED701842A515141F06001FE293
:1037C000F3FBF02BD8EE344D1FEDBB34441BD0FE81
:1037D000FF11F4EEDB34F209053603A8C4197D1895
:1037E000E9253D443C180B074B00CA4BDC1F261251
:1037F0000AF061F97FDBFDF82CA2DE7DF9130EFDE6
:1038000019E36636FA0F4CE9E30721ED0BC376ADF9
:10381000A96333CBAE3C3721031A062897F5DDE3C5
:10382000C0D8C7082F803AFC755D07570AF801C257
:103830005BE0801FEAE5CE4FD3234EB8D8EEE9C750
:103840001DEC1241BADF2628C4F64308D92BE572D5
:10385000A9DF010C12B025EB34FEDDB101E2FD075A
:10386000B1C8203B1BCDE323BB512E7F2214DD2E9C
:1038700024F80301113D254452D948F98DE3011E76
:10388000D8DF403304217A36F2E2DDDD044023251F
:10389000FE0707E2E49DE0D8CDD6DE19E2C505F3C8
:1038A0002DFBEA07150943D9060F2A5D81A31123D1
:1038B000F003F4F818E629232209FA0F141D01DA9F
:1038C000F4081409F0E3572809EDD2F1CCD609C267
:1038D00076B77F1DD42B553545DD1DFD001C0D3FF2
:1038E0009E2F1022061A1F465F6E2D241439EDF507
:1038F000E42E954971D6D49EE72FEE08A86C3707C1
:10390000240148E9E3FE53B91D76217FA28EF367B7
:1039100021CFA7E90907CC52EB1A1117F446B4D905
:1039200003053AFFFE3023551CBBF71BCA1BFC0BDB
:10393000B4BD274E0207091064215DA07FF8C9E7D6
:10394000F3FE4278D669200281C5374F16E6DBFBCD
:103950000BEAF008EEE7B2F4F71FF5DE35F4DB61B1
:103960009ACB2C0F1D2FF8EB2EC326CB7F3C1211C8
:10397000F3260E52BBFEDF4CDBF52DD82628F0F9DE
:1039800008F6DEDB2C0C1D230E5C1E0BD222D402AB
:10399000B3E11C63FE743902FE2B09A8A2FC37F7C1
:1039A000E7801C441A0541166E22A2C1E73922188D
:1039B000F7CA08C90D24E93902FE42E019E6EB1501
:1039C000C927F607C02BF13C1C0CE4F3F319220ABB
:1039D000DDF00B10F5F4F4FA177F07ECF3D91AD7E2
:1039E00027033A19F71DB915FC5D89080AE716BBCC
:1039F00097C61C5CE64406C74E3EF8E59FDA4BE3EB
:103A000061E4F82C13E030EE3E7FC02534CB366EF7
:103A1000173B57F60AC034567FFA27EB1E23F3C232
:103A2000E0B3DB8EF74BA4A637D0DD1248EAFFC720
:103A30000FE751BE4210E8CED5083B32ABC0210B98
:103A4000A5DF08F211D91AD81D2E2BF7E7B6CB0F38
:103A5000E5FF12DC2C49C01732ECEEDA40C2063E1C
:103A6000CB322F2105D6B5380DEA80F8FDD948D6DE
:103A70003FDDA5A8ED20EE50DCD33E4609F11CFF4A
:103A8000C6ED30F253D5602F02E9DFC12CD5CDCD84
:103A9000640819F4F54D812DCF52F127292F33EC0D
:103AA000F440BC7F35E6B525162360F20449EC03EB
:103AB0009DD0CDE8D5E1ECE606190EDDC0DE197D1E
:103AC0001A23D606F40BFFBC0F27DFF10F1C1C21B5
:103AD000E1C5DC0DC0172442EBA04BC8F112370240
:103AE000B3F9677F4A1060343DE3C8EA7D772BFC69
:103AF00016993A66C70AE9DAA8E5DDDF0929341321
:103B000001B7551CE427F818D0DD04D6F707D94FC4
:103B1000BA08B724CA07B5D47F1B15E415EF15A959
:103B200052974E0DC823002EB6251839DD07F72A07
:103B30007FDB2A1EF7D0F80A27B0F2D235A1F5F8BC
:103B4000B7FD0343F72430A357E0D11CB416AB2BC9
:103B5000F0FA32EDB5CD02EF262305B4075E1ACB9D
:103B6000FD0CB22169B9151D1E32F417CCCEEFE35E
:103B7000F3E2F0321E17C411CA9FF70DEE11386A36
:103B80000CC180FBFCBB1AED39E70B1CFB25CD11EA
:103B900038C6FF57D77C37A8B90C3FF3E748BD05B7
:103BA0002AF35B1B490A44EEB2F2EAD7705BF1DC00
:103BB00008632BC9B420D9257FA730B92DEA990510
:103BC0006746F154FCE2FEEFA5D08D4008043A911F
:103BD000E3F1480B3CF427E9104E31512FEDE9DEBB
:103BE00008B10B34F1BCE816C8F87B218094E217C9
:103BF0002EFFCF09238D25EF06C6050FF2219B313D
:103C000034F403310117182D2D2F0FDEE01C7FCD6A
:103C10000902022DF8E123CD010EFE04FBEF283F3F
:103C2000EFE3984BD0A4F34C1DA90780F851C38E45
:103C3000F22636FD9F145593C42E690F084442DBCB
:103C4000FDD6AE179BCA5110E70D4DC1E9E52FA374
:103C5000D919EC0ADA09F71D002CF3E0F5E4FC1F92
:103C60001D2EEB30F03F4FB03003387F3E68F90334
:103C7000D4000CE1D2330DF5EBE05E2D15350B0EC3
:103C800039CDEE4B12242E182AFBEED30EDF08EFAF
:103C900004134166C96B100780F4020B0CF2043D5B
:103CA000E7B0FF6B36FA4F2A3CA1FC01C1040625A0
:103CB0004C1B207FE011064DEEF313C0121DFAFCE1
:103CC0002E0E13FACC1A2EF21B061F1523C922281A
:103CD000CECE480371C5EFBE3DF006DFBEE623BC85
:103CE000B4D70C42C1B9FF1E52F5DEB6DECAF216D9
:103CF0000BC76523482BEC0D0653F4F6E81571B598
:103D0000009AD657130B207FE8DDF4CDC1E2E2C064
:103D10004DFEF3CEE4E6EDFBEAC6230FF96726EB92
:103D20001C30DB222B207F36970850C50D2AEE3140
:103D3000E11EE1DFDAEA01D4D6E015F31ADB39EC53
:103D40001204C8FEE915E813EF2BFFCBE82FC4CB14
:103D50004BB9287FF7DD2B7BB03725151907D455D4
:103D6000F701E0E2EDCAE89AA90F03E3B9013B1BB2
:103D7000D936DE061F22CA1A9818170D0F1DED2C12
:103D800005F4E406EB8117AAF1F82B05F30E050DF7
:103D9000DC4ADC0FCAED523A12350BE00F3C15F647
:103DA0000B1D2DDA1C11FFFCE239FE0C75DF2AB861
:103DB0000B131630085510C9CA7FFE434CF10ECCC8
:103DC000EF13350FE419E9150FA10E0257DD04BA00
:103DD000AEE8DED6F5CBF6162313F081CB17251C03
:103DE000F8212400321F0F19380A1F0C5A04614AA7
:103DF000EAF00C08E2FB1EE817E7E82121C0030BFC
:103E00002F3021CA1595384515DD9C31FB221EBC8B
:103E1000DC35E5EE9FADFAE2F5F9153B7E81EFF07A
:103E20000708DCEFCA57401E00FA0B1FCBF90C0540
:103E3000371A242A1DF0103B0FEAACD0BA9F4BD69C
:103E4000A8FC235531F43F804117E2EC184AF0DD1D
:103E500000B60D50C09742611C1CC4194165F6D4D0
:103E60002C6941F5B508D5B481D2C1B33D553C0CA0
:103E700027E34DF4D9A3F30FD712FA586A180FD3DA
:103E8000DDF11332150DF5CE2C6DFE0A0C3ED8FA7D
:103E9000FEEE7F0C16E423CEE925EC1A0103F51E95
:103EA000FA183E08FC6D1E1090290F0F17BEE7FD93
:103EB000E3DC1133B0C648D2110C072A5509D5EE00
:103EC000FA463B0A32ECF7E401E4FAC1B9E6E7F757
:103ED000C3F2DA480D64DFE20B1AC8B32A7F032469
:103EE000BFF8F7EBCCD3260024BBFAFCAEFC05F6FA
:103EF000F60E4A1A33EA31385F0BDE561DC847E921
:103F0000BEDE7F0612CE00130D0C1CF8B0179C24E9
:103F100012DB7914205422301D13D03B0CE90D190B
:103F2000FDE70F7FD8D8124B08C254CCBBFF23C388
:103F3000B51178D5E012DEF770171912DC2019E4FC
:103F4000C4F6F9B12218024A25091F2BF942C3E62B
:103F50005222ED1D47D2171E6737CFF8EADBB701B3
:103F6000B0EA15BA2F2E3A0F67F1D345441139C97B
:103F70000A9F8004525B369AC30A98BFA31538295A
:103F8000FC22E04AF4E8B82703314A0C0F07E2F8B4
:103F9000BACA2E1BCDD9B828FAD933B4CFF22B61C7
:103FA000AF18746A25D2ABFA7F1B15FA2AE6AC1A51
:103FB00096C45F91E726D014424ADDD9F6023FCC81
:103FC0009B113511D35B96C12A3F17A64EED1639CA
:103FD00015E8FDF02BE37F2A16BCCC2D3D19E9FD39
:103FE00042A33727D0FCB1437F0048C411D80DE36A
:103FF00007FA023BF974193AC6DAF9BBCA2E02E491
:104000007AB5F94B623BB4D51EECE4DFF4CD16F97A
:10401000C1BC2532060A0A0955F3FFDE46F523EA3C
:104020002C4CFA3C027F35E01B39E0FC160BC22D0C
:10403000EEC6230A5327E7C14B2202331BEFCE13F0
:10404000CCF2EAFD5C68571B0CDAE707AC3CD5FB09
:10405000F130D22381311BDAC8B31D0D1D22D68D5C
:1040600017DC2B34FFB433120B041707E423FBB027
:1040700030417F050FFE21E0E01F271F312FDFC7F2
:10408000F4F2F932094A204B12D012F7F58EF6C835
:10409000A14FC0D9B673ED132B25AA1320639EE45C
:1040A000C8152546EBF4484ABDD41E2212F209D2A7
:1040B0005FAA0FE8D61704090BEE19332509105D26
:1040C00081D5D6FDAFCE555712CBF2270C1414086C
:1040D000E713DDDDE72028003E833F421DE2393251
:1040E00081E8681B0045BEF528500A614D44F7235E
:1040F000B6F4FFFADE0EF031F1E9CC22E6EFCCC8DF
:10410000441917403ECC3A4904F9DAFE0DD5F09C2B
:10411000DF4FE011EEFDF52225413C301AD903892D
:10412000B0817BE1ECD11525C1F5ED0C9E3BF9CAC0
:10413000D5D33DED460BCC5FCCCEE5172A3616F035
:104140001DFCE6391C535F8123E73EF52A40DA2A3D
:10415000A4B7030E9BD04055361DB91D4973282EB8
:10416000DADF07D30ADBC04C4C35F3DD172EEAE467
:10417000DFEF121E011910F9E41A0F32E9BCDF7FDC
:10418000DB6120E3BB37D930094E262CEFF430F742
:10419000FDFEF9F409DAFA04ED0F053914EA0B28EB
:1041A0002F030021C51900D621BF1880F4F5E21FA6
:1041B000E8C8EE21E30902D3F40B14EEEE0F1FE47E
:1041C00081CD4314F519F78AC1181112C2E7133BC8
:1041D000C72ADF422FF79308EAC0B5B105F813FDEF
:1041E0004503E00DD50F4BF8130EE9FF35CEF7DE92
:1041F0001643B6E9F2E3F2F8EBFB04CEE501C6F5AF
:104200000DE1F73A3E12EF020416DE16ABB10DFED9
:10421000EEDC021B80141CE900A2020815160C0A31
:104220000A1E0F1B2729DD5A087F414D07F4EABEFD
:10423000DAB3F12808201A3F2CB3FEAB05D8E57994
:104240000AD3FA3C40C59A37F3E403C40BEEF437C3
:10425000DDE1CA1BD7E207F0FF0F0FFC40FA12277F
:10426000C609EF3DC148D2DF4F26C9D89CD8FFFF11
:10427000E5C81108A11F1F101E8105FF8FF3189CB0
:104280009AF6DC3AEBFB249D1A3EE81EB8D92E17AD
:10429000EBD10D6A14FAD6FD4BC2FA3D0D12417BEB
:1042A000A0AE0157E9D27F37190A256422EF06DC58
:1042B0002615E9F421F5F94F0527FC0903EBE1F494
:1042C000F6393518D30119EA7F44FC3C34B70CE1C8
:1042D00019CC1A34E6F11EE7FCEF104D0C1206045F
:1042E000E33BE3BD29D0C022CA311B30FEDE221FD2
:1042F000EC2B58F23ADEE5C6D43DDBD1FD5AEBE8B3
:10430000DB16CBEDF4E8C43C0527B309C16E7F0A88
:1043100007D0F2F422CEF7E1F10116E322FE0D31CF
:1043200032FF1825FC52F4160CC0450FF9ACCD52E3
:10433000088114D8D2A3042D63FE2B07E26C28D386
:104340002E2AFCF429F82BFCEF16100A12370CD198
:10435000ACEE274ADDF62A06010AE9D34BD9CA207A
:10436000E581F4C7E8F42CDCD016E0E22A251FE74B
:10437000DB019B11F9E0E7EEDDFEF736E84FF517BC
:10438000DD068D43F2B959DB1B80337E180022080D
:10439000072B2171C7C930701AD409546B401E2DE8
:1043A000D8C1F212623D9CC2CD11FDC09BE62B5DCF
:1043B00011F416F64F0B163B17DEB5E2150F1C096C
:1043C000B48029582ECFD915B5F3C32B3D45E34F03
:1043D000FFC22BD44D2722E8F92DCFBBDCEC5C17B4
:1043E000ED2816E8310FCF35F4F1DCA47FF3950307
:1043F000D8E8ED15DFB11FF212222E141E4EFC4339
:10440000E8FD07E710EF080A061C1FF8DADBDAC13F
:1044100020EA412C34E7FE0E812BF42A2A0C0136C7
:1044200088F8ACE8FB38B1F2011C0B0EE80C171051
:10443000B2DAEBE302191CF14BFA3A022FE7EC4037
:10444000620ED1430418DDEB240BB2003CF31CEFE9
:104450007FE9CF0C1E4D2FE73113023ED6E027E255
:10446000372FF5ECEA57D60CB2FFEFBD0BEB100A75
:104470007F04B9281036B7DF712AF1046AD8A32661
:10448000CD17F0EFE4CAE902DFD96AEB004B6DF516
:10449000F104EFDAD0B8E7002D2FC7F1C9CFEF054F
:1044A000031AF00F11000202D0FBE09401C5F47F63
:1044B000E5B6FC021FE42D580AA4AAEB0DB2D9E818
:1044C0000B4E1C07051918CBD8E0E71C25A739CAE5
:1044D000FC26C162E52FCCE90824E380299A21E873
:1044E00001EFE600FAFDF4160E0AF5CA4A1015F5BA
:1044F000ECFA0A07DCBF10EBBBDFE3DF002A15F69E
:10450000E3110C3FFE25D3EE46A62AD5D0E4EBFD01
:104510002693FC1322814D2CFB3B3BD73C1C6CEFBC
:1045200007EE1F2AF2EF2FDC3BD1F31027E2173EF4
:10453000F9F665F9C73F1B3F13B9D9F54417EB05E9
:10454000CFCB483133AF03107AFA13EF117F3A190A
:10455000000000000006000000FF00000000000056
:1045600000000081000E00000000000000000000BC
:10457000000000000000000000000000000000003B
:10458000EA0CF60312EB0114E0D5020110110C172E
:10459000CCD90D4B12AA04E907E4F8E4F3EC172197
:1045A000FBFFF2207F110F0A0AD80309B4DF23238F
:1045B0000156F2D0D5D4F0299EF03C3B06ECD1E870
:1045C000E13B2E3BFDFC09EEF5042FB90FFD1A92DD
:1045D000E501751FF8D6BDEC800CAFF0C5261F1B9A
:1045E00014BC0F17EDC1040E5DFDEFF932F30BF5AE
:1045F00007EA0F045CF917233F9E17800314D66067
:1046000010FA02EA1805ED1B20E5070DE3E3340775
:104610001C0D3611CAC8FE1FF2FE1207F6030FD298
:104620000BD8FD7FEC57DF00C72A29200F0014CBE1
:104630001DA3192185CB031CCCD8F0593416F3A443
:10464000FDDBAD2AEC4ECAFA97DF608029EC0E4400
:10465000BECB03155D1E25F30FD6BE14834E232259
:10466000B8FEC8F5480BA9DEC0EB09C50E1A5435D3
:104670004701EFE405D8F231D34A0CFB2417083187
:10468000F0D71DC54E4BB2F6553BC921E2D8403F8D
:1046900031DF1EE97FAC03089EB774178DCBE43081
:1046A0001EECE1DE0415EA190CFDF5F40C8DEE09A3
:1046B000E8EF2025052B18AB63F6E428B7F8EE5594
:1046C000F0D9D10CF5D50F457F1E1FA0025703CEA0
:1046D000D82419FCE709FF11F2FFDB1654B40700D8
:1046E000F902F224DDE010DCADFC13171D002D04EF
:1046F000220B0ADE7FEAF205EB6400203CD0E2EEFA
:10470000051118B8E81FE12111E9101E0BE416038A
:1047100037D47F201B254F1727D12B21BEEA024516
:10472000DB193CC11D41204112EFE5040B15F600D9
:10473000DF193B0C0FB7F95302FDE92117F7386B6E
:10474000EEE31F3D0B001820ED7FFE1A09C01BACE5
:10475000D8D54F22006ACCE2E8110B51F309590B6E
:10476000C61A122325FCE47F0415020616C3071C93
:10477000E01547F3F018FFB739530112F5CDCD21FD
:10478000CBE829EF293BFFF52BD0D8DCFC2312D650
:10479000D20A091B5AB51203A0DC01C2C5EC2CAA2F
:1047A000F62A313A2634FFEB33C3367F0CD8163164
:1047B000FF90FA241FB3DC27143EFCAE4A92FE2C75
:1047C000E8D11303E334EA2054BCEEA8E699377E1F
:1047D0000AC023BBE2524B03F665E982F4420E8124
:1047E00049B2F60212ED5DE6E4CE28A6C701C7D5B0
:1047F000F808242736F7D214CB16DEE1290F212939
:10480000EAD12136D2240E34F97FF5FA1BCDDA3401
:10481000E9C90A3C1EDDF9DB2C2DC836B71E1B1D6D
:10482000F2F552231207DDEC4A41ED1ACB1C10E6DB
:10483000ED07F5790626BBD845B1BE7F8BFE63E355
:10484000FA040A06F9F314E91E0C3AE80A11A8E77B
:10485000EFF02EFCC2E3FBE609FFF4FEF5263B4E2B
:1048600009000413E51D0AFAE75FF5809C2412078E
:10487000C6FFED030ED42C211936E01CDCF20B2907
:10488000181233DE9704FD45FF04150D07F9260BBA
:10489000F20E1C2A1E2731F0F306D68001D9F4014E
:1048A000E805FEEEFFD41DED3C080FDDFBE9E80B4B
:1048B0004A31C825F1F72924EE0FDB114A1DCCED52
:1048C0000D0443F1E52F3A0732F5FA7F2CFDFBB8D2
:1048D0003B0EF801CC880532D02BF621FF0A1BE2F3
:1048E0005110F52F02CE49034E1642285ACC160A13
:1048F00092604C4037FD0EFCE2FEF5FC1EAF4739DE
:104900009AA737FE14C816CDE526C708E0B82E7F53
:10491000D9F8124EF3DFF8CE7F19F9EDCE0EFF2F46
:10492000F2291F2111F2D1F5F6F50A560920D60415
:10493000F4F000EAA546FFCED121222E323EEBFD57
:10494000BBCBE1FDBAF6E06403FF19CF023081E989
:10495000CA1A0125F5F71AF0D404229715E93AF29C
:10496000EEEE10F38C2602B9DF04FD131E1913B30B
:10497000EA05E628EBE207110CEBFCF525E9CE068B
:104980001010F70A1627E0EF20F3DD0980DA1D0387
:104990000AE4F613D5E110E218FB06DFC20FF1D1ED
:1049A0008ECEFCD62A3DE5E70D3950408144E845DE
:1049B0001AF5241F27DF590E34DC1E24080C53532C
:1049C0000ADFA917EFEE64590DA5E9E210E3E52E21
:1049D0005EEA8FAC362D125EABBCD32200E00880BD
:1049E000E702F6A02812E9CCF1F207FEFB0F0A2835
:1049F000F2E5250BA4B6DB1797DE11FC1AEC2E9519
:104A000081980EFF252441FEEBE70FBDEF1FA60C9A
:104A100011F651FEAC2755A61C277B5855C3FAF357
:104A2000B14A3E183AD9ECD6E332CD4F5F41672800
:104A30000AD6FC3BC4F1E47F23E34C07DD0ACA3FFE
:104A4000C203F0D8A1EFFFBE7AF42D84E6DCFE337A
:104A50004C4867F20C3739E30012080024F22CDED0
:104A600016250CF2E9221C253C000F1C23FC0AF73A
:104A7000F1EA0B810267A711381C10E006D0F7F1AC
:104A8000E3F217F614BEED88D614DCD6FCD8E1F3B9
:104A90004023282BBE3C0B36DFE9DDE14A2AAA671A
:104AA000E4C16819FE18FDE96C7F0DB91AB700E979
:104AB000643A4CCEF9D42835FB1F3A221ACB15AAFA
:104AC00008CBC8500E29F66956261F0A1FDAF3D7FD
:104AD000DDDA271BA7CC291E0EFF330C1430D100C2
:104AE000C30E64688138DBF952433BD3281B9C29F1
:104AF000DAF7F9CC46A8EA37EDF9D11168F07FAFC3
:104B0000262EED4CFB1BE5E5F91B1FE5300BC930EC
:104B1000F0141EDCC9B4FB28ED3CDFEC520310DEC0
:104B2000F21CCDBCF0780D0B49D3069D17E906BFEA
:104B30005FDF1960CC669EC22854C8FD7F481D16F1
:104B4000C0E2B94F2EB9F803C139C4C86EF4D3CD51
:104B5000BEE4DA1001F6BA143C1610EFF11807F2B1
:104B6000D3EF0F65F5741BEBF6DD2ADB35EE07D5C9
:104B700081FA143F37F83F101FCCD2F3E22E1DE626
:104B8000B0EFF40AF3293AD90D111A2B27F4D30701
:104B90007FDDEB4C2225F21616C4FBBA253926041C
:104BA0000ACDDA43E10B3EE2743E08240DF00EA577
:104BB0000CB0F1EBDD0DEBCB17DBB7C227DA0EF54E
:104BC00034E4B8210B4B8105130B24CF38C31E2EC0
:104BD000BFE4F3E027F0341030D4E814C8C0EDC9C6
:104BE000E1C711FA2364140EFD17DFCFE6DACB1A02
:104BF000101F5E7FDC42086E00F70226F54B2E3058
:104C0000B92A521A410103312DD605D5A84C275D8A
:104C1000D757F9EC0FE6FB2E02CAFEF43431334BC2
:104C200047F9131DDEF318E338322CC1F51C20E1DF
:104C30000F003B3E2A0534C2F3CE29E680ADC39374
:104C4000E609F3461B01080603EA3307E7183012AA
:104C5000A1EF412BE325F5C43EF81315AFEEE8357F
:104C600081DB62166FE0C99A78F62712BD0FD14238
:104C7000DD0BFFFCCFE0B9050E8B567F5140CF32E4
:104C8000DE2A3BECE6530B3045E12954D1DC201BF6
:104C90004199C84B2E140E450FE438D1F927D0F5B1
:104CA000F5D20CB152A9B79EF2FE0335A9123EF817
:104CB000FED2F05E3B79497F051AC6D1DCC1F2789D
:104CC000A515F1D204B753D505EBECF041F40B0771
:104CD000AFC263DAD72BA3FB3647CC02C501BCFCBD
:104CE0002EF43C4EF40B0A77104F07813EC10F00A3
:104CF000D15D2E891AE3FF08FFD0B90BF2E20D2C2B
:104D000021A72F10A1C9F2CFC3315337D608C24310
:104D10005B29B2F5DD0FE7EF10193033C5E97D737C
:104D2000FED2F4270B1E06FDF8C4F7ED0781B62B63
:104D3000470F48FE2CF66120EFE9F6181D1809E927
:104D4000DD2B083DF13555E1E21BA1C8131F12C34D
:104D500028A1F9E0F25802BEEB07B833DAD27EF6AA
:104D6000CB21F61D06CE0902EEEA09F2E413330563
:104D70000AFCE8130501090C01F90D7F0C0F15233E
:104D8000C4EBE8E00BE73A01F8F91718184B1908DB
:104D90000C0EECCB251559007FCCC6B2F07B93CC22
:104DA00045080B16062437D7E0EE3E1B1DFE1B12EE
:104DB000E4F14117E738E9D832291BBF21EB1BF199
:104DC000504A3201C192052AC9FDD6251FF07AEC5E
:104DD000C0E41DD9465F06FEB255DA0AF68A0AE536
:104DE000D927F2BA66C919BEE8CFD72BD0167F14DF
:104DF00007C3F601445002CAD7F3CBDEE6312B2CB1
:104E0000A22525E7012A33BD331D11FAFC010C2D23
:104E1000A90125ED7FA5FC2D3BF1DE30F7F1F4F97A
:104E200042FDAC3005E8B9F9250420CADAD4F9CA44
:104E300012152402DA37170E8D367F32F932EED78B
:104E400000A0F114F0FBE524D6FEDB0D0D0F0AE601
:104E5000DBEBEE03E8D439FFF7D8B5372C1AEF12A5
:104E6000CED721EFC12FF641080EDB3C0005DE1046
:104E70005EA4100E4C7FE4CEC1E72821D1B231FDF3
:104E8000F5E513C8E02EF00B20160681F5DF24DFD0
:104E9000F8F23845123DEC15201F1DA774C61FE916
:104EA000A70E1E1142D633FE9CC023F6C92B08F173
:104EB000EB42D2084C33F5FDD3483503129FD31192
:104EC000BDF67F06D32261A16276FB7B1EB13BD685
:104ED0000131F8640CE712F8A2CFEB310714B74F99
:104EE00054E5C8C61703EFF7BB2972E1D90A1FA41E
:104EF00090B232DCBCFEDA02B580C30E1BE2F25D7A
:104F0000D247B84CEAE75B3F9D6F20BB5535C3D114
:104F10001AF83304FFF9FCFC1A3B5F02ECF61AEEB8
:104F2000DBC7D63D2B0EF2B07D1DF0E8FF1A2880BE
:104F300024E4C725DEC11AE0FF12E1E61FD5382EB2
:104F400021230C0EF91303CD091CE2FBF7DA4125EE
:104F50000A2CDAE810311214190AF680E4ECECCECF
:104F60000216EB322D13FAF921130A321D0FEC1B36
:104F700048F30E0527E642230EDBD6D4CAAA0EF666
:104F8000DEF5022BDD3CFCCB86B01120F81D1E02A5
:104F900018EBFB4F0FBB11F67FCAF0D6F766133440
:104FA000A6F4FFFF86F9FFFF63DCFFFFA4E1FFFF2C
:104FB00023E7FFFF88DEFFFFF1E0FFFFD1EEFFFFF9
:104FC000C8D2FFFF28D8FFFF13D5FFFFBCEDFFFFBE
:104FD00056D5FFFFDBEDFFFFA4D2FFFFFCD0FFFFA4
:104FE00097E5FFFF50E4FFFFBEF1FFFF91E8FFFFF1
:104FF000D8EFFFFFBA000000A9EFFFFF78D7FFFF4F
:1050000091D5FFFF99D9FFFFE0FEFFFFE9FDFFFF0C
:10501000C603000098F3FFFF1416000064E3FFFFCF
:10502000410A000095F7FFFFCD060000270F0000A2
:105030008DD2FFFFEE0D000002CEFFFF67FCFFFFE9
:10504000ED0D000010D8FFFFB8DEFFFF2F0B0000B2
:1050500022E3FFFF11F0FFFF2ACCFFFF000000005A
:10506000F0EEFFFF85E4FFFF9D040000DCF2FFFF90
:1050700094150000BFF9FFFF40DFFFFFFBDDFFFFDE
:105080000EC5FFFF79ECFFFFB1320000E9E4FFFF3E
:105090000A0C0000A1D5FFFFD4E8FFFFDBE8FFFF0B
:1050A0009FE0FFFF9AEAFFFFAC090000C5FCFFFF8D
:1050B0004ED6FFFF0CF8FFFFB7E3FFFF00F9FFFF3D
:1050C00096FCFFFFA5D2FFFF4BE7FFFF11D8FFFFC4
:1050D0000AF5FFFF4711000000000000B2EDFFFFDE
:1050E00047E5FFFF91E3FFFFF2DCFFFFD0E8FFFFA2
:1050F00025030000D2D8FFFF78F4FFFFAEF1FFFFD9
:1051000081EBFFFF99EBFFFF32ECFFFF53ECFFFF5A
:10511000BCCFFFFFCAF0FFFF60E0FFFF0AD0FFFF38
:1051200080E0FFFF00000000DFDBFFFF08E5FFFF7E
:10513000EFE8FFFF74EAFFFF5DE6FFFFF5D8FFFF32
:10514000F6FCFFFFB2FFFFFFF5F2FFFFADE8FFFF48
:10515000B022000061EAFFFF8EE3FFFF93CBFFFF69
:105160002605000034EBFFFFC6DCFFFF4D0000000A
:10517000D0F1FFFF89F7FFFF00EDFFFF65EFFFFFB5
:10518000F4FFFFFF79E6FFFFC1FFFFFFE7FDFFFF31
:10519000A00E0000A3E4FFFF79D5FFFFB1F5FFFFEC
:1051A00021E8FFFFFBE2FFFF71DDFFFF28FDFFFFAE
:1051B000F7E7FFFF84E2FFFFBEE8FFFF64E6FFFFC3
:1051C000E4150000C0EAFFFFA2E5FFFF00F2FFFFC9
:1051D00034E0FFFFDA04000059D8FFFF7D0900002A
:1051E0000BE8FFFF12DDFFFFA3E3FFFF01E5FFFF79
:1051F0008CDEFFFFBBD3FFFF4A0200003F18000018
:105200000F050000F7000000C4D5FFFF50EBFFFFC3
:105210004EF1FFFF93E9FFFF23C3FFFF66D8FFFFB7
:1052200088EEFFFF85D8FFFF54DEFFFF48FAFFFF3F
:10523000ACEFFFFFEAFAFFFF66D8FFFF7DEBFFFF51
:105240006CF5FFFFC2E6FFFFB3D6FFFF73E3FFFF7E
:1052500042FBFFFF570D000032E6FFFF13FEFFFF8A
:10526000F2DFFFFF9CDEFFFF72F6FFFF34F8FFFF67
:10527000CDF4FFFF5A0900002CECFFFF46F0FFFFC2
:10528000ECE1FFFF36DCFFFFBEF9FFFFB6EDFFFFED
:10529000CEE3FFFF9CF7FFFFABF0FFFFC5EAFFFF88
:1052A00069DAFFFF95DEFFFF23100000EF13000017
:1052B0006E1900008BF1FFFF40DEFFFF3DF1FFFFA5
:1052C00038E7FFFFD3E0FFFF8BD6FFFF5CEEFFFF69
:1052D000FEDEFFFF61DAFFFF63000000DDDBFFFFA2
:1052E00090DAFFFF77D7FFFF5DDDFFFF3CCFFFFFC9
:1052F0005AE8FFFFE9E9FFFFB40800006811000069
:10530000F4E6FFFF26E9FFFF4FE7FFFF07F3FFFF8C
:105310004CDFFFFF0EE5FFFF7FE1FFFFDAF5FFFF48
:10532000D11D0000EDD6FFFF7BEEFFFF9FF3FFFFD7
:1053300088F6FFFFE1130000B5EFFFFFA4E5FFFFD4
:1053400027D6FFFF2E000000B6F9FFFFCED2FFFFE9
:10535000C6060000BBF7FFFF0F0B000098FAFFFF27
:10536000F4F8FFFFF2FCFFFFA2DBFFFF3AEFFFFFC5
:10537000B9F4FFFFD7C7FFFF1EDAFFFF20E7FFFFEB
:10538000ECF2FFFFD0E8FFFF18EEFFFF91FDFFFFFB
:105390004EE4FFFFD1EBFFFF88E9FFFF32ECFFFF98
:1053A000A0040000FFE5FFFF51E4FFFF26E1FFFF3F
:1053B000020700001DD5FFFF41ECFFFF1EDBFFFFD2
:1053C000A50D00007ADDFFFF44EFFFFFBEE4FFFF05
:1053D0005ACDFFFF60D8FFFF6BECFFFF59210000A3
:1053E00026DBFFFF65E8FFFF430A000098F4FFFF9C
:1053F00080E9FFFF1C01000088ECFFFF4FD6FFFF94
:1054000016E8FFFF5C10000002E2FFFF4CD6FFFF32
:105410007ECFFFFF87E7FFFF2516000008FEFFFF96
:10542000E5E3DCF9D927F4EF1726C410DC3F082A9E
:10543000E217E91BFF00F7F60303F9030C58F3BB6F
:1054400024DF25F432F1FBFCF72405FC16EE1900ED
:10545000FE0C15F30BFE0B450FFFF6F9D7262412B1
:10546000F003E8F20FFAFB20061EFAF01AFD001C0A
:10547000EFFCF0FB24030B0BFE023328DC04FD1AC7
:10548000EB00094E1EDCF813EC19102BC333013A64
:10549000FF2DC821C8EEFE3A0025EAF6110F290AB1
:1054A000F709FD0A22EDF3F6EBEAF20CE70EFE1423
:1054B0001126C5D6143524EFEDF3EFD617F4F8F71F
:1054C00015182DF6F648162BF1004BF6F1D1EE48E3
:1054D000F721FA092AFD0D160519E3F70D1618161E
:1054E0002A21E2DFFC0E02EB11BF0C16F7CF11F4FC
:1054F000F2031B0011080E03F3E8FEFBF9460D232F
:10550000FBF305E9FC0AF4EB2C000F010305FAE7B5
:10551000DD0612FE01F605F4030D05E007F604FAB8
:10552000FE4C0CD9D128FAFBBAF11AFCF6382B162E
:105530000008F8FBCAEDF0FBBB060A0C0BF30DEA02
:10554000EEECEDF9FA32F2FBDC5CDA02DC42F0F070
:10555000DF01F1100F00F8071C18F7FF0639ECEE19
:105560000AF513F518E3F000C3EEF7F005FCF600BA
:10557000090B0D120E0CCC2BF4DEF8E1D92504EE4C
:10558000D00DF00F0DFAF61708F7FCD418F6001737
:1055900006FB04F40416120806030E1BF1F6E028BD
:1055A0000400FF4C12D1F9170E021837E637E6FF58
:1055B000F21AEC1CDFD116C60020CE0A10F1F50855
:1055C000EAFEF9031003F333F8D4E82EEBFCE417FA
:1055D0000848D9DC0E002302EADB02E606F3E7E323
:1055E0001B0302F8FD51F441E0F36D06EB0F0B1DB8
:1055F000E70EFC16220C060315F307FD13F812F054
:105600001F04E9CA1802FCE6FFD20AFD1EB904E530
:10561000ED111A050E0EDE01EE09F31A07400428FB
:1056200007F307020F05D41CFD0012FAFBF20AF182
:10563000DC09E70D0108D4D6100DF6F5F9F9FC06E2
:10564000F7420AF7A924EB1BCEEE05FEF92306125A
:105650000600F8EB05F1E5FD1CFD0205E7E3FFCDD3
:10566000F9E80417F056DDF2FB32353BE9762A06FD
:10567000F817111B07000DFA4DEBF1E8F93A9E25DA
:105680000A0D37D125C24E01800623D715E51A0031
:10569000DE17B51B0570DC24FABCF6D3CE4E120122
:1056A000CE35F1F01C07F42105310A0B1D2F000F38
:1056B00043F6390E19E128ECF3027C107FE0EC3B55
:1056C0007F00165E0EEFD40B0EDE16E19173E7DC61
:1056D000E647A1FDE2B1209D0008E728FDEBF93582
:1056E000F3FEFEEADFEEDC07EBB2E37FF8040D35F4
:1056F000F05B05A831DDD6BDA9DE20CF0E31EECF9F
:105700001EEB25FC003BD155CEDF4F3BEC5BFCB0E4
:105710001E503E7F2A100B1A2027FA212580155093
:10572000341AFBADDB23F7E8CBFCEEF2D3594D0C7A
:10573000E41F0A18F234D5EE012EEAED2A412E3389
:10574000F0EF16D125F2A93DFB00F527E0DDD20BE5
:10575000B70ECB0315F22F08200722DC0F12211BF6
:10576000DA640D23C134F60E80F806DBFB1D580108
:10577000F3FEE72CD5FCF83678F5230ACF42F098F3
:10578000F1EC2700F031F2FBFFF7EBFAE02FDAEB58
:10579000E6F0EB201E00182CE9FB08F0F30EEEFDFE
:1057A000FA22FBEC14E2FCFFC307F6FB0609020039
:1057B000FF10E7030A0B0BE41AD7EFF1D30511072B
:1057C000CF2204DFFE00FC1502E20ACE1BFF000A16
:1057D0000B1609FBFFF027F81D08141DD0E1E8089F
:1057E0000F000236FDE6F7FD1AFB1413D328E52F50
:1057F000EA15D8E8E4E0FCCD000BD2FB0DF1151B57
:1058000000FD04F6FC0CF8F405CBFD1EF2FFE616D5
:10581000F65CE7E81BE32B00DEE9EFD61307F9EDB2
:105820001E2AD3F61A24FB42E0ED36FAF215FDD912
:10583000F6FE1B10210FFCF30B50F7001AEC0B1DAA
:105840002015F3CE220BF8EBEEEFF706C7BA08F4FB
:10585000F5F51411FE23EBF8FC04E5072B39F31AD8
:10586000FF0908ED17F4D50CE3000DF4F5F704F685
:10587000FF0908020DF0E3F026FB08EB0FFF12030F
:10588000F131FDF8AE38F8EDBFF10DF1FE0F3D0539
:10589000F907F6F204FA0FE46EF109DDD9E207E147
:1058A000F8FFFBEFE30704F4F3D4D2FED134EF1397
:1058B000FA05DF130A000906ED06F2F9FF16F1E911
:1058C000FB180BE220F3FB060409FE040BF615009F
:1058D000E921110A01062CFAFBF2F3F0DFF9F416C4
:1058E000F107FFE22E06FD1804F713AE02FA000AD4
:1058F000F10CF3EF080028160F083D13C4DBF2EE9D
:105900000200F712EAFD0BE5061F1101C829F9355F
:10591000DE08ADEFDBF5F74E0009E9F0FA020A0FF9
:10592000FC020304DF03FCE9E5EF00FCFF010E0FBE
:10593000E1F805D200F008FBF503FFDA0DEBEFF21A
:105940001612EBFA1254FC49EAFD3AF5F42EEBEB91
:10595000F51F19E227060A09F40DF210FCF80039C8
:105960001713EEEA14F906FFFBEA0A08B9ED0C0278
:10597000F0FF3508081619FEF7DEE90D2BEAEC0CEE
:10598000FE260DD7EEEFF60100000002F0F703034C
:105990000D07F7F416F0250DF8F407E626F2F4E209
:1059A000FA20F500C4F6F9F2B0DB03F70A220E067E
:1059B000FEF3EEF6270922F14FEF01DDFCF210F2C3
:1059C000EEC9D90EDE290902E66CD30ECC462C0CAA
:1059D0001C0A0307FC00FBFD580BFC030235E0EC3E
:1059E00021F927ED2DF11D05E1EFF7F5141F20003A
:1059F0000908FDF60401B94B1334FE03C8281E172D
:105A0000C31AECE21D0CFB1806190A0401F6001873
:105A1000130808EC26F1061CF9FA311A0D05FE1CD4
:105A200036001A5104DDDC100BFB1B50B431232B64
:105A3000F9123B0A02D4032F0032E6F207E603FE16
:105A40000AF9F7061DF30EEFF3F7071D0B11F82BFC
:105A5000EAB4E104111A17E809FF1FE100DDCBEBFE
:105A6000F9263BF6F127FF03F3FF58EBF6D8FB1FAF
:105A7000180212FC120A17F7231B03050D15131D3C
:105A80003F0AE4DA090006F424E2190B4DF019E0AC
:105A9000FCFDFF0516031D0EEFDB091205160803BA
:105AA00000FB04E8110406151A000BF7FB09EEF2DF
:105AB000C9FE1AF2F2E33ADB0406F5CB0DF919E35D
:105AC000FF3E1B1BE10612E7F3EE1CF10B334EF712
:105AD0000E10F413A9F70FE5D3070E0B0BDE02E847
:105AE000FBECE820E427E1F51B4DFDFC096C4CEFD5
:105AF000210001141A00FCE9CF37E803FE51D42736
:105B000015C32CDC18E73709E6162DE40710020050
:105B1000FC1BD6090617FB51040E01CAD034FB0C3E
:105B2000C132DFED51F6F61E0B271A0C0C2F0021A7
:105B300042F955F1311C0D1BF7FF4A234F06014472
:105B40006900366118EEEC34F4E0163AB047080A02
:105B5000E3342815EFB00F35002DE10C03F0DE1C07
:105B60000B0308091000FC2CE60D1B3C01010C3254
:105B7000E329DEEA46F6D7F005D92BFF0114DDE76D
:105B80001A287F202933E206EA11211CF50026FAA3
:105B90002B0E351E250005FC17D1FC2B00161C26EC
:105BA000560FE2CF0F020BF80ADF2B01DFC92111DC
:105BB000021AFF1E14181001E304AE1822202B0D48
:105BC000F71E0CED21FAEB4C2D001821FBFCEECF5B
:105BD000E908B918E21D16ED1B000DBE22C63A29D0
:105BE000E970F942D40FCE12D9E706ED12F35F0542
:105BF0000E2DEA169C17FC1AF2F4030AC5EC02916A
:105C0000206055287634282B7E5C383E5D6D484CEC
:105C10002E464D5E71001A5807762BDDFC7FBA2F99
:105C20002B0156B620D047F4E1684BFF25015F00F9
:105C30003C30F736F65A7C3D7F1FFCAFEB58FD7FBA
:105C40004448D8B45606151D1A69225D5C5B0039BC
:105C50007F3A63134A54584E284C7F2D46BC417FEF
:105C60007F004A587F195B390700F87F96458152BB
:105C7000D27E141499932280004AFD46EC48385194
:105C80005F285BC06B25C656E9246B260CFD7F3868
:105C90001E4C55B87D7D83C9C1BA6D681E74384FDE
:105CA000F0617F044B057B6B032C676B052051A6CD
:105CB0002F5D6E4E4A13293538671A22CCBE257FD8
:105CC0007B4FEE05BE4E37B2C5865175C1407F335E
:105CD00037654D71315C8128F956A932495750FC1E
:105CE000DD7F15E51BEC487F7F00257FD30BD02798
:105CF000EC127F32F5581A406F473AA359F86C708E
:105D0000EE62117F3C60AF7FA24E8F714C5C7FF0E2
:105D10005752CF428C3047797FE47F1E1F32E1809B
:105D2000FFEAFE14E318F2F33931FE0A147F35E876
:105D3000320F0A2714001011E21EF514EE4BDC0D91
:105D4000F92F0EE50FF64B06E4342FEF0825260059
:105D5000EA16A40E091022240A04F9D3E705FD155A
:105D60000327FBDB40FFFE1B070C27182F30000A20
:105D70001E114AE40C010EF00906340F56F1FD1B0A
:105D80006D00304A09FDF8190FE51120A93FF633DF
:105D9000E83D1CD3E7C004360009DC0B00F3D4381F
:105DA00015000A080B08FDFEF0040633F302202458
:105DB000E02C06E320FBD7E6F4DE0BF3063E25E0FD
:105DC0001B315619210B1A0BED0C4026F61F18F744
:105DD0000F06440E470CF4F40A2203232907015D41
:105DE000361FEED516FB100407E8FE0CD5D7332876
:105DF0000B000E1D19112300F2FEAC0E4E23290CD0
:105E0000F9290FEE35EFDF322E001C2004E3FC24CD
:105E10001D0DE4FDE0F92F0C0BFA0FB81ECF331E59
:105E2000EC7AF224E71DDAEBCBEE1DE926327FF89F
:105E3000114DDD1ABA240C193EF60DFCA6EC07B480
:105E4000F8DBF816F70B0B08F81ADEFBE947F5EE5E
:105E50002503FF09FD00FD316C08F814FD11E3F87E
:105E6000FE1810EB15FE410CDFFDFC032F3D320048
:105E7000F31DF600FC02C52C272FFDF9ECF2080BF0
:105E8000D00502C6F016F81004F41BD013FD000E66
:105E9000E61B18E809D91F010F09220705D208F5EA
:105EA0000B00FE2CE9F6EE0419011324BE31073B6A
:105EB000DA0A0FEDF1CBEC320002DAF9FCFA11103C
:105EC0000517EB06040219F7F303F3101209FA168B
:105ED000D7FDDCED1402E2E720110CDE0CE8E00552
:105EE000FA20F9F81027172900EB4FEEF517E50314
:105EF00007F514F6221C10F6224B081B17FEFE3B7A
:105F00000215F2E720E613EC16EEE90119032FE97A
:105F1000F70F2909000926050FD4E71D5CE60DF9E6
:105F2000022109E807E8EF1DFF0008FAF9DB000687
:105F300000FF34EEFBD14D05F3FA0AE70DE802D974
:105F4000FA360B0DFAFE2EE1CAE01EE818E72CF631
:105F50000A23F10F182030E229FB03F5E2FC13E8D5
:105F6000F1FFDA39CF23FD04E755FF1920FB521F5B
:105F70007F1FFBEB230011F3381EC820ED32F16BBD
:105F80001FD7190B3FE72610AEEBFB02FA6C0B0094
:105F9000EB0E80E8F9FCDA40F55EF71EB92C3714F9
:105FA000F91DD7972B0F111404311643F50F001666
:105FB0001AED5C0A38FF0D04ECF858225319190E3B
:105FC00058001D110220E509FC3D0A450838471A12
:105FD000E6027F5331CB5F32002D170A030DD10348
:105FE0000602E73605FA08E8D615304AFE26F91209
:105FF0000D11193F24CED8CD561C3FE716E7EBF024
:106000002C0F343A0E11E8F30C2A6200F88C0EC6FD
:106010004602270B050B27FF19F10715264231FE13
:10602000670EF83DD7FF044020087E087DE706E4B0
:10603000020AE30F1732100120DFEF1CDCFC13F71C
:10604000EEE10F1F13ED113C0F00050CE719B2C96B
:10605000C108E0E115E16802EFF90AEE2DF04AF51A
:10606000E6400234DF5E20EC13E4F9C4232826EA7C
:10607000F8E901F4870A071BFBFD14172AF70A99B0
:10608000234A7F4B5C30433464484C1744395C42AC
:10609000515A1E573F0029586F7F2022DF52057F3B
:1060A000449528FB55CD481BD959472241527F00C2
:1060B000472EC2E5DE3C77557C6FEC27C07F5267E8
:1060C0005D3CD6C07F143025187F3A6C4A19004CCD
:1060D000543573237F6E453D193A183B612456674A
:1060E0006100261B562E6650391EED18E8FA5D7ABF
:1060F000CA22537F73C04D64006C242FED55653662
:106100004C134A3E7F113F35C6696F5C32256303ED
:1061100039535FCA7F7FB0CE22127F7F3846567FC9
:106120001E776E39453F4E1C214B26710FDA7FD307
:10613000714D37462E0E4D3A2F322D492B26350DF7
:106140007F4AE263C94E2F50385C7F544D6F0D4833
:106150004253235A38542B19345C8758391D58D967
:10616000D64322D20CE85F617D811956D944C99D7E
:10617000A70E4F2B1D7F7F21523B5BFB7F347F7F20
:10618000F4611466F17F47592340946F593668E1F2
:10619000713ADD3F8D134F6D5FEA3D157E1DF58829
:1061A0007F7F6C7F7F027F7F4A077F7F7F71807F49
:1061B000507F7F7F7F817F7F7F7A7F7F81427F419A
:1061C0007FE353FC7F807F801D357F7F7F052A0022
:1061D0007F7F017F807F7F7F6C7F813381717F6FC5
:1061E000507F8180657F7F807F6A7F1A7F7F007FFD
:1061F000407F027F7D637F7F7F7F187F1C7F7F3C96
:1062000050007FB53B817F7F604281FB71FF5B580F
:1062100080CB7C4333817E02817F7F7F817F4CC333
:106220007F7F7F817A7E7F7FB17F7F3C7F816680A9
:106230007F7F4A805067808080802A727F7F5F7571
:10624000807F6C817F7F7F7F7F7F597E7F5D7281C2
:106250000B7FDD5A7F7F7F7F33597F7F56547F22AC
:10626000747F807F817F7F7F5C39537F4B7F527F3C
:106270007F7F757F7F7FF77F7D7F9C4C7F7F7F80D7
:1062800080677F8180817F4D69007F53817F80207F
:106290009480637F816D627F7F7F3E30657F6A7609
:1062A0007F737F38327F6875F57F817F7F7F39818B
:1062B0007F7F810F807F7F7F7581417F7F7F81B965
:1062C0002A536050562C563C767F5A0E445C503F01
:1062D0007E5129603C0034646A67263AE049085CD4
:1062E000197F110930EB4B1FE077681D3B7F790068
:1062F0003F2DAE22E3466D48714BE718EF71295DE3
:106300007F2BCBF164193526164C507F4E20002E82
:106310004A3E6021447E394725551533630D5A693D
:1063200065002D16453D5D514A17EE1E01044E7F56
:10633000CB32799340C74158005B2729EF617F44F6
:10634000654D56477C313742D264614C201E6D0545
:106350002F537ED75375BED129115F6E27447F59C5
:106360000F777433404D5E40182E7F7F0D7F6E9AFD
:10637000474D2C354B0F542E267F432A6621951D01
:106380005554EA50BD2A6F45523B37615D7E174F29
:1063900058687F762B4035224C728A7F751A51D708
:1063A000CC5923D217D455717D322069DB28EB7F7D
:1063B000CD0F66432D5B6957342E4A16603D4F6CF6
:1063C000F87F1D49DD604E54174FA1507F5F6DD897
:1063D0006248CA7F9924574B55F3621C5618F0B790
:1063E000F3F5D34CE20C260E2B17F2FA29132100F9
:1063F0006423FBCA09000E0E3EF9CF3DE814F54DAB
:10640000FE55100F2AF32D1BBE522EFB096E3800CD
:10641000DD2F9BD6FAEFE12E0344F907D30726FCC4
:106420001907D3C33C1D1910050D2316F4100017CE
:10643000F30A5D0D11E026F1EAFF4B2373EE3A02F9
:10644000100016EC043DE702093C062D0A3D453DCF
:10645000D1093DD439C05141000EF814FE12FD0699
:10646000131EE744080601F5C5210A46091E18193E
:106470000A05135616CEA0E65B2115E6FEE50AEBEB
:106480002A3F483D132E0F0C0F00610DF47F11AC15
:1064900041F5141F140C2C070425090D3C35A1EE01
:1064A0002629052ACBFF224C300E14FF44F20EECB5
:1064B0000109450E002112053BF6B03C45E227F9E3
:1064C000F3FF1A0C21D500410405090EE706C53A71
:1064D000DB0903EC35D66A48D7FC000923F439E719
:1064E000DF250F35CF4E34F50BE612BF4CD10AF342
:1064F000F70CE649BC22FDF62FF8260BF2F103A0BB
:1065000002F6EAF4DFE410010434C9FAE9FF221CC0
:106510002DFCFFFA0700FD14F636E6FCF512044EDA
:106520001502F2F90EE90009B4DDF81CE84012008A
:10653000F30EBE08FA0C32290C41FD1FBD000729DD
:1065400013EBECBC2301F50C0CE50ADAFF06000A9C
:1065500038FE24F91003160104FAE808130D0907A0
:1065600025001FE2EC1303090223FC061411E91FA6
:10657000FA103A0B33E91C3C001606E101D5EAF5A6
:10658000F2EFE0F9FE0A04F719FA2107FB0B08EE17
:1065900023FE051CF8F323F2360800F117DDF9F4A9
:1065A0000506F81C020C040E0B2D1DF200E0B62CA3
:1065B00036E105F1050722D01C140AE82524ED1068
:1065C0002A11F8041807FEF1E4BE3A1379FDBD0C58
:1065D000FCFDEE12F519DCFE11D2FB0AD61EF5F910
:1065E0000EEFFE29F0FDF805E000FFFD0905E0EEE5
:1065F000E109CBDB0CE31107F9F900DB1A000ACE45
:10660000F51D09FFF424F6F926E5ECF3260FDDF578
:10661000FF1C01FBC70607F3F601DE0A09FE0FD1D6
:106620000EF529FEE7CB31062534120BF9E2180FDF
:106630000223E20A17000AF83F16F6FBE5D61A2CE9
:1066400012CCD61E21E3FD01B438311E07481600D6
:10665000F420B5FDF4DE2730113CF15FD4E92B03C3
:106660004AF3E3C814FE0E070A080C290EC00033D3
:1066700035E2640DEE1A0BE5F500CC1756320D0F1E
:10668000CA002E9C0D1C1324223004F731E93C195A
:10669000E8E13A455DD30DDD000E01EE00CD33D4C7
:1066A000DB01EA020D0A02FD46F21723170F0FFE67
:1066B0001821053F2032E4FD0D2E24DF10DA2FDBF8
:1066C0001C32E3DB102030EE173F19FD04CC402BC9
:1066D0007F00B506F70C0CE814D210FF342C072FFE
:1066E000361DF5071B0A0243375337F77F56D1286B
:1066F0001BE80313F404EBED16FED025EF19F00AA6
:10670000FBFF147208FDFC11FF0004E80D06DFC852
:10671000960C290D28192F1404FA302A1F4A0FE865
:10672000ED120630FB371A063FE9CBE93521A9F611
:10673000171BF5F8E40CFCFC1402050651D5F8B55E
:106740003639503B518044374A4151392EF34A4241
:10675000395145592C00396A555D1ED3F6A53F388D
:106760001603B67F38C53500E0504D26374A450040
:10677000524ED012ED065D1F5931D87FD642607659
:106780004702EEAE5DE331091C2B2C7F468F0040A3
:106790004C217F5FD55F3E2925379C193C674753C5
:1067A000110042B6554D52327F4AEC317F805B4535
:1067B000E5A3625F7FB828C8004A3A14F269738083
:1067C0003B393FDF75143C347FE860133ECA5BE021
:1067D0003C2C7F104376B8F3B53052611F2C5B61BF
:1067E000294956F234423C422C354F760F0B63AAAE
:1067F0007833805B32153660805332F81F1817717A
:106800003D35EE33BE455D67727F79297A4CC328EA
:10681000604B53504025260D27628166265226FA8A
:10682000E3752448FBE827237E00FE50D735D709BF
:1068300096194B2C504056340D327F7F635B4C547D
:1068400007792D5133727F785F54BB65695F89F09A
:106850004B2BBBAF9A2D325332EE73265F14DABD49
:1068600004FD0512EBD7230B4416110A03D71800B9
:106870004718F7040E0007FF40F9FB11E7DA1A2367
:10688000EF21D1190E02FB07D67F351B01583300CB
:10689000ED25B5FC03CCF9112007F13BF3C620F43C
:1068A00043E7D7E216020C0109F60F2805C90012CA
:1068B00025EF7301E3060AE2F507A813542F33000E
:1068C000EA002A802246E61D231DFE0440F05B40BC
:1068D000DBE750D44DC508E4000409EF12E174DA97
:1068E000F2FFF11520170AF450F83517210B1B1091
:1068F0001A2B0C5A0217EA05172BFBDF03D54BCED8
:106900001A67DAD10C204BFC130B26FA060F3CCE8B
:106910002509B606160A1CEB171416F77F2CEB2672
:10692000242B010700FC08477F3B15E5586BC70E79
:106930002F203B08F7E4FDFD7F10B175082411FE00
:10694000EBF6136617F7FD00040012FC031EF63C7D
:10695000A20A431C40004911F8FC1C33F745F5FA24
:10696000EB1A1519EF3928FE1EF3C4D92759ADFECD
:10697000FF20E4EF8F07F80E02FE25243CD4DFCF82
:10698000FFF6D80FCDE12C082B1DCDE107F10BFE52
:106990005401FBE70300FA24EDF20019E8FD05229B
:1069A000F519FFFD07E7040CE4321D13E73D2A004B
:1069B000EA27E60C0EDF292F0B04FE0FE5DFF70BAD
:1069C00030E7D3D91F06FA0A09EB0CE20FFD0013DA
:1069D0001B0730FD0AEE14F4020ECA0D31052EF825
:1069E0001E001FE40647E60B120FFF0B2610E7639D
:1069F000E7FB2DFA36C71A670004FCEF10D7FEEB51
:106A000016F3EEFA271001EB10F823E608011C0438
:106A100010071B30F403F4054A0DF4E304E2E2EB43
:106A20000848F02CFC2A4D27FC0234F3FF08DCFA5E
:106A3000FEF303041C0A1DCEFE34F9DC3B19D4F727
:106A4000FD28F910F705161734C1FF0B4D04C002DD
:106A5000FE153C11F507DD034BE0C8533F1E1BF745
:106A600000EF0A3608F6F703F80009020A03E813F4
:106A7000F00BD2F028EC3339F301F8E80EED05DC29
:106A8000E9032615F21AF9040EE8E1F018C1CBFD6E
:106A90000D3AE832DC12EDFBFF030105CAFCF9E315
:106AA00003FEFBF5D0E4F9EEF2B1CFE4F1EAFC2A03
:106AB0001EFBE0F20200F807FF26F6F2F515074587
:106AC000FFCFDC0110E8F807CAF70612191D0F0006
:106AD000FA18E2FC08F3FFFC172A0818E104EA227E
:106AE0002CE706E40209FD0707E415AAFAF20005FF
:106AF00007FBFDD4021F1309FD0DD8F807190F1B62
:106B0000240014FBF9221FF10C20F5E333F8F013F5
:106B1000F10DEA0722EC03FC0019F3E00C1BE7F689
:106B2000F4F5FC0905000200240308010C07FFEE40
:106B30002400F800F2E10409F003E1C8F6EFF0E602
:106B400001F1EA002213FE230F132F001AADE356C2
:106B500030170FEFFEFF0C12FFEB14012716F3E6C0
:106B60001F10FD01240D09EEEBF53B11E340CBFDB9
:106B7000EA14F4051116EEF7F0E1F5FADE19FA0859
:106B8000F8F90B11F2F6FCF7000001F10DF5F6FC37
:106B9000DF0E0AE61B04B829EBEE340831FB0AD2FB
:106BA000FDD3F507CA100CF82DF7FCF32030C6F31F
:106BB000FCF0FDECFB03F80002F0D91326FAFEE628
:106BC0000BF22BE7D1FFFAFC0DE219F9E81409E703
:106BD0000DFED7150A000423F52C04EBF51701333D
:106BE0000F01EA0116EB0600AAF5ED1300161900D5
:106BF0000A09C0FA05F8FA0B120EFF0FEA27DFFDAB
:106C000035FDF4F8F608FD0008F306D210E1000B9C
:106C100025F9310EF63B070C0507EC1536FB0B0E7C
:106C20000C002FE60125F60D1E4AF0DD04E202FD00
:106C300007010C1140F304D00019ECE70323DBEE4D
:106C4000F7000909FF14F6F91AF2122003F5DAFC2D
:106C50002903F807FA0FE000C50FEFEB02D8F3EFB6
:106C6000070BE4040937E625100A1FF80CF5ED4A76
:106C70003B13EE22F40D05F7BDFB08EE3609E90DD6
:106C8000051EF6E5211815F6B5E3FA092BFCED19FA
:106C9000FB180707080EFFEF1704FF09E61E01089F
:106CA000FA0C0F2008F7EDE3EE0000EF0A07EBFE09
:106CB000DA0D0BF3F913E01F00F8301C220014E08A
:106CC000F7050308B50D06041BE9E3FC1302E3F125
:106CD000FE0E01EDFAFDD7E506FEF2F80CD7F6DE62
:106CE000FCDF24FED00706F017BF221FDD2128207D
:106CF000E513E7FD28001C090BF2FAE3E8D9251992
:106D00001608802B0CD70006892B2D15F42E0D00AC
:106D1000E52B8F10143E030F0C2CF530DADC010943
:106D200058E6D0DBEF081C0DFAD5FD2EFAC000188E
:106D300061EF6D40D234FDF7F3099923510B251013
:106D4000F60033BC1569E105457FF5A154A9190783
:106D50000AE4E93542CF289200F7F5E8F4D14FEE86
:106D6000E8F5EBFFF9FBE1E363C9152801E50AF655
:106D700045F3075AF001A12BB123D3CE070C53E002
:106D80002A0AB90206F12921311212030B0E2FB97A
:106D90003130B62F0310122BB60F0CEB3BF7F66514
:106DA00021160007E6100534441B39E447CBD823ED
:106DB0001D17EBF5F8001AEF712DE01BFB33DC110A
:106DC000D6EC1B6D1EE3E0FFF700F1E00315CA01EE
:106DD00081180E1136F25237FE05385D152F17F067
:106DE000D80B191E80330D225D03BDE63430E1EF70
:106DF000E40EEB0FE50CCBF2B7043507322BF7C4EA
:106E000002F70BFCE401050AFDD006EAEA270AF1C5
:106E10004D07F5002200F819F6FF09F2F316010AF2
:106E2000F618E3FB1209E804C428151F0B0B1C001D
:106E3000FD09BE1615CFE7F418DF02FEF90CDF03DB
:106E400024FAE4D1EEFCEFF404E503FFF8E300FFDD
:106E5000120B1C0D012E0A000709D0123201220468
:106E60000C002BD6F019EE0B0D1AF0F616F5F71BE9
:106E700008F8FC053DDC07B5000BF3ED0A01EFE572
:106E8000020500150D1200F122E9151409EF02198F
:106E90001904F03FECEEE6FFD40FE3E7F4E7B6FCAD
:106EA0000D24F5FAF225132B0BFC350E0CF0F9ED41
:106EB000FD22E82DFD130D01BBFF0CDF4605EB0A9B
:106EC000142402EC21040DE7FDC9E1FAEAD6E7013A
:106ED000F21629031DF313005211D04F20210B0984
:106EE000F3E50A1E14F4ECDBEE0005F91CFEE903E1
:106EF000E60EFF0801F5172403FA1C0A0CF0DCF477
:106F0000F81B121A920BFE0E15E8DF0B074DF1F677
:106F1000EC20FAFBE6FEDB1AEEF81704F7DEE6EEED
:106F2000EEFBD807C1D70CFBE2C2BAE9E9FDCB13EF
:106F30004A03E7F1220006150EF50AFFF62108FFC5
:106F4000F02EE7F204FBF70AE52E10101A18E40001
:106F5000EE1005EB16C5E5FE1CE70C0DF2E2FDF3A5
:106F600024E5F0F7E900F90705ED02D215F0000E6F
:106F700001F107D60F242206F100C00F0E1A37FDCB
:106F8000010021CDF92FFAF90D11FC0844FADA4578
:106F9000EB01B5F616CA170B00F8F4E41F0C01DC80
:106FA00011E9FD0C24FB0ADD34F90AED17031AFE82
:106FB00021FCE626F301DE11030AE8CBF3E4B6F880
:106FC0001420E6140925192701FE32FB112CFCECD4
:106FD000022FFC180D04071FF2CE0BE61F05E00878
:106FE000320B03FD0C0314081BE20F00B52BBAEFA4
:106FF000DC28390609FDF2FE36F9D838432DF8129F
:10700000EEF20B010DF5FFD30200FFEF0F08F2FBCC
:10701000ED111FF10FE8E13BF0040F052EFAE7EE4A
:10702000F9F61625D4ED08FD3DFE07FFFBC8D1F8A3
:10703000011CECDD0F06D0FDD5F70B15DFF4EEEFEC
:107040004EF8FFFF8BFCFFFFE5F5FFFF37F8FFFF72
:107050009EFEFFFFC300000073FBFFFF88F5FFFFEC
:10706000EDF6FFFFBFF8FFFF47FEFFFFE6F8FFFF6B
:107070001DFEFFFF10EFFFFF34F6FFFFA3FEFFFF33
:10708000CDF8FFFF6CF9FFFF3EFBFFFF26F9FFFF86
:10709000B1F1FFFF55ECFFFF85F3FFFF24F9FFFF80
:1070A000D4F8FFFF04FCFFFFAAFDFFFFCCFDFFFFAC
:1070B0005207000091EBFFFF7315000015F6FFFF6C
:1070C0003AF3FFFF95F0FFFF5A0500005BFCFFFF5E
:1070D000EAE5FFFF40090000CBFEFFFF960000003D
:1070E000744D0000B4FDFFFFD3FDFFFF82EFFFFFF3
:1070F00028FBFFFF8FFCFFFF76F6FFFF7C346EE678
:10710000C8FBFFFF04F1FFFF994700009BF8FFFF5A
:10711000550600005EF9FFFF88F8FFFFE4F7FFFF68
:1071200096FAFFFF44F3FFFFD10D0000A8FBFFFF1D
:10713000FA23000098FFFFFF4CF7FFFF80F3FFFFEB
:1071400010F2FFFF83F6FFFF730E0000812700009F
:1071500004FDFFFF84FCFFFFD3FAFFFF97FBFFFF57
:10716000FFF7FFFF2CFDFFFFBAF5FFFF4CF9FFFF14
:10717000FCF3FFFF03FFFFFF25E9D7EC30F8FFFF2B
:107180009EF3FFFF5AFBFFFFD1F5FFFF53F5FFFF13
:10719000F2ECFFFFB3FEFFFFB0EBFFFFA3FBFFFF2F
:1071A000D2FDFFFFBEFAFFFF0AFCFFFF4CF3FFFF1B
:1071B000FEFCFFFF62F9FFFFDBFAFFFFD4F6FFFFE3
:1071C00095F7FFFFE4F618E6D0FFFFFF20FEFFFF74
:1071D000E4FEFFFFE6FEFFFF3DF9FFFFD1F2FFFFF8
:1071E000CBECFFFFB0F0FFFFAC00000072F4FFFF3C
:1071F000F107000037030000E1FAFFFF12F3FFFF81
:1072000093070000D6FDFFFF18FAFFFF48EEFFFFCF
:1072100069EEFFFFE7500000EFF6FFFF3EFEFFFFC5
:1072200014F0FFFF89F9FFFF570200002DFEFFFF5A
:10723000ED04000064FEFFFFE2FBFFFF81FEFFFFA5
:10724000BDFDFFFF2BFCFFFF8DF9FFFF8B01000051
:10725000E3FAFFFF88FAFFFF7FFAFFFF9BF9FFFFCA
:107260008DFBFFFF0DFEFFFFA4F6FFFF02ECFFFF0B
:107270007EFAFFFF510100008F000000DCFAFFFFE3
:10728000E7FAFFFF4FF8FFFF13FCFFFF4FFFFFFF81
:1072900077FEFFFF1AFCFFFF08090000E51A000057
:1072A0008A06000081000000F9FCFFFF84FDFFFF5B
:1072B000A6F8FFFF49FCFFFFE8FDFFFFECFFFFFF23
:1072C0009BFFFFFFF5F4FFFFBAF9FFFFB4FDFFFFDF
:1072D000D9F6FFFF92E0FFFFCEFBFFFF21F5FFFF96
:1072E00041FEFFFFA6FCFFFF04F4FFFF35F9FFFF9F
:1072F00032FEFFFFF4EEFFFF42F4FFFFC90F000074
:107300003C00000071FAFFFF1AFAFFFFC7E0FFFF21
:1073100057F0FFFFBCF5FFFF73F4FFFFE5F6FFFF3B
:10732000C1F7FFFF39FAFFFF9BF5FFFF35FBFFFFBA
:10733000CDF1FFFF99FFFFFF04FBFFFFB0FBFFFF55
:107340005EF3FFFF93F9FFFFED0E000084F8FFFFEF
:10735000D900000001F1FFFFFDFDFFFF10FBFFFF63
:1073600099F2FFFFB8F9FFFFD7F8FFFFBFF2FFFF69
:10737000A1EFFFFF91F6FFFFC6010000B4FAFFFF87
:107380002AFCFFFF76FBFFFFCAFAFFFF49FBFFFF66
:10739000A4F7FFFFF2F4FFFFECFDFFFFCBFCFFFFC4
:1073A000CBF2FFFFBDFAFFFFC33C000060F6FFFF1A
:1073B000E9F8FFFFD0F2FFFFA2FDFFFF120200007D
:1073C000CE1500008EFDFFFF0FFDFFFFD3FCFFFF7A
:1073D0005AFEFFFF8C1300004DFCFFFFE1F0FFFFA2
:1073E0002AFFFFFFEFB5FFFF46FBFFFF8FF9FFFF0F
:1073F000A60200006DFAFFFF0E2B000034F0FFFF25
:107400008B410000A5FEFFFF81F9FFFF72FDFFFF2A
:1074100089FAFFFFED00000016F0FFFFA0FAFFFF62
:10742000B4F8FFFF62FDFFFF0AF7FFFF6AFFFFFFEF
:10743000CFF0FFFF4EFCFFFF60F4FFFF1A030000D8
:1074400067090000AAEAFFFF8BFCFFFF22FDFFFF98
:10745000C3270000E4FFFFFF9EFAFFFF65FDFFFF6B
:107460004DFFFFFFFDFEFFFFC22800002CFDFFFFC8
:1074700003FCFFFF0DFFFFFFD1F1FFFF94050000AC
:10748000F8FDFFFF08F3FFFF550800004BFFFFFF6B
:107490001F230000F2F5FFFF8EF7FFFF4CF5FFFF03
:1074A000EDF5FFFF190400008FF8FFFFD5FBFFFF8C
:1074B000F0FEFFFFA1FCFFFF9C050000514800000B
:1074C000A8F8C30ACEFAFE43E607D9F61DF807115D
:1074D0000E0BF504C400EC0728F0FA17E1891A3402
:1074E000FBEFF02B111FD4F9EDB84E0E272A380010
:1074F000FBD4115B1FEF57F1C7B7D323E5BDF614DB
:10750000270DCFDC0ED424EAF0DFFA442215003E2A
:10751000F30D0F05EDC9EF1AD32906CD630FCD0A80
:107520004D0017DD42FF1734EFE1F6FEF90D1EACFA
:1075300020F417E0DF80001E0026E4B9004FF209B6
:10754000FBCA23EBFB8EFF0822F3D539B3ED2C19D0
:10755000271428F143F942FD2A08E6F8D30CBFA806
:107560004439C348F9003C092864FC08F82514167E
:10757000DFDFFB17FFE61C28EE21D1E5E53740EA07
:10758000CDCD21E45643C6F0C33C32CF120618E0FD
:1075900054F8FE0A310A0A174B0A5FFBD91FE4FDB3
:1075A0003E171C1B1F1C1A2103002BD9D70FD13CDF
:1075B000A60CEDB4DFD8D3FE10E4EDE82205B01937
:1075C0003D3021EECC6812E91D1CF712E414F015D1
:1075D0003628E90C08DD1A071AD3DE14E61644F93A
:1075E000FEF4F8ECFFDA1A00131503F303EBFE0EBA
:1075F000400EEF05E200E4FF0325EDED2413F5084E
:10760000FB34F603020F0AE61C14ED1AE81B170000
:10761000CE1A1207F60F10000EF1E6FB1C21102BFC
:10762000F9FA13E7FDEF02037FF5EB1206080014E9
:1076300017E7EB0C14D1FB23FEE6EF11E32201F870
:107640001F00F3212DF104FE20F1FC1DECF5F1FFEC
:1076500006F11018FED01EFA00E1F114EE0F1FE43F
:10766000E8D5F4020D050C05DFFA03F3D514000A82
:107670000912EAE6F0E5D006FDFF21E605091BF355
:10768000FF1DF7EFFC0829FD082201D01BFEFB01BE
:107690001107F4070903F616F715301AE021100355
:1076A000FFECF80AFEFA4EEEF6FF31F305F1ECEAD4
:1076B00000F7FC060616F7F918C925FF05F20006C3
:1076C00041B81502DD03FA0CF200EF2B0912E708AE
:1076D00020E605FEE6F8E9F9DC0215E00820ADF841
:1076E0002302F1F3EB16D7F5DAE7F0CBF50AF20156
:1076F000070D2FF9F3D10FFAD0FBB6FEF406F934DB
:107700003F0FC7F3241BEFE4CEECE1F016F20B01C0
:1077100045A1BDE70E00F2F7F122EF81140D2B47D2
:10772000F94F057012FF2DE32F679B43F10D1F00EA
:107730009C1F3120DBEFA30303BFF4CE021BE9C87B
:1077400058FB16FBFCF5E713E81DDFBECFCA00FDB2
:10775000BF65D9FF9C36D8F60E09EC19C609EC5660
:10776000F20003E0F4DA050EB5E9B941BC22D92FE5
:10777000DF070240DBF71CD5003605500D1E216ED9
:1077800092EBBBD804D1F019C507BB23D3FFF5F9A1
:1077900018C8D3DDE212BBCB9F05A3CFE5FD13458F
:1077A0000FDD22ABF83EFFFE04EBF04DF3581BF962
:1077B000FBBE26F8B4F236E01EECF72F0133DCA155
:1077C0002CF5F90B02DE2AFFF0CFDE6AF7EF1BC5BE
:1077D000180619E7182ECCCEDCDFEBF730DACCE058
:1077E000076818E9FF7F2FAE0700B8E805F04014DE
:1077F000F1F43FECFCFBEEE35336B1EDF7EFB038BC
:10780000E305F73DF2E6BFF71CC1430B580F3A52B0
:10781000FEE61E12BFDC1E0D06EBF22B0934E0D68D
:10782000FB03B72AE810EE1816431D0B33F00FF2D6
:10783000F9D407F7140000DAFDE2FFAF0AC5A83853
:10784000D842E5F0EADEE7FBFAED2D3110CEEF008D
:10785000D37FD32ED4130CF218D706B705BA2ED582
:10786000F5131FDFE3DAF51F523B11B939F6003B80
:10787000D3011A1910E9001FE5192115E9FBFCEFE6
:107880001E00D8192155E719E81101F8271913F33B
:10789000BB1937F90CECC7BC00092DEC24C9D8067C
:1078A0000C0B180916F10CA4330CE4DFD0DE1B20FE
:1078B000BB3618020AC1331D30FC44FD3612D5090F
:1078C00034B7E44050FB1619FA4EC6DD11ED0D0B2E
:1078D00016226600FD1818BEB447EDF85B22141599
:1078E000FCF9191F142EF32122E541F0F1F92E3B8A
:1078F0002F152112E705E81C212415153D14F2244B
:10790000CA3918DE0BCEF0B21E00E3B10D21F9CD5D
:107910000113E4E82F1B2620DB26BB0FF915D8172F
:10792000E0CB091C32132FDDA3FA171015F73D1613
:10793000EB0CF307F5171D082E21AAEE00F90AB784
:1079400011FE07FC29D0C316BF0906E7EFDB110AB9
:1079500006BAF700E2002FDDE9C91931EF28F2C4B9
:10796000C5FCFB07B7E7E019181C090513549E0076
:1079700006CFB8F8F52EC70B0AD8220ED3EAC647B1
:10798000FA22411900090F113F48E704B50100B57B
:10799000DDCD7100F180F1D004FCE8F40EF9FBEAD2
:1079A000F80075EA03D70B03F1FBFC0AE7F5DEC923
:1079B000B6F8040FF1062DDD009EB3273426F34000
:1079C00034E7EF21F41D35EEE4D850E6FC190AFB4C
:1079D000F7F05528DED511B3C5DB48E70F10F318D3
:1079E0000FF8E6E1DB1DD9F4C9043A16F6C311F12C
:1079F000BCE0D043102A391624DAD5050515042633
:107A00000C01FBCF102B15BDDF01EC08CDFF1CEBEB
:107A1000DCFA16F6CC0B2EF1FAC91F1EF7F604F2AB
:107A20001F31160F13CECDC0EC000A2D0E2E1F36BF
:107A300009BD0416F001360A14E8BE3011DAC9FE99
:107A40000A573CE2E3572C2DF32450F1130BF8DDD9
:107A5000290AAFF61B170606271AF6DD2606F0C61A
:107A6000EC3949222E07D3071512A20FF2C9EC1CDC
:107A70003B101104530025140CE0F711FBEB5DE4FF
:107A8000A9EC31FAEA1EEE80430B07250044EB0017
:107A900023030BD3FD0A07DBF3E65E54EDF0B51AC2
:107AA0003454F5F22DE211F0AF1803FAFE3D00B8A0
:107AB00011011FFFD70C2B21EC02D6D5350B13F685
:107AC000F100362BEA2EC10943DCE933D1DE002672
:107AD000FA3CBDDEE2E6401400FEF7AFCEFEFAE06F
:107AE000FE2414D71493173B1BFAF8470FDD03E964
:107AF0000C0DB6E502EEF32BF62D23EB13FCF2038F
:107B000028351EE300E45121183509531AEC30FDE5
:107B1000065BEF514EC5DDF30D062936F6EDCA0AB8
:107B200006ECBBF4F1DDEFFA13190E0EC528252F74
:107B3000E704091FEAD134E4D3FF230C032A1B1EF8
:107B4000DFF6ED1E12F732B3E60040E7EF07FDF176
:107B500018E62615E80DFE26F4EB3416E4FEDBE706
:107B60000532443CEE3B19973216EAFC1F07F8DD5C
:107B7000B37C22073AF89B101EFA3921F50A40100F
:107B8000F226E32AEC392CB6D736DA0913311A0477
:107B90002D2AF80BD50016FDF315D407EF130EEDC3
:107BA0001A2E17CB1ED9D8F01C02D70AEE41E200DC
:107BB0001DEADF3D07FE441C09E5F819D321F1E871
:107BC00011083B01C9102102F8CFEEF2F52000D1D7
:107BD0001205F413D426CE04F40CF0CA4806F1E9D9
:107BE0003200E526D6DB0E08CFEEE5C3BECE10F898
:107BF000EEED51D02003F3FB00FF0E10B7DFF0CA0B
:107C0000D80CFF0C181208F9FBE5C52CDFEB0B2094
:107C1000F0F8F21A1532D8ACFF1D1DDAD411DD13BD
:107C20004805B1F8251B0E277434F2080C122FF00A
:107C3000CCFC00140A1E042BE3F920001023160AC2
:107C4000000F700102348A1AFAC717BDE40BD8116D
:107C5000C2F92BFD0EE3F3EF7B3200DBCDEF4006E4
:107C60001E00D0088048F5ED1D003C1DECEA37E30E
:107C7000BEE724E405026EF411D9FA2242C611329D
:107C800044F659C7031B09FC17DC0CF424FADDE3A6
:107C9000E23DF032091C2FFFBA5E3909FD021510D2
:107CA00020FE2310E0273866EFD810250325D5F7EE
:107CB000FE151BEF0C00E90F1A18C807E530EB2979
:107CC00004CB341DE7F615FCE20AD3AAF8F7E4006A
:107CD0001AC21AE8690C04CE11030D1821C428E356
:107CE000F2CA011D0FE8DF03DBB6BCB4FC2F0003B2
:107CF000B630E1F03CFEDBE0F3DA1223C1F5E2B787
:107D0000FB00E8C512DDF41512413AF810E717360A
:107D1000FD30F6F034EF36DC00CFC7CEFFFA08C3F3
:107D2000142BFE2B42011808CB090DA8F9EAFF0914
:107D30001DF42D0DF9F00011180C2E1A33DA151A56
:107D4000BC342025F8FA19DD12E7DBF7C223D0BBDB
:107D5000EB25C2EC3A490EE6EA28FDC032DE060EFB
:107D60007F0606DEF8EA13AF06D6DFE3F5ED3AF25A
:107D7000031B0EF3A84016D00E10101A3FEA0B0199
:107D8000F8F3FF0746F2F1E8080018F2FDD9FC0409
:107D90001F0D0F1223E7DF5A1CEBF208C5B927416C
:107DA0001FEA3046003B1445D7F9E7EA0EED1E0105
:107DB000CE031FF3D1EA0AF4E30AE0F2FBF503B6BF
:107DC00002E215EF00E5EDF80CE0F2140A11EFFE07
:107DD000E9C31DEED4002FFB1207FC01CA3B11D6EC
:107DE000031913D634F1140FE42104FCFDF127002C
:107DF000DFCBF102010D05FBEF0406E920180B03B0
:107E0000CFFA1D7FEEDAFBB9CB07081CDC0400FEBD
:107E1000E5FEE817FECCE105250DC51DD2D8F81901
:107E2000DB00FEEF301510FACDF623FBCCDAE1F8DB
:107E3000E400DE1E07EBE1D7002F1DF202EA1A066E
:107E4000081DD20BEB04E208E3BF2A2E3240D90E04
:107E5000EEFFED0FF2250C05E6EDE3B8100F13E68B
:107E6000DBF3FDFFCAD123BFF20CEC03FEFBEAFEFD
:107E700012C437060233030DF1CED8D50624F0C55F
:107E8000E50BDDE9F32D05044A16D3DEF7F5DBE952
:107E9000F001F6F1EEE8042707ECFDF91DF6B5D583
:107EA000EF11D2061A04F82419002ECD01EFDB00E1
:107EB00001ED01F7E5BF1C1DFB0309FF1D1CF812B6
:107EC000F804B110BB0707E91F2302F00404F5050D
:107ED000E5FDF3F70EE6E8FC2FFCF0D61E0E193E8A
:107EE0000BF4CCE815221E2A1DC0F7051117EC2251
:107EF0000FEEFE02DE002925033DDF0FFC042FB745
:107F000061EF1111012FDB0BFA5EE011261D31002C
:107F1000B1D4DB0FDBD0B831FACF6500CA1804F357
:107F2000DFEDBDC219DCB9DF5D3C0AFAF923000BB5
:107F3000E9EE09E838E7C7230FF9B5DA3401F2ECC6
:107F4000ED0018CE12B81123F73CD5EDB0AC0538D2
:107F5000CD1DE744CA9D080C00F4FDE833140DE77D
:107F6000F60E07D42734FBF1EAEBAA332D0A4DFEB7
:107F70001FF7CE40FC1008FE0514CAE6E803D5D171
:107F8000B9F30CFB0A00F5FFE500141A0017052DE4
:107F90001AF015D3143E05E9E52126DEBC31F511B2
:107FA000B1DF03CF001D021021EA51412814230143
:107FB00080BF1BEEED11D6D32BF4F10DCFF025D001
:107FC0001E35DC031E0201C4F500112F08091C60D8
:107FD00009D3DB09CFDDF5F2ECED3F15FEF103D35C
:107FE00005FE1ECEE3E124FF3D181FF1FFF980D905
:107FF000E7DDD81BC708110D0DBC31E90F32023B7C
:1080000040DA05FF26F51FEFDC1EE8D808EFF0F98F
:10801000C7E11915C800CFF3F4C1E0152C4BE614E5
:1080200054EC24EA28EA0A11E50336DFA4D0DC0088
:1080300004050923EBF4DD061037C5F3C60937C67E
:10804000DBCABCD8EBF4C2F2DEFC1ADA09F800F69F
:10805000E4F905082FEE4C30F3CA0BB7FCC1CD0292
:10806000BA0036E4D22AF9E4CBF126DE461E02E35A
:10807000151C140EE325380C002AEC092A102CF1EB
:10808000BADFDCF717FB13FB09ECF0EE00EAFEF3B6
:108090001B2A1D2DEF3B0DF410F3D22E25FED91A0D
:1080A00029D445417FEA0A3BF301CB54EB1CDCF3B6
:1080B0003D03FA1732E9CDDDDDEF01DFD4B4150061
:1080C00006E3C8F90301E3D2D81B5AD10CCCDE3E3B
:1080D000E9FCF401BE16FCF3FF21CA0A03F10FE527
:1080E0000207EFD5F0EC16E60700DEEE083EEF12D1
:1080F000CB0D0C02DF1203EA0BFCFCF115EE281984
:10810000EEDABE1BFABDCF26071C1BDA0EF2151ADB
:10811000B11DF5FDD6D7DF0305E736D1FADC17151B
:10812000D507F802F7F2E62ACCE00312070119237B
:1081300014351212F000DB2FFE060CEB2102FC239B
:10814000DF10D716A2DDEC1807F800231B12F5008C
:108150000D1CEEDAF700FEFDE10D04FF12F6F80A41
:108160001DFF32FFF50D262B440FE3E70CFC00D377
:10817000EBC80D0802331569F3D30939DE1426FC68
:10818000FD001617CA0203111245E710E4E317E9D0
:10819000EB220C29E5F7D801001A1228FF04C5E9E3
:1081A000D013F714FF150B03FB1012F606F429D6B3
:1081B000FBFBFEF9B5F1D2190C0E0D29AD0FDA2F2C
:1081C0000FE3F5F10929CF1A3F0FD8FD2CF7FA225A
:1081D000BB05D3032C0F21DEDAD7F9EDF2FD0F0C2E
:1081E000F4C138161009EB03E0F10A01C8F90317CE
:1081F000291206F02F191580FD1C0119100BF41619
:108200001BD41B180EB5DA07EF00040FF32925FA6B
:1082100003F00306FDDED6EAF50153F0F8F4EDBDF8
:10822000FE13EB08FCE8E006CE1A0AA22607FA17AE
:108230002DCCD903320C0310FE139911F0FD3A38FE
:1082400001F6F0B9FC4336CCC10FDEFF19DBFF218C
:108250000E42D234CC00EDF414D5FB0E281F0B08CF
:1082600055071C03C74722EB0DF9F9F9070A1C0053
:10827000FDE62134E10D36F4CEDAE40216F52609E6
:10828000EF040BDD88EE16FF53F40219ECF500EB5A
:108290001F021E03EDDF1DE521E8FC3A2800000F58
:1082A000100015D9074E15E91EE0B7F3D30919F4EC
:1082B000FFF0F315BB1FE60E00F216223C06FFFE90
:1082C00040F6CFF5CDF2F82537F41206C9090AEFCA
:1082D0001B1A103746D2DBF4F2F3EDEE21ECF10875
:1082E000FC01F1D3EA0F800413EAF4D20D0A00086E
:1082F000E7F12A1522C201E4F02ADEF3E4214AD98B
:108300003DD502F7FC05FA09B2481F19DE171FE038
:10831000DDEFCD060717FAF95A1544F7E0FAEDFD3F
:10832000290D2750B523D2CCFB00F9132F230C3F86
:1083300015DEC2DEB812FA201F33F2132DF8F11049
:108340002A1FD1E6D71511122C16FFDD25FEEB12E0
:108350002BD0F8020DDE60EBD9D0160DE2003A37D3
:10836000EFF4DA14F7F4EF002B14E8F3F3C6E207A6
:108370001118EF19E700C3150735F01F00F9F032A7
:108380001E0104FF3A0E39F0F97FF4E8CF0E4700E2
:10839000F1FEFCE3E11AFC0D380B0008C0DF4E0EC5
:1083A00017FEE312DB0AF8F0F7DDF9F727E400E443
:1083B000D411082B72FEE7F303F90C0301F11CDB67
:1083C000F70003ECDE10D8EA2BF80B003E2AF7F991
:1083D000193E34E6E6E60D1200002AEFE2E61E1A28
:1083E00001F7F5EFF45FE11756D0369A29F1E50D64
:1083F000DE0FFFF9F002E01021102BEC08C6D0EEE2
:10840000DDFAFA1006DC4629041EF40A020BF0DF3E
:108410002803E5C5F8F7C1D9F906042FEFAD06101A
:1084200001131A10F90BE3FDFEDD352912C9F0E83E
:10843000FBD1FD21FF9D04142D0F08B8E6CC2306C7
:10844000C8D55CEB01EFE415EF00B49EF61C2702E3
:108450001015DD29610802332A121A16F022100DB8
:10846000F2EADE071FD8D9290C03F414F7FC200721
:10847000260ED307EA08E9FBD007FCED45DE08F835
:108480004CCF21F0151B20F500F01EE4FC05EFB8E1
:10849000F1F7E3F116003205E801D8F11512F70201
:1084A000D9021BECD950FF05011B381CCC08070072
:1084B00006312707D81C120B08FB4B0AF00AEB0603
:1084C000F2F7DAE3FD13F9031AC8DAD4F01A00134D
:1084D0004715F8E1FF08D130EED2F5C8E31CC7B963
:1084E0001000EAF958EBFF02F9EB22F413091AF72E
:1084F0002B25CDF008060DDF0080C6DC3D05CCF94C
:10850000D6F22503F21A100DE703D4FF2DFDE21D6C
:10851000F8E9F3D3EE0A2B1DF1FCEE0A261BEFFE61
:10852000E46F13FFCF211C302EF3E8F6E9F1E908E0
:10853000D8F4FCFBE720BFE005DFEDEBF8F1E50444
:108540000D16E6E1DC00F02613E4F51506CF0ED596
:10855000CA0B01F62C0C02D4C620BF0DFC1205FB81
:10856000F02B3FFBD81B1C37FD001BF4FE0C15FA4B
:10857000FCE218201802F2EA000BFED1EC0BC0124C
:10858000D1EB0FF6F5C4ED2BD2DE16E50AFD13F1A3
:10859000F6F23BF6F3C3EFF40D09020600061CBE2B
:1085A0001D1020CCE8D280C010662BF5E9EF001139
:1085B0001530FDFFFB00ACF00919A7FACD200F3EE6
:1085C0000A211F9DE83602E3EB3608ECE5D82200CD
:1085D00013E56EEF2943AE0F39E9AF270C0C34A534
:1085E00099EF3E29EB21E1CA2CDED8B5A6FF00C3E6
:1085F000C83DCB31B307701535F8C5D98EBF7DE1C5
:10860000A700F30A16D9EBB9EF18EB4B691C33E559
:10861000B8DCBCF2C728AEF200F3BA02FE6702145F
:10862000DB2512ECE106B5BB07E6F066C01303CB11
:10863000C8C801D3213FCCB7CDABE00C07F1311D49
:1086400038D8E1F93F071AE0BE0525D40953E61EE4
:10865000E308F2BE21C0C708D726FA48173B130526
:10866000B22CFFF1F0EA1705D20CB0F1091DA818E1
:10867000DCF205CD044ED70BF06D0FF04EF15BF937
:10868000FE9228E131539C9B3800B9B69E1A142300
:10869000F2F645F2F6B3F34E9324C055195F92F902
:1086A0001BE4D42F43C5E1BDE000330A16003D02B0
:1086B00009E95C03CB04301EACC8A2E0D2B441F798
:1086C0000CDB0E34D2D7F095E2C1D6F8F2EFF9EE1A
:1086D000A80DD51B1500F422D60214181E2302ACD7
:1086E000CCD509D2182D24082BF61F4B050CDF0022
:1086F0002162AB04E62511B3B8DA0EFD67D5CB03D2
:10870000E82404A594F3FCC8F8F1300F074400B93D
:10871000FA4BD10227F7D0FFF7252230F9463AEC81
:10872000F0001DD7D7381518FB1E071818190B0DA8
:1087300020ECDD08FE17F7F500E4DB43141ED0F84B
:10874000EDE95F02CC1F04160B0A0A1834F80ED3A9
:1087500039E6F2CECEEE1AD0DC24F439FBE0FABAD8
:108760001EF5F7E53DE9D0C5D7EFBE032EEF0111A9
:108770001919053FE8FD261CEB2A0E1BC3F2DD1577
:1087800038DABB1D0D060BECF83DD220A1130919F8
:1087900001181C1EE6281E10FE34F4322530CDE8E8
:1087A0001729E0213A0C1B01150048E9414DD9E396
:1087B000F10508080FF830D002292D36E1A8FFECAA
:1087C00060FB04EDE6F101DE0503D516380ABFE6CD
:1087D0005C09EAE728F4D9E77FE92508E80B1DE200
:1087E00009DEE90101E9202142CDDE231B07F9CB97
:1087F000A4FFD8F613000000E22DE627E91C151DA2
:10880000B327F2310A4632D40133F83BF4030700B0
:10881000E9331BE60E0F12D3F141E6133DEA04F9EA
:108820000D2A3F3A520601DE092624120C240027A5
:10883000080F14E7BA04F1E711132231DBBD38E366
:10884000F9002B3E34DAF22BFA0A165D1D9EDA3C53
:10885000C9DCF70C9D17271F00FB28F408EF0F0C4D
:1088600023E4F203EC05FF3A12CA153C181809C9B3
:108870000CEBF3FCEFDDBD02FDF7DCC4DBC8F80850
:10888000A6F81BF505291AE801FA22FF58CEFB1FAE
:108890000F1E32F03230E8E2EF28E6300317F42BF7
:1088A00042183D15F612F104D7D04930EA16DAFE27
:1088B000F60117DFEB45EC2FDDEC7FF3092EF31407
:1088C000E3292F0B214D13E0FF0000FDDDF9180512
:1088D000FDE3E445B2E108B710EBCCEFF5F1134846
:1088E000ECDD5C42EF04F811CBD61DFE2405FD162D
:1088F000EF950EE8E40214FA131D1DDC10D4FC37CA
:10890000E924B7D21DFA330548FCD7D4D7BDD2CF5E
:108910000DD33CD7F30026E9EAE02703A54C633BDF
:108920002CCE61E70AC9040399C81814FECC0900CB
:10893000E7FE21ED73D9031A62FD01E7CAF5302481
:1089400003F8D01352CE20D2FED32A31F9EC00EE38
:108950000D0FD81230030EC3E6EA02CCDCDDEB21AA
:10896000EF000D1019ECFDA70E19F5EDEEF1DF3952
:10897000F0E9E3E126E5F31300FCF0DAD8F146F282
:10898000ED93100A2B0C14C2DC03D7C9EA38031A82
:10899000F0EDE82C5B40F9DDC1D2F12CFCDC10409D
:1089A000BD0EDC3ED003E601CDFD19E8033CBFD689
:1089B00026B4E408D1E20AE311FAE0AE1117F7BADF
:1089C000E928080BD60F0901E246360612EF00EB44
:1089D000030BF8E91D32E6D3F52AC3E524E2C7BB51
:1089E00006DBCF9107221FCF5600FA180EF0301485
:1089F0009F1D7FBD120E1B40120BCDF5094B412E62
:108A00001D0B2503F2F2ECF31413E3D209EC1C0363
:108A1000DB3CB505B9B123E215EFECD155FFF2D43B
:108A2000F51012D42003952CE5D9B9BBC1EEE8D5D9
:108A300013D0BE12FF000AEEFAE9DA2AD8C2E30A1E
:108A400026D7CE65E2D5FFF281F611F1A8F3EB004F
:108A5000124BE30915F5141E11214661A4E002E949
:108A6000F1FFC939F3D306D00101240415E400D67F
:108A70001911170BD9F4B8F5DB8EE8B11CEE19FC0F
:108A80002100F7F9E615F8B4DF1514EEDF55DC2107
:108A9000B91122022FEFF3080002FCFB2EF2450B66
:108AA000D9AE2A082623E4F0EEC40B330152390D67
:108AB000E2DB26F2244CEBC734C74C1BCC072E0A52
:108AC000DEE9BCEBFADBF5E7BC06E302840B0EEF54
:108AD000190107F0C7CF17E66620D2E8B1080DEB01
:108AE000D3DBE80011F0D3DD32F719C83A0DE621E7
:108AF0002111DDE9B6AC10D00FE097F9C9A6CBCCB7
:108B0000DAE1F83303E91E1AF3009BF623C5FE579A
:108B1000B15240E30F2BD5CAF22E2DE61AF2EB022A
:108B2000BC00E7AD015F2B11E8349CF0F9F6C2E11F
:108B30001D06A7E29CDD33F5F2E726EA0304DFE732
:108B40003FE332020229062C0BE4F4ECF100F102BF
:108B50002C0D0AFD16001FE1F3FD07E400F90ADD04
:108B6000EBEB15F4EB2FFDFE0FEC0D15F209FA00FF
:108B7000F720FB1216F60A00FFFA0B02E1EE1220B4
:108B80000DEF12F604FC150500C0FE037FED000892
:108B9000182E0302F3EDFE09D8E1FFF7FDE2E9E448
:108BA0000500CDF2060301000822FFEC0A320A0A92
:108BB0000F0EFECF0B1BF611000BE004DE1412FCAF
:108BC000FBF1CDE80B17FB1CEF0BEBEB20010905CC
:108BD0000DF7FAEA371D104B0CF21221F3F518DEEF
:108BE000F13405FBE027100C33EEDCC6E0EFE207C2
:108BF00006C206EE05F7EEF0EF0105F417EB0605E9
:108C0000081C09E9FAEA15310C0903F3FEFE13EB1F
:108C1000FF04FB0224DDF4211005EFFBF80313FB36
:108C20001732E5F018F610E5FB00DF16E6EDE2FD81
:108C3000F1FF1FE5FCF7EF1209EF05FBEC11EE0A5F
:108C4000EDE7FCEF0DFDD7F6F1DF131C0AF502018D
:108C5000D8F7F302E7F20002F1FA3A11040812FE23
:108C6000250542D65028C8C3DF0DFCE2CA8920255D
:108C7000FFE507F3D400CD0509924823F4215827D6
:108C80001846E6753B98D1F3B11DF8E113490E0083
:108C9000E0C8FD18C602C2FFB857FA0AD3E6C7EF0C
:108CA0001BDFE42211F20D0205E5E00D1C4B000371
:108CB000F4C98E03F9FCF31E1ADBDFC8CC2AAB0F14
:108CC0007200E1EEFEFBFDA915D5DEC8C2C4CF558A
:108CD000A7217F34C5D3F83700C654D917F6301A08
:108CE000F5D79C220CC0FBC3D2B85C4DD6131B3900
:108CF000C0D30F2D0D36EFC0B002BEE7DE0701D79F
:108D00000F46B8C323FAC285BF56061B07DB73BFE5
:108D1000D21542D00B1421FAF030D9FAF12003B663
:108D2000E5A7F4EBDE2AD90CCE37D3D55A6F07E28C
:108D30000007E50039EDFFE3A1B9C0F9FBE3668A5E
:108D40000A22250FEDDE9CE1E4004A4216D01646C9
:108D5000A2BFDCC7D730F3E6D67CD8000F37E1D00E
:108D60000306F80781FE49E9EC1ED220EA0B07460C
:108D700062B892F9223AF9D1EF2141D2F52D411C86
:108D8000CDCD23F039DBCE112E8617D0FB2CD405A8
:108D9000E306D9F503003C0905281AEC2642DB0658
:108DA000FCE3D5F7AA04FDA1E5144A1AFDC10600AB
:108DB000AA1E2CC237FB18D10CCD2BE4B408F85BEB
:108DC0002AD8C8E73CA911FD11DCEB9E0BF4000783
:108DD000076FDCFD0EE2D20FDBF302F93F0120D377
:108DE000D200084BDA5AE608C51EF84E0BF4C31B36
:108DF00017E8FE0EC23F03F700D2F148F5DEB4BD1E
:108E0000EF30FB140F14F01F48F9299FFEFBE20B13
:108E1000191301DB4CC3CE041714F9E32D1483138B
:108E20002D1A07F3D9D83930D5FBB3DD802FDBE419
:108E300066DC36311B0FA7E8124AD629EAB0310B9F
:108E40004FEE052BFCF4F9F72FF8CF42DDDC15FBD4
:108E500010F9DF18BEBCDD13AB34031B032CDA5C46
:108E6000C40AF2E7E1F92CD62500F7F2126522E8F0
:108E7000C52618F8E5200A0557190DD2C00D0EFBBE
:108E8000C2FDE31F7AE3E8E5D136260B1F03EC327F
:108E9000342FDE00C5D917F502F807EC5804FFE5BA
:108EA000FC111F18110532B40CFE94041DF8EAF6EB
:108EB000FC1D25E3D60062E630C8D724EA5B4C1AD5
:108EC00003E1DD2C47D4EEEC0F17B7460A3B140044
:108ED0001C34D6F7AB06E9E8532B1FEE2810F70B2E
:108EE00009E4FEFE6E21EBD40D3107EEF60E00F81C
:108EF000393BE6D53AC9CEFDF7F7002C05E5EFFE84
:108F000014000297EAF8E9DAE52113E2BD0B1345F4
:108F10003AF9EDFDEC25DF0900F60F56DC3B25FBA9
:108F2000C9FE1A9D47FEDE0DF1DC03E2FD3F12E1B2
:108F300020E41F9238AE1359B91CF9C80AB8FD0FC6
:108F4000CA0636C1B93C1FDB21C0FFED3101DA2D65
:108F50001141F5B3E3D024520317EE4DF2F9AF0EF1
:108F6000BF5CFABD06F5F80D39F155FE4341D9E66F
:108F7000CAEEDFC80038F236E203D8A405EFD0FE0F
:108F8000434BC820263D20D31C00302003B4F721DA
:108F90003CE81B20F436EBE30212F714F6350BC65F
:108FA000D5071EBCB8F109EF00F1FC2018F480F9D8
:108FB00040E34C06290ECEEFE31EE52D33E21A1AEC
:108FC000AACBE4ECD4F5C84C80CA4EEFB4F20CF155
:108FD0008CBBFF05F20035B1E1D4ECDDAAD9E9D9AB
:108FE0006ACD34E4F3EC1714A93C24E1CFC5FE00AC
:108FF0000B1E6AF64A2D13F916F8C5DEC50819EEE0
:1090000025E9ED27E8E3BD1B442A11D310CD00CAA2
:10901000DE2BD8082CD8ECA416FAF0DC263C31E183
:10902000CA00031206F715C0E50D0EE9DDCEF7C440
:1090300007F800EAF1C496B800DFE5F1FFC5E4D80F
:10904000C4EDF322E986CAF6DFC3D1DBE3EA3E21B1
:1090500009ED10E908A71BFD28B9A1490BEB6F2BFF
:1090600019360A21E3A32F13E5F3AA1CAE3EF1CC77
:10907000F0073E1400E4F91AB43F11F8984A55C4B9
:10908000F15912FAF7BEC00B3642D4C6C50DF6E947
:109090002B15F4FDC8100D11EA39E83A10D0FBD4B5
:1090A0000D9F64F73DF41948FC00FECE29ED4F0DED
:1090B000A831C9D820F92AB702FA18EDC7F5B112BC
:1090C0001BECBB1AD8C2C526B21A000E0CF51DB394
:1090D000AA5AC5E5D0CEDDE9BF0BDFC0F911DBDE52
:1090E00008EAEA1228DB42DF11BFDB0006C016E205
:1090F000FEF30A1F3400C3EB080E53EF02D7299585
:10910000541725F6E5E6FFF9E5551512F24D230053
:10911000BE0607CCDBC5080B17CBF05EA9F00D4AE5
:10912000EDDCB0FEFFAB3D1C44DC291AFA07002839
:109130003BD8F2CAD6E1C8C5E4E623FB2509FF4EB9
:10914000CD0018D00A4AF3EF03E330F5D232DFF74F
:109150002000C823F5E3F04200EF1003B4F93843D0
:1091600046BF07E90910FFCDBBECDA2ABDFFFE1BA5
:10917000F3FDEB00CFDEFF80CF36B0DC2F4EF209DF
:10918000E631FDF0203B03E3D0CE4D190D1F240E38
:109190002120BACDFDF4B6200E26E1EEFB34DB0C27
:1091A000EDEDA1D9F6F9DCC91FBEC7F4EA002D1F09
:1091B000073F12020E31D046C22536111CECFADAF6
:1091C00030BDB1F522070DC4E100DA0804D5D21490
:1091D000F607D01630C64A3F2635ECE211E2133CC2
:1091E00028410A0BDBD340C8E21A15FFE9F9C6ECA7
:1091F00055EBC8042DA9C4D6F0E24AE04E30FF0179
:109200000FF5EAC3F7F100EBC3C001F5E746FCF93F
:109210000508FA01D300F9E4ED2B0208163507B36F
:109220001CF2F2D2001AE728D3AE22D4D7DFE60030
:10923000561B16ECF1DDC9D31DEFEE0C360EFCF417
:10924000D5E2C4FAC9EB05E0061705D03A0600E5F9
:10925000C4F5C3DD029307DFF91F13E0000D0D1500
:10926000FD000618B3F90FEC0244F4DC1A10FB09F8
:10927000CB0505090829F1040038D9F127EFD403FB
:1092800017F51921AF0329460CE3EE130DDEB4CB1D
:1092900013D9E1B8FE81410309F7F3CDEE15F3F4DC
:1092A0002ACEBA262AE5AF38DDED15E7D5FFF0E383
:1092B00025B7AD37DB1AF3F719560DF5EAE00F1AAB
:1092C00015E2010F0CFEEDE9E2130203D7E624F3E9
:1092D000F8FF0713F23A051EF0B7FE0BFDF3E1E6C7
:1092E0002C1129CAEA04F1F2E900F7E8011C02F2A4
:1092F000D13BD3F3D6FEF6CC0C090AD7D80D00D952
:109300000B00110E05340441C522F5F5FE04EBED0A
:1093100029C1F8F7C7FF190A61E2291831F62EC9E9
:109320001204292806E8E016FEC849E506E9F4E338
:10933000CAE92020D2007E130BF0142003B207F0FC
:109340003ED5DFDD27E1EAF7ED06EC4129E3F40045
:10935000F601FED72AFCEF0F0B0C290FD7E3FF58BD
:10936000FBFCD9FF011903047FF8FB44250100FF32
:1093700022D60B0F1827EC0C08EC13BAD7FBE31B13
:10938000ED00E3B4D7FDF5F5F605C40103C7FB17FF
:1093900002DE04F0F9F8DB1300EB30E74CFE0420AA
:1093A000AFD9D8F9E52E01281AEB5109E5FD3A4667
:1093B00008F1482B1F0717C1EC020120FC16034ED1
:1093C000302E22E7EDA6DA36EF1EB3D81FE50BF2FA
:1093D0002516EF0EC3E5F3021346F9F90D0901E175
:1093E000180B2A20FCF1F8EF0B08FCEAB2F2E91A9C
:1093F00024FDEE10FAD12219F5CF961FE217EDF0F9
:10940000FBBBF6DE1494D1F414003CEC0621281FBB
:10941000E2080BEF184016FE2DCEF7100AE9F0FD1A
:10942000DCE208C118FB45051FFD2302ECF5F5221F
:10943000C001CCEA98EEEFFE0C1CE3D621EF151E1E
:1094400019F3E80CEC0C2BB718FDCA17E4BDF23584
:10945000F115DEE8F300D11828B80D34011F19DC2E
:10946000492EFF1B3D2B00E7F10AFA0BC5F02C003B
:109470002FE63624A408FC21F3FE6903D8D21CF49D
:10948000EFFFF418F207F1C93CA23440E00B0047AB
:109490001C2EDC2011E5CCF406CFF6000004E71604
:1094A0000D001BD2250A10B119E70519DCEFE506FE
:1094B0000DEB0000F836FC1300D5C9EE1307EAE304
:1094C0001B161BDEDF1CE11D03DC9CEF61F53F3D3D
:1094D000F2061EFB0123D1DBF5EA40E706F32BB9C8
:1094E000CCFD14E7E7E105E1B7D20000001F140846
:1094F000D4192616F88025E7092032231000F5E854
:10950000E63F64D4BCFA19BE17240AD2C6BE13F5CE
:10951000F51604FF04C2FAA13BADF72BCAFA20FBF3
:10952000FF4E00F608460DA80A001D1708152CE886
:109530001DB5EBE932F92701FCD705F83AF3289E6F
:10954000F30C02F7DD2C03FCE41FC803F4FD18CF75
:10955000C03F26FB2D0220FAF9154DDD07FA014C1C
:109560001E40121C0DE11414EBF5ED03101BF8E185
:10957000DA06FE1A19001C2CFD1DEAFE0B15DCF89C
:10958000F9DAEB090D120DF1F6181821E70AFB00C4
:109590001705E8DF01022FFB06E512D5F6191BDEE1
:1095A000E00D24F6F8291AF39CD8E66E1EE80013A5
:1095B0000CFE120CFC0B263FD61F072DE922D50509
:1095C0001B004D18F010F72E0E033004050BFC1491
:1095D000FAEE29CC1347D1FF0024B50C1313060370
:1095E000FC012DFE002027001CFF0BD32905DC17F2
:1095F000F914160312FD322735FC02FC10E3013684
:109600000D1F06254F01FDF1FAFAEBEBD2FDF93CF7
:1096100033E4032909DC0704FE51030D16CEF02FB5
:109620002123C007FFCE37131513EB112832EA2E82
:10963000FB1D040F05D51888EDED0CD21807EB10B3
:10964000A61B2600EE02C3E9FE0019D413ECC7BB2B
:10965000CAE1E7EDE71A1DF90A0D09FAD7F1E1337E
:109660000CDC05B211CF1F3FBDF609800DF7270FA7
:1096700018040808070300F7053CE20717071CC990
:109680005D15F82AFC46090B542721CB132D00D178
:1096900020D7B5F7310009281C46B621EDE10AC8EC
:1096A000E432352469F6C7F9FF24FBF10202F40025
:1096B0000CECFF0912D92C38F7D6DA073BE6C9D6ED
:1096C00016E95600140210DAE40BF71FB21A00195B
:1096D000EDCC33F5040222E7F9CCE3E00D0CA5E173
:1096E000CB000F0BFCE9EAD9330CFA04F328F3277B
:1096F0002627FF0124094700007525E9C301132926
:10970000CB0614F52319DFFCFF23261EBEE8F0026A
:109710000128CDC707FFF02B1B051E26D7E936EC25
:10972000EE361D012201060BF5E81CEECF2AF70AE2
:10973000F4212FFD1E291D252E40FCF5EC08F20416
:10974000067F160CF218F507F418040522E8EAE182
:1097500000E614121DC9D60D22CE1EEB09E820EF3B
:109760001AC3C4F1B4286CCB0A00BB1C01A9F7FAD8
:1097700016FE0B1FFF02350C750336EF0421053171
:109780000A120F12FFB3FBE02DE1D724EAF7FA2506
:1097900000319513C9FA07E7E4F11CF7100929D83D
:1097A000FDF61203E0CE30CD27F604F1F3ADF9E279
:1097B000013719F51D00FDB6FB1CF95409E6FC1331
:1097C000E3F5DBDC0531DF21FEFA1831C9D52200D3
:1097D000E90DD8ED171CEC44E43B0F25C514E0FD62
:1097E000A915FE05FE0CF8DDE1D7E7F90C08001914
:1097F000F4F4D6FD1DE3124032FF1217FEDDDB3913
:10980000F1000E433207DEFB1101E0B74EED101AF6
:109810004A240BEC37E34119000D20FFE80F3FB954
:10982000F7ED26F64A7FFD0328D4D9C8124D412F03
:10983000F941DB1208E3FE3D18F4F40D28C551FA96
:109840000A13EE04E4D8EA21D4F650020D0FE0DB4F
:109850002C03DE38D613CFE3E548FBF518CBDCDE6E
:109860002A2410180208E11615282CEED5FFF8104E
:109870002EEB1EFAC82C0BE1C406AEF33821EE0F16
:1098800006DFDA0BFF3E28F91000FEEA2CF0242C4C
:10989000FED9D5F305FCFA3205ECDD152D382C1573
:1098A000CB00F9320085250B1EC4FC2426EEFCE318
:1098B0000141F30821FE0DCAEAEB010117EA140B7E
:1098C000C624140035D21C19F63F19042EE904C829
:1098D0004EFAF6010400E5F8DD1DE1F7EC08950C01
:1098E00010C9C9E3DBFEFAF8F3C827EAF247BD0066
:1098F00006CFE6FE8118D2F9C51180D6022D1EECE6
:1099000014FD43FDED361325F64241F3E4ED00E18D
:109910001603DA0300EB591FD0075104C2D608EA38
:10992000B400DDE535DB0A4C1357DC21122E2BDCAD
:1099300024E7E5C313E9D0FD001F0B0FC7F8F0EAD9
:1099400019E00FDCEDFCD509310EF50AFEE9F0BA9D
:109950000C0E23D4B4010C0B1C1800DC02E015DE45
:1099600021D72EEA1246F0062D3C0CF7B41BE61860
:109970001B2DFFFD1FD21BEEF9EA2512DFCC1D3D8A
:10998000F94515050208FB0327BED80F5826E12527
:10999000F319F4E39D393DEF12112C011839DC0362
:1099A00008035B22FCDB281EE900DCDAFAE8ECFAAB
:1099B00033F7CA23381511DBE5132C0FFC210435CE
:1099C000F9F0AFFA27250BF6FB24D9E2DFEEE41914
:1099D000122516131F03C3110F42DDFCEAC8F8C598
:1099E0000EA50605FBFEE9C4E6B601CDC404FEE6FD
:1099F000B1B3D831EA003B0409F1ECD43A3903F1B0
:109A0000CA1220E415310A101E3383DF1CD6F3007E
:109A1000DC0303D921F931FAEAF425D948ED35CA36
:109A2000F23865DC59F4DBB0083C16210D07001351
:109A300073C8E2150C0AD0F30C1CA439BF08D41863
:109A4000C50014460AD1F015CED4E429E3DEB409EA
:109A5000DD03BE070522262900BEDDFB40FC02F423
:109A6000084ADF0E5C0CE128D23558211F1F0BCFAE
:109A70002403F835CDD5FCEEF112FE1EE70BBF1521
:109A8000375502AC431EFAD71F25E2FE29F202DE4B
:109A9000002BA73451F42B0DE1133D2CF7E6F5D53F
:109AA0001D17CB17F7E52DB9091F1F01F4FF0CFB9C
:109AB000FC00FEC9EABBF416C3ED49260340226947
:109AC000EFF9E40112FB5D811500CBD9FC13001600
:109AD00025E8162E04DDE3F7FA00043205A345DF7E
:109AE00043FA09190ADBFC33E4D401CC44132FDB1D
:109AF00034044A0A1AEEE2152B8003301A1431FF9F
:109B00000A02DF0BE2AD210F5004E8F4F4BA215C45
:109B10007E01F0EDB20095E709F409D40110ED2DB6
:109B20006D087146BBDCF93111B833ECCE11D100B0
:109B300018CA54CA24D2A12340E8E7DE2D6D0BD207
:109B4000F8DD051B02EDED2E613439B443DB001066
:109B5000E4EF3017BC01DED60AE16601CAD1C2C704
:109B60003000D5F850F2BCCDCD23FBD774230CC008
:109B700012F758EF2E13B2EB000E0D58402FAD3BED
:109B80001919D11572E8280CBC34122DE5E1F6F84C
:109B900007DDB2EE1DD7C9D30DD132F9F28A2626E0
:109BA000D976BC382BBAA9A9BBFF6F0EBD4EEDD339
:109BB000F1D3B1BF46F10911E305DC06180FFB1B19
:109BC000D9260430DA09D310DCFD1D204EC3BC3584
:109BD000F6FAF9F0E224F31056DE29EC00D4EF0691
:109BE00014457F27DEF4DEF20400E15BE8FE14CCCE
:109BF000AEEB1138AAD6DAC225F3DE04C4E92DE9AA
:109C000049E3EF51DCCDF7F1D102EB3433FB020035
:109C100002B902120A0062B6EAEEDBCC41D7D9DF04
:109C20003C1510EE47110540E09E1FDCE011EFFBF4
:109C3000F1F111233300C7BDEEE01D29F224C2CAA1
:109C4000FA3FFDF50C19F912E40212B2DDDE030051
:109C50003E1F3DD017F7111B12FEFB1AC416B9F1B7
:109C6000DFE908CC17DCE90755411E0FC1030012DC
:109C7000FFEFFD1341EEC600E514CEDADE262BD051
:109C8000A800191217F9F2A13D280B22200E020894
:109C9000F7ECC906F7F713D100E90CFEEFFDE0027F
:109CA000B8CFF20BFDF410BFF1E33FDD19E4CEF9BC
:109CB000F0AB800806073A2C18081F01071512118F
:109CC00020D2EC0E5723210314031AE6E30F0209F6
:109CD0001C180EBB054FBCFE470CD415A6F9E9D2E3
:109CE000FBB6C50C03FCB807260C1DEA34621A212A
:109CF0004807E1FFCEF4E745991BFF1DD3F1E6FCD1
:109D0000171274CC0537FD0F2C00DFA41AE5E7DE2F
:109D100049F5F90E382DBB2E2F1DD7DF0A1A130E69
:109D2000C3F006F110FDFA32BC3ED1052BFD500503
:109D3000C1A2F5FAF390E611CE2E130B0306ECC97F
:109D400017AE13E416F4E61612101E0CD7DBF2273A
:109D500002F828FCFF000F071017DE0EDFEBFEF104
:109D600007F529020DF8F40FF20914080D03E900B4
:109D70001DAD1107FFD4F81BD0450D30F70DEF01D5
:109D8000F50ADC060601EFD21AE6FF0B181200E313
:109D90001AEF0AE728E10F31BE17F90016E6E916B7
:109DA000D700F6E520E6FBE1EAF51908040903EC23
:109DB0000816E6EF082606FC00F7F60FDEED0116A2
:109DC0002500F8E71AD1FA01CEFF18E7D1FA2C2ABC
:109DD000050316F111280014FCF1120B1D0123ECF0
:109DE000D55417DF0CF60FCBEFEAF3011124FA1D5F
:109DF000E1FD05F1D21DCE062CF3E5131DFB0AF49F
:109E0000FC14ECEBFBEFE4240B212A050C0C0913EA
:109E100022D9F8FE04FE0280EDD6D906040A0FDB33
:109E20001C000C0C1F1725250A00CC0CE8C71D2BA5
:109E300008D71CF705DF0609EDFEEA0509FCF3DD8E
:109E4000100F0D3308FFF9FEF81E15DCEFFCEBEFE9
:109E5000C314DE01F3E9290DED03F6E5FCF208F287
:109E60001926040ED8E0039A13FF1B051D47EFEDDA
:109E700018EFFE03F100021F05240A0A12EFBC1DB1
:109E800011B6D7E8E92E03C82A3330FA3E07490055
:109E9000A1D8FEBD2AD8274A20FF48231E16F20863
:109EA000D51E31F229F806CF11230EA31FD70006C5
:109EB000DB07D20C19EAB706FCD0F3E1E0F141FE72
:109EC000DF0018256D39F308094B1FEF1FEB137FD7
:109ED000372BE3D2F3E628DA00BCFFE1159E0CE352
:109EE00026360CDA2B07E60D2FF900F707EC3CF9C4
:109EF0000929E914EB479008C2F73631CAFCA91CBE
:109F0000180E28C0A7104E10C308070F283402DD12
:109F1000FB3605C90C02EC26EB3A7D9D63C4E2E7F3
:109F2000FA23493FDCD3DB0A14D4ED17134516DFBF
:109F300006EAF116B7FFC7E1D2F11238E50DD3FBFF
:109F4000D808BBE0F5130818F70002D2F839660FFD
:109F50002E1F4D4438D20645F3EEF702E32D39ACFF
:109F600014DFB9E922D40EED12F22B04260727F1F3
:109F7000C100211B16CF050C324DC80501D71E525A
:109F8000C50E19D806E4DFDED1F920D3E3E401E2FF
:109F90000EF7F7308A0011FEF30A291EF4FE02EADA
:109FA000F8E9C4C8E1E1D020DADBC5EE12F4000024
:109FB0001CE82621FF2422EC06140804180FCCF418
:109FC000EBC40D01F935E2DDBBF3A3F0BD0500FEE6
:109FD00017DBE7110E051B11170026FF767FEE2316
:109FE0004C0018EC121422CAD6012D130B463DEF7B
:109FF000BDFEEDFAEBD7432D00104BE91C020DFA24
:10A0000016EE031ACEF612C3F3C013F3D8F5EE23FF
:10A01000ED4FF347243CF4AF26E3D0133919F3098D
:10A020002FAFE2F80BD6C7CE030CB507F0F8ED0161
:10A0300039DBF0CCC01D22181E27BDEADFF82FF156
:10A04000EBEE2FF0351AFC0ACA1E0733C1F4DFE726
:10A05000EE04213FECBAFC056D14A5C4E9C50DDA88
:10A06000D4F66DF2121AD42410FD08DBE927CA23B6
:10A07000C630F1BF35EA6EF324F00FC8184718ED6B
:10A08000C8F62EE8DD0BD607F326D1E4FD051B311B
:10A0900023F6B7FBECD004FCC9E657FBEE07BFDBA9
:10A0A00053DCE6EB20B93021A7D309F035661CB5A7
:10A0B000C5B6D50D3800450C12F3E60D24B903E4FE
:10A0C000FAC90417EE06C92F18CD1E550AA523009C
:10A0D000443D08C51C431BCB1DE324DC232EC826AE
:10A0E000E711CD01EB262D1534FDE1D8090C001147
:10A0F00016C519BECB2A0F1E00380343F73017D5FB
:10A100002B001346FFE4EE2FE7E6FDE4C906ECFC66
:10A11000BFF13A151495EDE90034F81CE03E0E2726
:10A12000DB0226E5F7170AFDBD0C38E916F717B074
:10A13000F408A6EA10CB173C15E4C81015ECDAF4C5
:10A1400030FDDAE5E92FEFFCDEECD0E311000BE3A4
:10A1500080F92B420DF6F6041EAFE11759E1EE131C
:10A160001C08350CEAAD3845F5D0C958E60EE2F8C2
:10A170000D23FA16CDBC2115DC15FDE80EF6352FA2
:10A18000EA12E11F2B1632C20F001EF2FAB117239A
:10A19000FF1A0BF9F8360AA4B3EF2908E109FBDF2F
:10A1A000FF28A2E03C66C54C1EFE0269170CC11FC9
:10A1B000D8DFE4F2E12C0F1959F7E0021A1804E88D
:10A1C000DED9F8F700E90955E7C91F04F52403EFC4
:10A1D000F919FD1C2A00F9F7F70623E418FDB0D49D
:10A1E000C5E6D802E504E90FFA2C01031D0AF600C2
:10A1F000200CD8E92AEDE9070033EB09220C2502EF
:10A20000F9F8F301E51BFBFB80F022D8EE0100FF1B
:10A21000E9DF4E2527FEAA0FF8F42C2E13132FEF9B
:10A22000CA000D02E6E3F814242A1CF308EF0AFC26
:10A23000F124E1EDF5EB0CF4000806F1FFF7CBF3A8
:10A2400022033A20E5E445102726070639FEB1F13E
:10A2500009EA1314F5E62A090313DF1CE1FFEF1FD7
:10A26000F7FE0A39CC1D00D9EF11EAF407D8070828
:10A270002DCDFD15E6DBC7EC25F8C4F4EA0E03048A
:10A280000C00C3141219FC04E1EE3F2B020F22D480
:10A2900014F50D13F9F7F1EAF100CCF51DF2C1ED5B
:10A2A000D5EFEC1004DC12120E000CCE331EB306F8
:10A2B000ED14F90121E5FA04D1ED2EE420E30603C3
:10A2C000E7EEEDFC200EEEFD0F3CA5FB1301F3FBCA
:10A2D000E6EAECEDF526C42BEDEAED14E401FF8986
:10A2E000ED42D318D4E618E729FFE4FEFE160F0C62
:10A2F000F2F7EBF81D000D190CFEE5C2170F08234D
:10A30000F50C011C02FE0918FCFDD70110122900F2
:10A31000EBF208F34110C8F353D607DC29F5F2D964
:10A32000EC0C0AEDEEFEEA06E4E9E4C9080900EDEA
:10A33000D8D3FCF229B0F51C81DB28D1FBDEFC1D53
:10A3400016008F0CFF1EEF080EE92CF9F90D2CF703
:10A35000FF00F91921C5FFDE0012E40C13F7EDFA36
:10A3600048FEE21A08E1DB14100814CE1B0ECDB82B
:10A37000FC17E5F4F813FA1822E41B02F0FCDFF9ED
:10A38000F8BDFEFD07FD0B18FF0F021E27010FDBB6
:10A3900023051AE3E5171512DFF50111F90A0F235A
:10A3A00023E9E71709F6C803CCECFBE516E7FBFA4F
:10A3B000D5040707F822FD931FA100CB01DFDC01C4
:10A3C000E214EADFCDD8223BEF00EFFC3A1E180A78
:10A3D0000B9DEE1FF75AD2FC6217F52FE82D2312C2
:10A3E0000EF0F810FE072C20D3A5C08E05FC02E964
:10A3F00042F11AFC050AE30705DED011FC1BF3FC51
:10A400002E09D1F60734A1E70C4CB32E27C20CDB82
:10A41000F767C1EEF400FA170345F5EF0903FDB73E
:10A42000BF3D0607F4CF18DC161A25F51724BA002D
:10A430000110EA0BA7F72FD61509D31C0F05F0C49E
:10A44000F72B23EEEA07F22DFBF42F06F0CF0015D1
:10A450003C0022DC1D1E0B2DEF4DF9D42327E0E339
:10A460005300201C3F37072924FEEB32FBC709BBF2
:10A47000000CF76A35D1FD15000C0B393F0BB4F613
:10A4800036E06B1CF2E4E00CC1D95BC5F4FB17C5E8
:10A490000CDDCA19C24031010309041852E5080253
:10A4A000EAB5B1E83D1017FE09251907EF110AFEBC
:10A4B000B9DC534217C2142737213C63E3E7FA1192
:10A4C000FCC54F40FEE1DE43EEB6D0C11529F3E7EF
:10A4D000A005FEF6DA9E0CF5D6341716C6F9C31A97
:10A4E000F20C21161A9405EB070044AC140F22411C
:10A4F0000CA9BB25FCEC4C81C11D7F340CDB87DA39
:10A50000FE07D09AF7172834F4E91852E312202DE9
:10A510001AD7E2F611E1F5E7D7314701E6ED2D3123
:10A52000463D1031D61C28CEA0C3DBC83FF408EF4F
:10A53000FEAAFD0E1F003F03CEE60F43DEF408B176
:10A54000D1F702195713321B23F30618292CF200F6
:10A550000A1CFC0EE2A5B1BBEFE4483729EF07DB8C
:10A56000E311E529EB020B00260FC437DAE7009D63
:10A57000D3271608262CD830E0350A490A4B320179
:10A5800006002324D827F422EAD9FB25B80CC22BD5
:10A59000DAEE1303A9F7E73D00E402FA3917129B3C
:10A5A00036233CF5C917F7D2F6F9064D1BE3F75EE3
:10A5B0001854B3F0002A01FCF131E0D519F6F1EBA3
:10A5C0000D2CE9C3EF18F60B0E68FC621BBAFFFFF7
:10A5D000E033FBFEFE06D61ED12ACAEFE7E1F70FF5
:10A5E000E0EBFC2BED16201A0DECF70BD7250E0334
:10A5F000FB0C3409DD1004F12AF6E43F10FCED21D8
:10A60000D610EFE53C1A06090300F5FB3AE2DCF848
:10A6100025EBE8032EC7143B7FF82CFCEDB913D4CF
:10A62000DF19161135181A1F1AD4264D1C0840F7C9
:10A63000120A261DE911D9F507240D11DCE72818A7
:10A64000BF261FF3F612DAFC0124F20EDA07F00E31
:10A65000363DD6F612002AE40A39E0BDFDDBED15E1
:10A660001BF9D80C380100F60908E728E2200A0097
:10A6700008F1FB0D0B35E80E06F62B00FDF21FFC72
:10A680000DE5183E0D3AFBEBC3F1CDDDFDF800FE04
:10A690001210EA1FCBCB445BE1800D05F604F7EA0C
:10A6A0000700E8F9FDFDF2EC2936FFF7FADCFF2F91
:10A6B000CA21EF021710E819003DE5EF01F325214B
:10A6C000D6030C281F23DDF9F2D9FBDA480607F37D
:10A6D000F62534DE092007280607F41001F209BE2A
:10A6E000F301DDE8DF0BFE22F2E108EB15F7E8EFFE
:10A6F000F30BD8E708F700FEF216100BFC19000266
:10A70000072717FAFB0FDC0B09FA0E1FFE12F22DBA
:10A71000200300F82207FBFA33CF0A03F2F7EF1207
:10A72000CA08EFF7DCEF1321FF0028F7111AFFDC4E
:10A73000FBCAFF11FB0BE72520E1F910DCFD01B39B
:10A74000F6CD371DF9E71F2004D8E5A904FA09FA68
:10A7500005DBDE0CFBF6EE00EEF5E916DC1915F86C
:10A760004F07020D382F26D15FC806E4F510C9B394
:10A77000F8D9EDFA1D0018F1F6DCF20CAA41FD0043
:10A78000F9D7131D2007EB0FF3E906E9F7E0EF0017
:10A79000F0C3E3E7330D7FFFDCD21CD0EB11C528FB
:10A7A000150BCFE2F9F10402FEB3D2093C28009A5E
:10A7B00016F3EDF82DDDF1D3D22923CA66FAEAC9E2
:10A7C000030008CBE8E3F7F1E0EA0B03E5CE0B0763
:10A7D000E034C201FE15DDF200BA1DE55AC63BF1B8
:10A7E00008D5BF0E48070FF7F30B5310F91A1D07D2
:10A7F00000FA4DD30D203B37F7E2C524352DCBE9C8
:10A80000DF02D9F447E6FC27ECA8E10915FBECEBE5
:10A8100040EFD9F7C0FEE5210162BBD3F01C0FDD8C
:10A82000F100E2FCFDDF321C240814ECD102E04808
:10A83000C6EFF1FEFADDF305DA13D534C3F703F9F9
:10A84000D74D030A0781011B4800F6DA0628C7FA2C
:10A850009C530202079C395713FDEBEFFC0C03FBE2
:10A86000C8E8F9EDE1DC06C1EFFCD10507F6D7FB3E
:10A870000D1916EEB8A211F9EADB2CFD1BEDCD8700
:10A88000F339DAECF5FBE1E23219DDE5E102E9FD4D
:10A890000E03FDFB100024E32CFF2AE1FAF4041957
:10A8A0001B03FBE9210A24F0F24EE6FBD8E430005A
:10A8B000F41C0FEA038013CA0426E7FD0DDE0EF632
:10A8C000EAEFF3CC40FAFB02050021F325FD00116D
:10A8D0000C1FE0ED02EE2700ECC5FC07F1D74D1888
:10A8E000E500EF390ED004E9FA0005DA0029422B21
:10A8F00020F320B6232403F40036C31002FB0C34EB
:10A9000014FADC0F502310B9F8F8DAB51803F42262
:10A91000ECFF12E919FFBEFA17ED25BE1EC7FB06B4
:10A920002AE11FFBF7E402CDDE06D6C208F9F405E2
:10A930001D30FDE40B3235DFFEED013FD9EA07D2D1
:10A94000F3FF0527F0060404FFDCDAF4E9CCE4F5B4
:10A950003AE0EDF2F10009DE19061AF61F07FCF9DC
:10A960000617081BD9C8F4560D00E8F123BDE1F223
:10A97000E3FA21FE2700C0FE0CF7CC24FC25FDF5F0
:10A98000E7F93010DDF72200DDDBD0EF0EF5FFCC6C
:10A99000EEC9FFFBFFEFFFF0E21BD5EEFB0ADE4442
:10A9A000E1E4E531EFECF715BF273CF2EEFF06E9F5
:10A9B000D1CD000C0F001014FFE1CB1BA6E9342E03
:10A9C0003531FED8F1E507DFF61EB50516DEE900E4
:10A9D0001517D3326515062C04B70C25C6D3CDCF79
:10A9E0001EFA07D8EBF818FC03EAFB91432800167F
:10A9F0000103550C114ED2FF091300213448FA0609
:10AA0000F7001A9AF7C902E205E3F5ECE9F8FADE75
:10AA1000E325160ACA12E50D00C7B9EA1309FFE2D9
:10AA200018C5EAEDCE3AD4FA0ED624DA2302393725
:10AA30002C7F0005FE141FADE8F2E32300DFDF19D1
:10AA4000E6CF363208FC0BB9040725E10F0A0D1CCE
:10AA5000072330F202FD5647090D18FDE7FA1CC521
:10AA6000C40C0CE2F6120AEF002424FD05E0B8AC99
:10AA7000CE1818130B012508C4E4D20834FBFBD50B
:10AA8000E50EDB3868BBF4D0FB00D323EBEB2A6484
:10AA9000F800B9D8FAEBF612ECEFD9F86608D2EC68
:10AAA000FC261CD714D8450BFCFD152934F81B05D2
:10AAB0004345ECE83928461B39FFF710E8FB05E071
:10AAC00045EDFFFF10000000822F000077E2FFFF3E
:10AAD000A12100007FD7FFFF91E7FFFF35FFFFFFB8
:10AAE00082280000E812000016290000B9FBFFFFD1
:10AAF000C8E6FFFF3BF2FFFF2C1A0000A232000065
:10AB0000BDF9FFFF30CDFFFF5A390000D57A0000B4
:10AB100013F6FFFF1C570000031300006EF7FFFF42
:10AB200044600000F1200000C7320000920D0000D8
:10AB30003E00000074F5FFFF1FD5FFFF14ECFFFF80
:10AB40006A04000033EFFFFF95F2FFFF421F000091
:10AB5000B20E0000D1DEFFFF2F2900009206000098
:10AB60005E2E0000511F000094F7FFFFACD8FFFFDE
:10AB7000AC030000E54300003A1B00001F09000081
:10AB80004B8009F3B37B21FD322D07D6345830DBDF
:10AB9000F5F61121EC49CC124DE9F313C98E180BCF
:10ABA000B3E7FC1346E22217D04BFAFDF2B027E8D8
:10ABB000DE1ADB0E42D9F30D06F511FDEC11FDFB9B
:10ABC000F21AF901E3E7FCD22D05037FD7F114FC5B
:10ABD000FCE91C16DFEE101DC8DD0EEAD5020724C5
:10ABE0008B21DAFCE91A50032EE50980AEFF1B0821
:10ABF000DCEE6E5206FA041E5815F9002BE72F4EB4
:10AC0000D117D6F8FC35DB1E2756DCCF12FE101507
:10AC10000D1CB913FDE012DCB9F109C8DDF1230CFC
:10AC20009B8A0F253533CFB7D333F41900F5FBB129
:10AC30004BBD7F98DBC85FA8C57E30C80FC03C0203
:10AC40002E07BFC7BCC5E719EA213AF8EBF01A7A1C
:10AC50001518FF11CBF7C41C0E0B17C25B0381D86C
:10AC6000F03CF7130BE1A4E6828C1401F9DDDF114F
:10AC7000AF3D43001D11DF03CAEAFFF3C6F281FFB7
:10AC8000393E040DF712181824EA47BE0094EBD79A
:10AC9000DD24EFF82FB8F249864B08C2260EFFB626
:10ACA000EBF63A3406C1023A1B4DF3CA260F10C127
:10ACB000F5F72839092BE3240929F933800A0827F5
:10ACC0003418EF1615EA181F58A225F016DD00CF2C
:10ACD0001210F9181A0E030A1B172C0CD4342CF678
:10ACE000FEED2D11360FF018192410F62AE90F3059
:10ACF000F001141AFC2F04EC2EF5FCF37FE9370C5D
:10AD0000E2CAD41624B40309D82520F0D8210E1D98
:10AD100013FD1E0308E22BBF15C0FF5017C2B3205E
:10AD2000EEAFD6FC38FE3936801E30FC1656B1190F
:10AD3000180E2B442AC5ECCB13AD14281BFCD8EEFF
:10AD40004A0546FADC000AEC1F021C7FCA10EEE638
:10AD50002F9F1220D035DFFD27F804F9140D110DB7
:10AD60007106F00886C63AD5F3F4297FAC435F013B
:10AD7000EBCB0D0EF12EFEDAFDF8DBC54F2ACA2310
:10AD8000D7BDE7324EC8F248367CE6DF736035FD4A
:10AD9000110D8F24F6148C57351C423307E5EEABAA
:10ADA0005400FA6B023EEBE33D04C742A425B034E5
:10ADB0001BC45A7F5382B7AB57292D4A052AFD225F
:10ADC0000B19BE2AB8FE092B00D539E7CA23F3ECCC
:10ADD000F3E521F1F7D20CD3FAE041220B09DCEFC5
:10ADE000FECFE4E4EBF52B22D19CCE80D521BAFC3A
:10ADF0001D1E5E20F1F35532E325D3D20BDD5C320C
:10AE00004CBDB949209017DDDA15A704731DDC0C81
:10AE10007F3CE92CD4D30FC2B863E9EA3706F0D3FC
:10AE200012199E1BF615521636FAF9AD28E22205C4
:10AE3000EBFDC00CA06C041CC27FDB4BAFA0B60EB8
:10AE4000EA4CB1D8E410F6954CFE2045DC1AF848DF
:10AE500047F92A8006DC22FD11F300DA0C0A0EBD48
:10AE60004CE1FC0D02F111BA3E130359F5ECFFD78A
:10AE7000091D13FDE1220DDA305A33F3025D2AFA7F
:10AE8000797F26FA5FE212131019B32F7FD2FB0CE1
:10AE9000988E2D70BE6E2AFBED55BD8952CEE7BF50
:10AEA000F23D4E2ED7DD03F199DEE3DD2DC75C7256
:10AEB000A653EAA237C3F11A4B052B3F021AC13C35
:10AEC000E3DA4C0BBB464A20F6D70D81CED4ABC695
:10AED000E65CF7C7551C61043313F1F6D8B3FFE005
:10AEE000550421CB16114CDCFD1026D2CF0A3A13A3
:10AEF0000BA9F225ACF6DBC5DC35F3300D9381C729
:10AF0000C40DC9E50CFE1B021B08EE19D94F082819
:10AF1000E2E6D3EED8C9DFFAE7E847033BEDF5F800
:10AF2000D9F3F61DECFC0BF1133B047F851F05DF05
:10AF3000F6ECED1A252EDA03FA0CDDD4E8D8DBF4B2
:10AF400024FFADDFCD3E0CAA34E712BE2BC2E3BC1A
:10AF5000E659F07FD755ECA33D03EA0418135DDAF8
:10AF6000F917EFCECD91643867BEE915B7ED2835F6
:10AF700025250CF2D5E4C3E7CB5B2DE2D2CE3A1007
:10AF80001F055A19AACEF5C458F71FCF8C494DBBDF
:10AF900035E5FE508025548F64E500591E3130EFB1
:10AFA000000004EE0BEF03150C0F0FD8E90AF8F2BE
:10AFB000ED022E09101BF71A0224FF587FF5362FD9
:10AFC000F00D1BF8193902E90FE6D7EA0F03071451
:10AFD00006EBED0C0CEDEA5AFB040FCC011831DA4C
:10AFE000E0C0FF1214DFFCE04C0A07A8800C07DF6A
:10AFF000F6C9050447B330DF41A8E61BB4182DFF9E
:10B00000500D6B2336FEF7362D3EE8F016C80D24A2
:10B010001B17F91B9C48F564F9FFDD46E9A915806B
:10B02000A40A3BEAF3DAF807C73EF316C92A5DF42F
:10B030001640A921AA1A2CE6CCDEC425182621D553
:10B0400094DB9234CD0A81DCDC95D51628170C16DA
:10B050003A92FC00B0187FDCAF182BEAFBA8631D06
:10B06000243E51C8E4F3260FE07FDF7F1446411CE5
:10B07000B0D8431EEA49CFD95C2226ECACE08A075F
:10B08000E7210F202FFA2733E084F70ADDD4055398
:10B090006D2B308E2A7F3A03C82FEE3B05202F966A
:10B0A0009FBF1A0EB23017E70F1F34AF07CD3FE234
:10B0B00008E4D70BE1B862D9E2173A10F91E177B02
:10B0C000E62BEFCDDDA5E70AF9F95B9EC27FD72D10
:10B0D000E40B2BD8A046D057FD46E90F2FC05C48A3
:10B0E000D511DF1A37FC13E80FA20C40E21637C85F
:10B0F000AE571228D8040A53F414F8821046174F9A
:10B10000A2FB79716207698A5148D11E10B8E364C5
:10B11000C03F72EEAB0208EE977F07D7E9220235F7
:10B120003BD3F6107F281AAE10E211E818DF062F85
:10B1300021EC3D079C7B0750DF59CBEECE3137C069
:10B14000A490EEE5CABC2E1D61873E173F3BED1D66
:10B150001E29D66CD7F4E231F3D679E8CB5207F347
:10B1600038D80E3519EDE22412193460D41328476B
:10B17000DE24295C3CB8D2D47F9CBF3E1B34192E00
:10B18000F0C3EAF9E5A725B021C148D61316E83B7C
:10B190001637D002DB3E2C5E210CE3803E36BB2D01
:10B1A00015182530E925C53FD6CCB2E53EEE60EE58
:10B1B000EFDEE418EC121521143604F81137E90A11
:10B1C000F4014AFED00101220A0122EC20E73826D0
:10B1D000F608104A7F110BB8D9DFD5D50A17FBE561
:10B1E000EB0924C53004D02B3D043F2131E0C33EA0
:10B1F0002D09F5F6D133A722A0F1DE4F57A0C0EC00
:10B20000B824951FDFD6C6B58014FD98D62D2E061E
:10B210001604EEFD03ED14B7F11D101E1FECD9EA64
:10B220000FD60A0CD0FF0626F34B057F41171005F9
:10B23000EC072707FD01F504C6C8531905F6DE26FD
:10B2400062010307018071E2F2172D1614F2D20594
:10B25000BCCD3543071919FACDE8F1ED2115220BC4
:10B2600052C2410910FCF8DD0D11ACED08B6FFFD2E
:10B270001BF8FFD5C2D1E51710EF0280F609013B9C
:10B28000B71B7C16641B153B4A16024F0F25DB21AA
:10B29000D3B30C095504FDACFC13DDEBD85106DF2C
:10B2A000EDD7F310B336132C2149E980253A09086C
:10B2B000F20F032321FBD4DE0D2CFB07CF05D2EBCD
:10B2C000ED1EF2FA45D0F30C1DDDE1EF7F1B2F19C7
:10B2D00021F6CDEF17F201D3CCF0CF7FC86AEEFA9A
:10B2E00054C31316B00AE8F1C97804EE1CF0E13A31
:10B2F000A48BD52873F916F3CAA42739A515FD6DBB
:10B300001AB413C77ECEEFE24E1AF20A35FAF618D7
:10B31000D8AC490C4B421EF2F71A1C7F26A00B0535
:10B32000E7D1BBDA29F85CCBA39A0D1D45F646712F
:10B33000273C00200A08F310DDC16B3CF12426F9FC
:10B34000E0E2F217ED0B0C042812E241060E0AF5BA
:10B35000ABFD00F1FF2316EC7F3B06E03610E00F5B
:10B36000A3DBD2FED4F60FF90D202B360E02F9F531
:10B37000E5F8250CFD1B20E5327601AE7FA8BDD394
:10B3800017061608E1E91736EF2EC5EBE7870B76AF
:10B39000AE1A7FC047CB02A056EEF0D6AF04EA51FA
:10B3A000E8A4DB24F04098D7DB492F70260751D45E
:10B3B000D54EFBE0278308DF19D5FDE30E07F3ED3B
:10B3C000EBF2EF1D0480E2021827261AE42403D3CF
:10B3D000B404E8480EC2F7DA03E7FEED07CB1E110E
:10B3E000DDFDE22731D736D656EAC8E1CBF9DA11CE
:10B3F000EC1E050415E6FE051BEF1FA1FA0CF91063
:10B4000041EA1E071008E5E41BFE0DE581CEE0F9D8
:10B4100004120A0F29FC0208230113E5130BFC0296
:10B42000EE81FFD407DAEB4502CD02FF2428E5FACE
:10B4300003FFE209E60235D201E54C65C9341D2A55
:10B440002EDCCE10B8A5D40220D8BDF5F00B2E17F7
:10B450001C02DBFD0FE4DD4319E80FD7D3D5E22D45
:10B46000FBC0F4F3E21245B24785237F3F2ED9DBC0
:10B47000CFE8DB9A792033061D5DCF12E2BAC7040C
:10B4800031C7150AA917E2800EDD10150829A1D3CE
:10B49000F819FC0F0263D70CF74221E294EC44E068
:10B4A000B6F3E92314E103EC083FF15630F2D5E995
:10B4B000C468141F58F2E624E1D235D9FE1F1F7F5D
:10B4C000E517DCDDA333E338073F10B53A92F4E625
:10B4D000B74D142E04CBD9FB04FB01EDD54D0BEE7B
:10B4E000DCCECFEB09E9D1200CFBF3BF352B2701D4
:10B4F000FEF105130D2109FF56B2EBDF55819DBA10
:10B500005FFB433A41CF180BEF2BDAEF2CE04312ED
:10B51000E552E48BF8824B332C20A7600AC1933F9D
:10B5200010DF2815E11CC04610111BE223BACEB073
:10B53000FF7F18FCEB072EDC86C3EAEEE7BABDFD01
:10B540001FE003F262F41FDF3D4E9A1EF5DF26B1C5
:10B550001F00663F1470FC44A82C21C81706B4DDF8
:10B56000B9EFA6EBB0805AF1DAD100190FE7D63F58
:10B570001C6BC1AC1C58E4FE0E442B22CF0C2ECA0F
:10B58000EE05170CC36A0904F7C8180C33CAB3F6E2
:10B59000EC0A2FA7E1D4BFB880F528BEFFD036252E
:10B5A000051EE8FAEA050A02F909F68129FFEEE12B
:10B5B00021E50311CE070706F9E70C15BCFCC2EC28
:10B5C000EE0900FA21FDF90EFFC3EBFF3BD2E01CB0
:10B5D000F1D5E3EFFBC3E827F202D5C4F8072B1E31
:10B5E0001D10201A3116D6F542010C0ED30ED006CE
:10B5F00027E01625298101FA333107302DFA45EE6F
:10B60000F6120BC29480B80BE305636AF54728F382
:10B61000ACA11D31AE1E0CE15F18E0FACE4EF21166
:10B620001DD4A056C1EA773E5EE415413767375016
:10B6300016CAF6EB21BDF23D12EB2ADAD21C17EB4B
:10B64000E2F112F6162319CA25F929528012090FC0
:10B6500014C51C4B43AD2F151C25F4E4D834044B02
:10B66000344A41FA05D7CCCF05ED10302FE029211F
:10B67000E90703F4D96803300C21230A7F59ADC4CC
:10B680003138D027330B03FDEFCABAE72EDF22EBA8
:10B690000C771BF21DAFF4D9FF1D49C93BEBFBFE34
:10B6A000ECC32404E30600590B25D5D61A800CBA46
:10B6B000AF3326CEE3FFE8F1DC1E1CD4BBEAD22078
:10B6C000EAF1C201F9CC3BB9089DCAFB95DB041B2A
:10B6D000A4152223F803D01647F726975EEFAEB8DD
:10B6E000D481AF2B18FC3FFF934C100D46A240E6CF
:10B6F000F496061F7FF206C56A3707A826A0010444
:10B70000F8CC0651167AC010B6DDE03D4FB5E627FD
:10B71000A1ECCA1BCF5F24E3E5B548F70241BC0F9B
:10B7200071823FFE147B4DCFEEB4F8271BE239DF68
:10B73000083960F12C05BAFA7FF83AE7349F84B7EC
:10B74000F33F241101D8EEE81EA207AD05DF08245F
:10B75000E909110C91DECC0700662C82E0240F224F
:10B76000C8DF45612357260ACD42CEC9A797A27FDD
:10B77000CE25D6F03C67FBCDDC61E81EDFF8040B7C
:10B780000010E91F37D6FB2C0921CB9B0342411146
:10B79000F7094A344C27E3082BDEBE277F55225297
:10B7A000D411E70CEA54CFBD2BCE11E92C2F260C77
:10B7B000B607D6EB4A06EB8513A3E848462311EA01
:10B7C0009805D126BBE7B30706E9F94C81BF020B08
:10B7D000CC1D57E1AB7F1C3ED22C3AFCDF970FEA21
:10B7E0003C3AFB0380E7010AF7DCEFD51E1CC50BD2
:10B7F00098D8F904FA6F30CEEFF50CD51C17F7D7AF
:10B80000419952AC1ABC2A1419E121D656040CF8FD
:10B81000E91904EFF201E24AD524DDFECD5F394A91
:10B82000A4BF7825805615641F3493FC5605B26B6F
:10B83000E4FFFB332DFA0D2F47B681F36DC40045AD
:10B84000E0FDEE3BDE21F0162B071D07B13E3A343A
:10B85000DC936E18492C1FCF154DCF4BC2F73A48D9
:10B86000F5FCFA0A1EFF06DC617FE402DAEF1A2219
:10B87000510FFF0AA0A7AC1FEFCCF350CD27173D07
:10B88000CDAD002C1C4DFE7F44E411D4DEF4F8A4B1
:10B890003D2C1E3546E61B080606CA0DEFBA1A17E0
:10B8A00021BCF02571801DEFD7A52ABCE4CA22E790
:10B8B000A801002E20B0D7F00007FD42F8242DD7B4
:10B8C0000BBD3BB6ECDF2FD634DFF9EA22D5432D92
:10B8D00001C414DCDDF5FF1EF505EBC3E8292C0CD3
:10B8E000D5F25527CE1DE32B25C1F2530D31113A68
:10B8F000FB0C000D3C2B15D7D733E725800203F056
:10B9000001F6DF0637FC250ACEE0F7DF1B10BF008B
:10B91000EFCD1C1E0D3EF9F2E6E0FF80EAE658FA94
:10B9200029CC17E4AC1521ED151EE2EC11DC140650
:10B9300006C5BF02D845F703F8421DBCE4EEA3F0EC
:10B940001BE40A0FE323D3F9320221167FB6DDDCB4
:10B95000AA1520C6F611292BF5D0DFFBEB01272510
:10B96000DE70540BAEBBE1FCFA2B15102F0BFC471D
:10B970002237612DF56CFD37211609571018047F09
:10B98000AFF6F0FD194FF716C0CC2D0A1D74300B21
:10B99000CB2DD308ADDABFF00726B37FD008F9D29C
:10B9A00067EB47FEEBAB2FF45BD62FD0440D50A6D0
:10B9B0003D16E40100C61CFE06391AF1E8561606CB
:10B9C00008C1F20603CBEBD5EF0D0FEFD5262767A5
:10B9D000E316FB0F05220FEB0AE50BD7A2F610F6D4
:10B9E000E339E828D7DADFCD051CEBE680FD23EE4E
:10B9F0003B32E61EBAD9E5131D4AE2EEA0203D21F6
:10BA000081F435325CCAEBFB2E052A1464BEE92CA6
:10BA1000EF1CFE02D44367F918E2EAC7E31605EB10
:10BA20006123DCC6DD10F30419E6D7EFD6EFE80A90
:10BA3000EBB90508F060268F3FD057FF204CFF4739
:10BA400095EB0C4BD5E2161D007FF5EA615FD1D670
:10BA5000EB02B6F9CFBC0364032F621FF62EB29936
:10BA6000CD18F3054A18150A162311FEE51CB2EF8E
:10BA70002BF21617462A3239FCAC2F80A928EAF49B
:10BA800046C9C9DA56C01D21BC5C05FCF46AE8FD54
:10BA900032F7F2363ADDD734F7A80B48C5172567D9
:10BAA000E5DF3C48B4EF4EE67FCAC594F5CCD2231F
:10BAB00018CC39CF20FC000DE017030DE9DBF6F9B7
:10BAC0003BAA4ED5F825EBEFF41BFDB161997F3110
:10BAD0000FFCBCC915B8300531B60AEAF8040636C1
:10BAE000E65AD4E6E8CEFE2B051A0796EC213C0E6A
:10BAF00002E80A550DFEC2084612FA2B41010C7FDE
:10BB0000E8F2E62EF53009EEDD78ECF949E2F1E4F1
:10BB1000F73D803B480150C6B662CA07F74C300B70
:10BB2000A4B91A22410FACD32D87F0F410F7E9D550
:10BB300032913EB1D2CC30E7FEF9330A25D343DD52
:10BB400000F1473C1D2850B205072223FE03F6B042
:10BB5000F5D91530D166B8352716373C01E836F0EF
:10BB600017BEC1EE7F9562122E31F3E33760CE200F
:10BB7000F66E400ACFD228DDBE1EEF181367CCF751
:10BB800002CFE432322EBA122DC8EFFA58CD12DEAF
:10BB90004A8023EB07C877F4E2DC20D62EF0D2F6F9
:10BBA000FA8B0408E4C5C32FFED8154DE500E7FF66
:10BBB0007FF8741154EB480B0CF14A2B0202D6C8E3
:10BBC0001E85F67DF20BF2630921EF1330B2A2FB62
:10BBD00002802F195BF607ACFF414108EA23EBEF27
:10BBE000BEF92E031825FEF60755C0D72BAE4AB373
:10BBF00030FDCBE2CBE3530DF4F2EEFBE806CBDAFB
:10BC000000CED7DD01C5AC12604E1A37A739AE079A
:10BC10004CF08E30F9D968D792A2407FA21A150550
:10BC2000F0C0E02ABA99044170F5BF105850386E40
:10BC300047211FDBE2C3F2FA28FCDDEA2F13B7DB52
:10BC4000E4D7E70E1418322328DCECAFCF10310410
:10BC5000E737C617140506087F270918212EF86252
:10BC6000192250EBC90415440DFD15000D0F12EA01
:10BC700011F64D3C563F0FB80967F8F779152A1FA2
:10BC8000E70D1A0DDA24EFCEC2C201133980E72482
:10BC90007815AF29C31F2DBC151B35F7282241F09D
:10BCA00080C2311525FBF5DDDEE922EDAB56FAD079
:10BCB00034D5501C3608F1D9CB29D2F7D8DC621222
:10BCC000DB18CD012328D2DB2A06EEA52B3A340C53
:10BCD00011D964D21DF2E83CF310F4E66D1BC432B6
:10BCE00032F7DAF6F23E290880C73FF2C189AE5C2E
:10BCF000E3181B0DD57F906DD10F4DF23EAC5AB0BD
:10BD00004AD02863FFEBE03028B2FDC35FF822B4CD
:10BD10000EDA5B0135A613E1705CDADF172730B766
:10BD20009610FCFF74C016FC3D26CD0706027F4826
:10BD3000AADCEC09D54510133AE3EAB94E02921F8A
:10BD40000B2202E034B507CAD12BE2F3BBF2F8F5BF
:10BD5000CBF8B9E2F78AE7C70FE912DA2BFE00F950
:10BD6000E3E5F04F1AD7F3A84D073A69302F5C325C
:10BD700041100B4551DF16DB7FF6A60B60342945D9
:10BD800017FD5911EDCAC4010CE50C2FFDDADFAB2C
:10BD90002D2245F1BEE7F6C6392F0E0A8069210132
:10BDA0002515E5E410AD2E0D152CD1F4E70AF4DCD1
:10BDB000DFDFCC06C7EEFF2AE5FE36A8DF27A8376F
:10BDC000EE1E36157FFF1500181911CF45B6263027
:10BDD000EBF2FF240309F3E6701C12ED3CBD31E3E6
:10BDE000120A5BE700E018F52F2393FBEFF4DA8FDC
:10BDF000E600FCFCA550D71627DD20997F180EBE63
:10BE0000DA4C1C070DDBF5F0C02DD1EF31A308464D
:10BE10001ED72FF2DEC3CD1DF51B092EF41CDDFB52
:10BE200025E10A03E913DD0F1018F93811EBE8CB0F
:10BE300005F0E925490737E4197F3103F8540FB7B6
:10BE40004CE643AB475026F308F5F3C503C0B40FE7
:10BE50000C1FFB0A043B05FC164514D87F3EF2A9D3
:10BE6000C2B3EC11F0BBF9010442BC0C4E24002F0C
:10BE70005DF410D70C1630CA3835041961C8B313F5
:10BE80001A5F7F2E0338DD1AF427E1FEC8FC162C5A
:10BE9000C3F215BA10E30ED6F2C8BEEFD7F70628E4
:10BEA0003912F2F8032DD1E7EF170109FA14CF1B6D
:10BEB00028293B2D2C60EFE8EC70F9E6D90F12FB36
:10BEC000091FEAC2E7D10F066381F8242741DA0F80
:10BED0003DA7FF12FDEEE783FA1BDCB33EC318CD8E
:10BEE00019CBDB00FF31BA070513EF6FE23326A64B
:10BEF000ED2933F0351B1604EAED3525D67F3E0FCC
:10BF0000EDCDD9110248910013FDFCBBE42749C5D2
:10BF1000E3955B224336180BF34A0CE1FA162E3CEC
:10BF2000B2484A222D5B4A0E814C23C7384B611020
:10BF300021DEC009DA16FAC61D8100A915F5EFDF6A
:10BF400038FED03E323DF4C53DFF422620B1E82AFE
:10BF5000EDF8C20AD407292FFACECAE700470F0727
:10BF6000D1D0034C1CE3BC487A1E1CD3EBF417A4BD
:10BF7000F7F26260151F8052FD015170FFF9FC74E9
:10BF800093F45DCA2023E5E3C1D6E6EF1E60CDE75A
:10BF90002AFFF1EBF8193EDF0E3C61EB1E30BAE1EF
:10BFA0005C0FFF341D7FEDBB13A8D6BE0F1464AD2C
:10BFB0002FEDB78CDD0B5ACDAC0E5A19BC0E1330D9
:10BFC0001008EC057D1E05BFF404EDF424FB15FC00
:10BFD000FFEE0B1DE625F711DB51F73ADFE100AF6D
:10BFE000E1EC0C001DEDF107DF801B17E5F31446B3
:10BFF00015F74F8C99521D45BBEF3ED4B1DC321280
:10C00000EA1322362654F405300FB32D2155F7FFDD
:10C01000B5E34A02A919DABDECB57F392F09385BBF
:10C020003410353AAE81DA24A3CC0246E8D94ED496
:10C03000BA9452E9DD47AF30480AF7C10DC1B8F4F0
:10C0400008CE18C9F4BFCBEBD2F93C8C46D31CC93F
:10C05000321EC3D60BF6CFCCFDD72DC318E3E803B1
:10C060007FC503F1A0BC32EE38364065BB4C342EA0
:10C0700001E71BF006D81DF87AC6320F21DE4FA962
:10C08000F6E8DAC1CF80DDF1F11706091232E3F9E3
:10C09000EA012B0D9AD6FAB12203185FD380BE1A9B
:10C0A00038E7EA6DBF2110FFCEB9FDBACB70CD499C
:10C0B0008E3BCFC91945E3FA25F0EF43E7FAC41CDC
:10C0C000F6D0DA66C81CD67F00D6E6D73AF5268ABF
:10C0D000B53CCC2828C5E214C940E906AA0E16E6EC
:10C0E00033BAD12CC0819D35DDDF06AFEEDF0CF712
:10C0F00040201D0A07152AF129F9F5EBAB3F2DBFAA
:10C1000005FCE0010713F101780ADEB8F9D2E76017
:10C1100059262BDA678FFCD42401BADA00EEE94DF8
:10C120001735D828C670B2CB0A23377F5989F7F75D
:10C13000D43003E8D1A7CD289F4440181B3619E21C
:10C14000CA01D919D818D3211BF026C60E351A32C8
:10C1500012DF402ECC0F29A432BE1C10C927E145A6
:10C16000D9F0FC2FF6D7F6E3448000D7E735221943
:10C17000DEDBDCDD06D6D40AC64223E7F0250B4E13
:10C18000E0AB7F3551E6B1164CCD66B4DE0AF7B8A8
:10C190003A2BF6FC0A16044FC8F6220ECF19EA0A0B
:10C1A000DDDF2D0503ADEBE2FD810012CB2AD4D7F4
:10C1B00031AA352330D129E9EE0EEE1F1FD6001427
:10C1C00035FE20D501091FBC5A1F34C0A51F12011E
:10C1D0000481E4DC5EFC01E319E9E8975B29F7F1EF
:10C1E00014C31805DE1706D11135CBF89FCAD81035
:10C1F000F0FC1CDA9AE013E22BF4E415FC3F2CFF70
:10C200001EE35CFE759D1B2860140F7530E4C51895
:10C210007B26BF710515A3424C5E2D9CBC94133345
:10C220000C7F36116EBF2BB3FE9EC8AAAA6F2D32AB
:10C23000F4F2D8EBC7BE161CE2273F042AF3482CC1
:10C240007FF8FF2DC60231F0213A39BCFF46FCD001
:10C25000EA0300BC91DFD4358EED2D131E1335F1AA
:10C260003D39054221B8A34A47B3C0F0D6FF31E3B8
:10C270002F24E724FBD825A70EFF6E52D8E833B74A
:10C28000B9A70DFB37A462477F242224D041C932CD
:10C2900059151103A9E337B8F7EFE63EB60AE8806F
:10C2A000BADCC8FCED13D7F9FA3DD3FD3EE6F71230
:10C2B0003EB9F0C1F3DD41FAC741F3FFC3054D11AB
:10C2C000CF1645D455D9F30440B712D1EAF7F00A96
:10C2D000EE04281AFF1E13F33D09AF18E1D9F02F21
:10C2E000DD1AF51D13F7B8B2801D0DFC281711F9E2
:10C2F0004010C60F3116CEF510622DF73416D0144B
:10C3000009D93003177F23D726FE014AE5BA94F4F2
:10C310008DCDFD0121DB781BB5C4C90B941C370FF3
:10C320002B07F1F917D94FA3A9EAF812ECC4BEFF05
:10C33000DFF31E33E21EF5D707E3267F311B10E043
:10C3400001BC77F4D41830E70623E4141EFE08EC91
:10C3500052FBA70C4CF9E1053F043E51CE3650A1EB
:10C360001ACCF47FE3CB27301CB511330D44D92A06
:10C370002FD5397A14E24A47D3A5EA051AE1130FFB
:10C380002203B42272DFE8E0F729E7DDF3FC00FDC9
:10C39000EDD30C05C61F08FA082EEFF324DBF6D9FF
:10C3A000F1F5F102F1F050DC0A801008E038E80500
:10C3B000131101FFEA03CB0A1212FD22FE290EEE31
:10C3C00032FB2C49EEED2DBD252E22A0800516E274
:10C3D00035AFFE28F2CE13F84DC919F50C10EB1944
:10C3E000D2FEC8E428E90B4E1D4208544F2F323EBE
:10C3F00076E0742C3817DB1FD02514BEF831812B62
:10C4000031F0FF28D22AD6075725E5AC0CE5DE33FC
:10C41000F52CF4A1BE3FEA7FE3E86B27E632E7C2E2
:10C42000F61C2F2C37EBCA751CFE99711300F2EA2B
:10C4300001B30B3AD0C900B48D1D891CE20153032E
:10C4400051EEE1D99B55B7E7F32DCCC9076C189F86
:10C450007FB52223E00FDBEBF40D070ABBCA07AF61
:10C46000133A2B40A3EBE52C1FA246D7812607F2F7
:10C470001A36C313A6050FC701EFF9F1F1E3BBF8B4
:10C480000CF829FC0839F0FAFB1FD10E148100E0EA
:10C49000EAE2020403F118F81C62D9F9632301FCF3
:10C4A00051DC19F07FEF30BEFE3C581C2AFDE70F2F
:10C4B000EE013C03B82FFAD722F5E91B0E11162125
:10C4C000E300CF05320A1E28E80326E217F7D5F667
:10C4D000103CC722BECF25F3FCEDF8FB1227D00499
:10C4E000E1F511213D14F8F7E4E20E17B3CCF2FBAD
:10C4F00023B205F83BF21AD3A87FF304E0F2F20866
:10C500001D0613E0EBB3171BEC2924A2FCCF290274
:10C51000FD0F1B0FF91A141EFC05EEEE7F3D292EB0
:10C52000E90306552B1BF0D1EB0212081807DE3089
:10C53000E719F6C7C8EAFD39D8175CED0EFB1AEE0D
:10C540000214D8FA92AF2DF3DC58311E00AE2C1233
:10C5500009A2021D291B4C32289FE405238004F701
:10C560000735D10B70BB09F70454FEDBFF11BDE5A5
:10C570003DEC04E9FB25DF1DFB60FF244980C4C7B7
:10C58000C4C50D15401B4305AE4F2716A58FF927CF
:10C590000908D2F4CF020C1A0C10F8C013E9F10606
:10C5A000E3FB270807330107F223FC737F06111A08
:10C5B000FA0D2A29E7E7EF09C126EA0B1C11012031
:10C5C00007D103E7E90E2E030B04E5170BFD80E707
:10C5D000F7D3F70D4024F6F40C4D28160F12A612CF
:10C5E000220B16E01CCA42FD02EE05F1F3BE112C2F
:10C5F0000704DABCC0DFB50302800FFBDCCCFEFC15
:10C600002AC6012DEB0EFCA50C24D443A32BAB0FA3
:10C6100006E70F23FC1AFF0FDED20D23C52F271AC2
:10C62000C9DBEAB54CDDFAF20CFE00D5100B1B029B
:10C6300012281EEBD1DBF0FA13DF1F81C8EDD30106
:10C64000E9E713231C0315E6ADDDF8DC2AFD1FF92D
:10C65000D1B4E82F1B81F0FA19E41821ED66D9E274
:10C6600017B03CFCF3EADBDD0815F1EAE4071F0232
:10C67000F826D73C22E415023202DEF6FCC7DEFAC9
:10C68000E4E1DE14F102F515280DB419D016E9D352
:10C69000E7070B1C9F13F7CF2FF75516E05CFBEF56
:10C6A00033E1DB3F7FF95203F92AF0EFC6FD02F1D7
:10C6B00032FB30FC9B225BD3EC1FE7F21413E10B3F
:10C6C000C6E500261816C7FDDCFBFDD5927F3BEDC5
:10C6D000FDB831DB0BEA1D1F034219DD0E0A3117CD
:10C6E0003EAA23F35347DED30B07CB8010DCFEFDBD
:10C6F0000FD4F90E011AF90D1825FD23F6D6F4F71B
:10C70000F6F6FAC5BCFE37EFC93CF3F8F9D518FFC9
:10C71000EECB81FB39B21E13213E1DB9FB0A23EF7C
:10C72000A50C4DED1F1716372F0EE3574C87E0244D
:10C73000C80E13EA402908CFFE52DDF8093D450234
:10C74000E6325EF897CADA07B9DFE77FD014A01F98
:10C7500036F633ED0C17D12A1A2B1976F7E7A2F02B
:10C76000DBF22D3BEAB5B1D7E36FD4C0BDF9250F9D
:10C770005AB942FB08DAEBFF2D0A18EB1E7F36E8A8
:10C78000B4E5693018423B4F0632CBD8F1BD145A9C
:10C79000AA24C9544B38E2F3183897C31F733207E1
:10C7A0005DC661D0FB2100F11123F72937E3DDEFEE
:10C7B000DBE53522223200300AE60CEEE4EA0A809C
:10C7C000C6F4BAD950D4D6C77A0EF606DDF9D761C9
:10C7D0008A0F2358E2B84A35172632DEAE140BFA18
:10C7E000C1097F3326375D120C122FF8BEBE2E739F
:10C7F0009AFDC6E54F1EF20E0FEDEA3A110542E72B
:10C80000E4BAB1B1DAC7EB4008FF1781D2268C0930
:10C81000B4F83C2FDD09401EFD5ECFC6EF99392CE0
:10C82000F0B81814C4080BE5E3BCE51B1E070DECBB
:10C8300009F4D413B614EB04ECE1ED4D085AE21FF1
:10C84000A5F00C542200F7C0F3D76746FD7FC5EC76
:10C8500009A40DECEB2431D7AEC0F0C91102164982
:10C860007FAE15D80300EDC9E8D5C9FA4E23A92B30
:10C87000D9FFCD45117CDEF12809E3B3E6D12E873F
:10C8800085F244DE1BC406EC877D2EF901FCF355CE
:10C89000DAD610A816F7D53916B1F1B3F8F6231881
:10C8A0008B154331462FF90648C7D9E5B50E2B7FC6
:10C8B00080DC2D1540283EB026D1D80D4122271D01
:10C8C0002D00220D343A01EC223D262838E0D22DED
:10C8D000D90FF82ECC41C0E5E27F1A67CFC72B07EE
:10C8E000AFE7B4DCC2F71B233C122212C4EC37279B
:10C8F0000EFD15EFCF0E1C3B4DFC2CD6DEF7301F86
:10C9000016EC7F08FB2525230011F11F710D294C22
:10C91000E3EF0EF00E1819E0B1B4F8FC5004460233
:10C92000DA22C6EC10C2DE08E807ECFA12D5F706E8
:10C930000C1FE10CCA4703F5DA1924DC6E06F9A6D0
:10C94000823055E2DEE0143380F5EB04F1F3EA0CBB
:10C95000332D7F16120814F05309F5B0EABEFBD34D
:10C96000BA08BB8BD8FFE6012FEA290EF50517F6AA
:10C970001045E129DB0009E177331AC34B4B4B2FFC
:10C98000D7DB2C24E9D7FA0AECF7FA30F5D55000BA
:10C99000FD0C2B26D803030D11E7FB7FD9E8C7DD7B
:10C9A000EDDA0EF323D21E00FF56E80C479A12F878
:10C9B000DBD5B20322DDE3F4030A03C4D8FDC4E8E7
:10C9C000DCED272EE41E01051D21148175080F37AB
:10C9D000DDEFC6D41F1922DD53B308044DDDF11776
:10C9E000B42507EBF0CAF64812A9FDF1F5BC6D06B7
:10C9F0001603187716255FBAEFF715FD98D3B7E73A
:10CA0000D4D35DF718E9B0189A07024581C1622BAB
:10CA10008139F04ED4DFF9E80C0F182BD447FCF61F
:10CA200070F40919B032BDD93C291DA5E807A2C090
:10CA3000EE251EF7FB06A9F626A809C13FE8481116
:10CA40003DE5162ACA16FCC1F01CE3CFFF00C2F771
:10CA5000E0A4E84D22E9D2F1E930D1962FF60D0994
:10CA6000FD803AFEF4C702FFEBF79F9A53F2DC28F1
:10CA700015C8F6FDE04312A334161DF250500E1FE8
:10CA8000FAFE7F22D016F9B71FEE45F76BB2D0043D
:10CA9000E0F0DBEABADCD1FE2F1D132606DBDC5802
:10CAA00061D415FF2FA1CB1FF0BF3BCD3A26BA1B97
:10CAB000D9B21F11112200B23FD62710041DC8158C
:10CAC000219D19C8C2D7FEE616270AD57F5500E377
:10CAD0001E1CD3F135D7C2F62C10FF73CB48120EB3
:10CAE00018F7322BF8182914DCE32D1691FC291ABB
:10CAF00012FD002630997F1B490204052D26021CD9
:10CB00000D05FC201DFFFB03EE21EDEF04FEF017E9
:10CB100008D31D04EF020C11F830F67FE3CBE401DB
:10CB2000170EECFBFECD11F2F613001BEAF5FFFE2B
:10CB3000E6F555BE7FA4C73BDCF15AB957F5D607D9
:10CB4000B10D1328ECEEFD2B4311B6F7171412119B
:10CB5000CC00FEF85B2CBAD0E18F58F62E1D35F9CB
:10CB6000E111961E8130DB1C0FB707A601FDECF822
:10CB70003EE9A444EDD0FE07250E01C4E837D818DD
:10CB8000D229EFE809283AEA0C07FEFAEFCA21F0A9
:10CB9000BA36D6E6B8DBD77FF7F6412B1AFFE8079F
:10CBA000E0C2FD7217CBDAEE36060CAADC2E11E3DA
:10CBB00017A6EB6142AA175047332503F7F922F174
:10CBC000B242CBEE0B171D2864F3E8129D1EFCFF4A
:10CBD000EAF97F31691DC3D14731FBF142D5615775
:10CBE000D01A24E30E3E0EF859E1DED5ECB6370F2D
:10CBF000CDE429D80FC8E31F124A14C30B2321D454
:10CC0000B5FD46262D3FF8312524DED9BAE7D17F80
:10CC1000D4EBD64C164D32D1F33A03F13C25CD126C
:10CC2000160FF1FAEC00DBCE230CF3DA0029E2E177
:10CC300001FB102A07ED04E10CF8FFB9B7011E0350
:10CC4000CF0EE210121033071F7FF6FAF81EF4071A
:10CC5000CBFBC5CFCAB2C95302471DFA3027D3F365
:10CC6000D44D7FFC263BFE002B06CA4415D6EBEACA
:10CC7000B9C6E81B4A6CD7B3DAFBF4231627EC27B6
:10CC800024CDF5EFFD7F20FC1DF947EDF8DD010314
:10CC9000EFD70C0CCA4FDD06F7ABE8E8FBE91FF84D
:10CCA000FB3CE900FDEDDD00C194104242BB06F9FA
:10CCB0000549E3023DF634ACCEDC0F1E5540D6C725
:10CCC000E2806752C046D42FA8D506091B05330160
:10CCD00047C5F6E6E04E57093AFA51ACEABE2C1EBB
:10CCE00055E9A62239191508FFC71B74FD04FBFC82
:10CCF00091D83F25E3C132EFF1E5368031543BFA5C
:10CD00000D1CF5FA10FFC6CAF616F0F1093939B84C
:10CD10002403F9E9130824E5062826F3B71480262E
:10CD2000A4FE0700F711F4F5F9B308D45AF934DE7C
:10CD30002385FF01DFD41F1249BF0EDE5BFC28E410
:10CD4000DC15E3EF68BF0D08CAEF1209EFFB24C240
:10CD500041FC1431DCC611F7F24219CB1F37E7262C
:10CD60004F20CCE22A8E3E247F44DEFD41F0253068
:10CD70002C692AD30BF411E14B9D32AA5002084DC5
:10CD80001855EDE8B979151BE140673B5D801D87BB
:10CD9000DAD61C1F0D15F3F1952B1A912E3CDA4AA9
:10CDA000BEFB3DE47F27E6DFFE6A0637F9F706E1C2
:10CDB0000EA43CBE01CA5121FE3AD1DD520D9C3C6D
:10CDC000ED67DC3BBFDCE9059CCA2AF03B02088D1D
:10CDD000D708E8658012D75E073958BC113647403E
:10CDE000C63235224B55E01ACD5BF3636535FF370C
:10CDF000C6E404F658DADF060C0BC326D924483DF6
:10CE0000D84060E734B8132A2E1AEA540AF70263AE
:10CE1000FD301D12BE520528452649032FDD12FDA7
:10CE20000FEE7FDF2A32FBF4C86D3711250CF2D2EA
:10CE3000509A9122152AFB9CA6C0EB1EE4ED7E08B9
:10CE40003721266047B83FBEC8325B3F20F440819F
:10CE5000BF38E81CC6C311C61CF8EDE55128112ADD
:10CE6000ECECD5FEF1DFE1F3E4242FF1F3F0FD0B60
:10CE70000AD412EFEE2823DE3AF6F17FB4DD17E490
:10CE80001EE1180DD5291E1136C7ED12B8C0FFE0FE
:10CE90003DF095D9EF343EA4D6EA33C632D9E70641
:10CEA000C7CC4501C16E237F61B134E364F4F1A0C6
:10CEB000DE86C8EF7A8B7F68C0DCF538D5D7A04610
:10CEC000CBACDC1033E1C8DE241133E1BDF8AFD1C7
:10CED0003F541D3FC8F9FFC93ABFEB98C37D20D826
:10CEE000FAE7E91A0CE027EB31E7E1E0803E0DC1FB
:10CEF00033C947BD7F2320F74009F5C416FF070F4C
:10CF00000CD1DC2DAC1FEF672B53FB2B03F10689F3
:10CF1000F819534011AFEDD3DE0B15FB1BD12900DF
:10CF20003307DFFAE6D918AFE72B0256D61DC2F950
:10CF3000A0EE1A28F048DBE700A5D12DE00D1C1269
:10CF4000F8A94FD77FD0FD033E3413CB0DEDF3E5A9
:10CF50006B2215EFE2221CF20D1E30A312EF0C2AF9
:10CF600018FDE70BF942F8FA31F8252C45BF2D21C1
:10CF700013D857EF7F0221F01CCB2943CDC6C34302
:10CF8000372480A9EE1920CCF428E403440AA2C770
:10CF900049B7A101FEEFE7116008CD47FA4E0EC474
:10CFA000A49BFB20041AF705D00AE4CED4F4DF35A5
:10CFB0002FC0F4C4E20E12F5FFA311E423E1F0F850
:10CFC000A61103E512FC1DFE31DD1650800525C5B6
:10CFD0000899091FE0E209CF6C3FF4F111610DE8F7
:10CFE000D44504040305E3E81CCA27030612C72638
:10CFF000F9F3010CF639EEF2020B0AEE7FE255CF9F
:10D000002BE130220CD309EB9FFC3AFA28D5FA0326
:10D010001D008004FE3F24D6DDE712DDF4D535FE89
:10D02000DF22DD0ACDE6F3F70CF92D0DF728FF1806
:10D03000D4DB1DF6E4E1E81F0D0511F338DFEE0E39
:10D04000FCF8EF007F0802E1E3721AD7390A0930D1
:10D05000DFF4FCF1A35EE8DC3C07F806621913ACD0
:10D06000FB20D3C211F213B71C02F7E90D51C82CF3
:10D070000AECFC1A0C980927CA152109E7EE26F4D8
:10D08000E7FA1A3913132BE418FB097F09FCEC05A6
:10D090000BAFF80045F40217F738FA29F40AD2F575
:10D0A000C13F08E91FE91C0E2B120980F1F4350875
:10D0B0001D072A081316E04521E1E52A26F1480E4E
:10D0C000EAC2E0FA062007E5395DF5EB0B1E1519FB
:10D0D0002655DD4465F0F804AF44D32B0A9BBCDA37
:10D0E0003EC82333066AD447F480DFF16629DDE9C0
:10D0F000D91239CBD00D1BB307CD090E11BFE4589F
:10D10000F6E0F5D704D3F4122FDA0980141F2204B5
:10D11000D53369377328042026E3E30C2819364CED
:10D12000D1FF37694ADEF09F173EDB19F019ED2376
:10D130004FEBA718F0D9D334E52A4AC6B1EB2A2021
:10D14000C7C7273D4439ED977FD70499F9DDD70646
:10D150004B1BF53F02F5F0F3F6E610A7DBDE05C941
:10D160000A678DD82CD7EF0CE1EA308088FF0911CF
:10D1700099EF601D21391BEBED1AD85676761F6E9C
:10D18000EB55F413410604C7B874E8EC1E9B3D222E
:10D1900000182BF0E4EEF4FCCAE4EBEC48E3EFAB50
:10D1A00016CB2D2C19B33E9D26D11E83410AFF09B3
:10D1B000E9EC816EE580C3DB54E5FE1ED25AF71719
:10D1C000554A871EEAFE1D43161AE7A8BF462041AE
:10D1D00020342923C9212CDA4064062CABED2EF72C
:10D1E000823309107D0B2421BC8111BF541BD90748
:10D1F000F9940B1DE41224D226FBE6F1D01CC7FDE6
:10D200000E224E3FED3FCF2B337FCBDE02C4515079
:10D21000BC14CBC6E8CDE4FC39FD10F905D51729BF
:10D2200044193E2F1CC7C264FDDE19EFFBD91E0B4B
:10D230006709EC4AF2D5ABB8FC3F172BF743ED0872
:10D240002B3D10F8EDC26CE21416A881F4F8FCB97D
:10D2500016E83114F581F90AB1BA13E81F0CEC3560
:10D2600025C00F231FC7ECFBF4F8DA45F6E00F0CDE
:10D270000DD540E8E9EB2F1A241C22BA16433102DF
:10D28000241F0C0B28B8232FF008DE131DF2990F72
:10D2900011460B03127FDA2913E6382A14D7F4CF8C
:10D2A000F0CEED1628D9183CF7F0F91E40F7E4311E
:10D2B0000CF7F5F6ECB5F03AF4BB410EFF09E8D2F5
:10D2C000F4F8402B56F04520112C0B0DADC308D4BB
:10D2D000F098E34A1EC504061CFDDF048002DDFD54
:10D2E000A432FD9581F1EE1B322DE7331BC1D13BFA
:10D2F00000D0C70BB702FA0701C9E8056650E1E89C
:10D30000FD22502920C5D4F9E718D4C9C23524D943
:10D310003C1557C41C3343153313E6CA079585DB08
:10D320000C34322DBAFE07D022473DC37FD815BD3D
:10D33000D25425BB173225E11D1E38DE27E5D24821
:10D34000224349CAB1FC0ECF2B2F3CED5CDF51428A
:10D350001F541511E314C4FB56401099F9E37FBD27
:10D36000FB0D770229BED9AF892A02DEFDF713C370
:10D37000132625251008111618D61DF71BF20E11BD
:10D38000E5D2E11AFF1E140C0920F67F3CFF292686
:10D39000FF0DFEDA32130EF5E9EFEAEF030805148C
:10D3A0001BFADD1556DB141F13D86D11B62025E6C8
:10D3B000F61B2B3BE9FB13D909282027847FD2EFEA
:10D3C00003FEDD25F5DC1D2AFCE7F0EDA12F24315D
:10D3D000EC00BEE85E01BCEC2F092CB1D5D84A6B3D
:10D3E00015002A2A2FC80C950DF72D59CAD90FFA06
:10D3F00036DB0CE7FD80F44A5325C2DBFC73F62CC8
:10D400000537FA0ACA8D8E6E2711EDEDFB303847CD
:10D4100060CA041092CDBE0AFCCF427F2395ECC8AF
:10D420000F23F812EAD8F1D914E73FF6C9DB410817
:10D43000FC24BCF3DBEE121FDCB44C8F15114C0A3C
:10D440007FD1F85055C9CE29CCE9FC480ECAC2D7C5
:10D4500000CE1004050EE5C6483B05E45FD514CCAC
:10D460001C37AF3DF10DDCFA01F325F50813E42577
:10D4700024DFFE1BE00029E92DD7FC26801556B7D6
:10D4800015E3E8EDEE2E30F5011CECD2E4E601CB1D
:10D490003642DABC47343E15FC4600C4EF12DC14B9
:10D4A0008E37F35AC44BE1CC7FAFFEB6C9CEFBBB7F
:10D4B000EBAE0CDDE0E1F40FF41D0F0E050C3CF0BB
:10D4C00038C9583B0ACA1E26B8232DCB2933D3307E
:10D4D000AECDE31D0852EFE9E0D3F9C380D7230EA8
:10D4E0000EBC460BF8D1FFDD0E000C01512B1EE7E0
:10D4F0000344FA07A820060E1ED9331BE3C8B3D98C
:10D5000006331D4D55FBED133548D7D34BCF07C719
:10D51000F1DAD506EEC437036C7FF1E02658EAFE57
:10D52000367F5EF2E0FC11E1E5F0DF3BF2DC6257B2
:10D53000FBDBF223DB519FF716112BC7D6F20FD27C
:10D54000DE6CF6C3EDF4C6D20B09FBFFCEFC291549
:10D550001D10F1C4E9022E40D9D825A9D2FEC43F3E
:10D5600013033F1939131FF525A80C251757FFE69C
:10D57000C7BDF84E7F36DAE444C6FFE10B651CFBFD
:10D58000428246E0080ECCCC091DF1E40102D0F63F
:10D5900019F2DD0505F8EAA90144E5F459097FD639
:10D5A000DEA1560A2BC64A0F2E0FA9262AF238EE04
:10D5B000FDFFE82360D1D620F1F0101F07140AF315
:10D5C000FEEFF21CF1EEE0E8150C027F270ADCFD0D
:10D5D00042DEDF091E1410F021CAF4F4F00E101C14
:10D5E000F521B1267FF3A1E01E2EB8BB0CE306E9BE
:10D5F000E20E1C14FF0811E51AF0E8EA44F325A333
:10D60000CE0B082BC034041E0B32E1C1F4AE16EE73
:10D6100031F7AD2E3FD94AF0A3C4BAC6F547BBEAED
:10D62000E7BE050B10EF0E29F4A2EE187F105CCEBA
:10D6300031A7410FB6E71CB4CE22D9FCD5B20BFC02
:10D64000E9D57FEBFB350BDBF048B007130AEA287E
:10D6500049F0DDD3E332FA1013F3340EC2140A1288
:10D6600014E2EFF6EBF9DADAB500F811F2E2FFC5F1
:10D670002A2E030839D656AA2A23072932DBDC02D0
:10D6800048E8281CEE1EFA0BF427F532DDBD185EC3
:10D6900019F3FFF13CCA381608DE51278039CE3E17
:10D6A000D50F3BE17FF6DA16272A4085281EF20BBC
:10D6B000CDD1423C491FFD08E4D92E603DB85B3511
:10D6C000E8F701343C0512C80401C40D1F30EE0513
:10D6D0001DADB7E97F4CFF14E918D8B5010744F830
:10D6E000290A301FCF21F9C32846F3F9DECFFEC740
:10D6F0002CEFE141DCF03FFDF4E1EDD0E1B7FFE7D5
:10D700003FF82A05FD41E7143A380B00BB192132D6
:10D71000B4297F1CFD2B1E3A2FF6FB31E8D5F2FF12
:10D72000004425F608EF12F0F7F5D0EDFF373DFA8B
:10D7300027F7B80005A756F216C628FA1F39C907F9
:10D740001AE61CE60C1082E5C1000BF61C2C183AF8
:10D750005E8007E70CDD45070DDEE1B522CFFAE676
:10D7600041EE22D33A2CD238E8F5CCE3E5CF80A6BF
:10D77000CA296B4E746CB61C2518F76464A138B7BF
:10D78000B93ACEF0ACC845A1A6FB0BF2B52F0535D2
:10D79000FE43B20B14FADDF3E8B9DC0BFF2934DEEB
:10D7A0000E05FE1AED28E90D27B715B2E18B19BE5B
:10D7B000F59954F32505EB068008D5EE0BE7430BEE
:10D7C000CF30F002DB07DBE31BFD071B2BFA0C2736
:10D7D000CE0C3D1CC4F1073D153F125429E8A9D9D0
:10D7E000E81F3FFB7F9FFCE3260C06D5F1AC24C766
:10D7F0000606F7DAA2272CCFFF23EFE1FACFDC559C
:10D80000F3F506FC2338FDFDE67FEE630CE1E49DB5
:10D81000C808EC27D94609E0EB3B1734FFD5BE48D2
:10D820000E0E0A22FEF948D8392307EC9BE4FFFAD2
:10D8300021011B04EE1BD7E11C0B13EF210AF8F7A3
:10D84000B71DFDF080CD200028C3EAEB0FD7F813F9
:10D85000180E50C5C1ED001EDBECE3A0B6F629EFB3
:10D86000FDF90013C2251F5A1B330E583108CEBFD5
:10D87000E6FB20FC77DA6FEC8107EC0AB3282DF386
:10D880001219E0BAE53122FF2304BDFDF806CFF8F6
:10D890003FF3F7111E4DDBE1EF32D57F34F6529D99
:10D8A000DD11E3F3BCD00DE22AB4F812F7D8E8FF9B
:10D8B00027F024F437F2BF03202CEBF0EA0502FA3C
:10D8C000D826E8E711F40C34F49C4D2618E1C4FD89
:10D8D000C2FEF0E881102018A01E07F01032E6FC0E
:10D8E000EF19A13C330FD80745E8BDD6261308CB66
:10D8F00058D94418C51C2184447F376FD70DA7BE63
:10D900004D27DFB4801A271DE10B26F75658F64243
:10D910009F9A9501002ABE274EA8B5350ED40D5604
:10D92000BEA71913E34FFC3C66331ABF999281B826
:10D9300060BED4EFFBE5AF0DBAFA1BD411015C1445
:10D94000280BD30F201E22F5F0FFDD0D180ABCD5E1
:10D95000D80639E1C5360EE713E9E70AE7D821FA18
:10D96000298047FCD2151BE5CD06F6D114EF09EB53
:10D970002F468FD4F6C4EFF85D27116B54E4204591
:10D98000313521F2AE070E2C1C32EF2827A4CEB57C
:10D990000BFE08181D3DB3DEA51A02FCB18D7FAB4E
:10D9A00018EBD4C9B0F6C40B64EA1D83C5252D332A
:10D9B00085FC7F2D67D0DC196673F77B3859CA0E5A
:10D9C000EDB80009C3ABAF5CF59FDAC9070D4CC5D4
:10D9D000F80A35E531D818C3230406C9E029112512
:10D9E0002904FF3EE0382A05052866F743C6CE0E17
:10D9F0000E018CD514B8B47FA8DC30E4C4933C1F6E
:10DA0000E3BED50F58F6ED00F3111B2FF2D2AEEDA9
:10DA1000F6CA7F64FA3308F12AFE0C23B0CAF7393C
:10DA200016F10A1B195430111F3312223D4910E31D
:10DA30009FD981FD1C9DC700E0F040FCF3EB390548
:10DA400050A8083734121A01340320230EDD10F5D4
:10DA50006BF4E51DCD0E19EFE49A10EF1B190617B4
:10DA60001FC30428F31922BCCC37F0E6DA8F0E0866
:10DA700003E2AC1F162FF8F6280412D1D143ECBBF9
:10DA8000A17F35E2CBBAACBCE5210B2B72664CBC56
:10DA90000911FD16F7EE3BEAF8EBF0EAF74C050842
:10DAA000D8CDBC20FF31D426E7E5EC00B64D3CFDD7
:10DAB0003B802FFA50BB4CDB161B03E53EF4D71519
:10DAC00007E3F3F011D6F7FFF0A004FFF940801F41
:10DAD0000DEE4212D52DC01A0940EE01E102C0C977
:10DAE0002904024229D449EEB811470CBB2603E4AD
:10DAF00025C0EAD85BF010E7E47FBCCC2ACD170242
:10DB00003FEE1B32F62CC3FF03FDE39062ABFBF646
:10DB1000EF0406F5ABF836DD3DA2CD18D9E0EC24D4
:10DB2000D4F8263FDED0FE3A210E1AED1DBB0612B8
:10DB3000B1CC27072907F2CE28153123AE10FA1BE6
:10DB4000BEBAD02BF12F3E04E4EE0327007F40F154
:10DB5000002434F314D0F4DF5810077FFDDD3322A6
:10DB6000F7EEE0263C0C052225F8384B79EF2CF037
:10DB7000D508D1F819DFC9CFC87DEFCDD5F2E05671
:10DB800004F223E2EE9B26E9CE25D9E43E4B29E8B8
:10DB9000E18ADA3608FD12D21AA9FB880C3D0D3C49
:10DBA0002680FDECE7BD29E9F132FAD831C2DD2A41
:10DBB0001B87F9F6F32EED153243FA03864841B878
:10DBC000ADED0C4DC3F9E474110A305466F161688F
:10DBD0001D2CFB662DFEFD07D116DC2A7FA433DE4B
:10DBE00071CB01E818F708E74BFEEBABFEEBC3C5C2
:10DBF0003A013E391C0D331004EEC6CE2223C63244
:10DC0000F328CDC900B0DDF926087FEEC60EE65F29
:10DC1000602EA021EC0D2480F7EFF40F0BD3F7E377
:10DC2000E9F7DD21E731EADB2B37323024014DF40F
:10DC3000E83FC8F1081AF807BF20E11BDD0609FC20
:10DC40002C892F207FF00908D90DEF9566DCFCDBCD
:10DC50000DFADDD48B17FE09254B0737A2C76D9F40
:10DC60000C36BBBA489163C746001B50DD46125DB7
:10DC7000E20295120BBAE2E119D64CDB0E27FA1735
:10DC800021BFA251F7014014EB1FDB2A3D260724D8
:10DC900019F4FC0148177F42C8151E3BD92BC6E278
:10DCA000C9F402218E0506C0FF58B4DD06F5E5DE95
:10DCB00012BF2F220B600EE7E042CD808CB0A1B6E0
:10DCC000B2EDAD1C10BB24F87485EF24D44214DFF0
:10DCD000500BE01232FA1120F402C2FF0E33DD02C3
:10DCE000D6F00C23F112CBFCCB05042380F0EF35EA
:10DCF000E98A5BF005DF22F0FD1EFDF9E1B526DBC8
:10DD000016F4D9F5E508E92221C8440503072110D6
:10DD10000703F1460AF6D8FC3426D515C9FE1BEADE
:10DD2000ED0BF839811A492A37DF22EEE7E608EFD2
:10DD30005DD1FB06388001EC00DC52E4CD0EB7E685
:10DD4000CE4FC9D9DCF45FEA5B1C2A628E091CFC49
:10DD50001BF022052BE52E023ED5F3D9FE11110C46
:10DD6000EB2FD3D7BFDDF0DE3C20FFE608EAD8FC7E
:10DD7000E71C0E02121FF50206ED3D80F9C31516D1
:10DD8000F33304DDDAF1E0DCF150BF1AF006EEED1A
:10DD900047E2E4BF220726F80F337EFF0FC9C60013
:10DDA0005E1B29251CFF07F0F3213856DE0BF9FA1C
:10DDB000EE06DCDBF3314CF28019511FB605ECF6B0
:10DDC00047C92FD87B4B08127F2CE5CDC0D3F50C6B
:10DDD000D286314EF922F2F5C85A0EE116161DBB55
:10DDE000CDC6CB775E9A23D36AEEFFB8B241B85F57
:10DDF0003A38270308D4F61F221126F3FD620E08D5
:10DE0000C53B75FF0CF8DAFCCA510A141AD64F7FCD
:10DE10009FFF3E6558D2F3B34201D704CD14F446B8
:10DE2000490122DAE1266A1EF548BEE629C340ED23
:10DE300024C5473F22570D31F949E5E5C6C7A2CDB4
:10DE400011201D37F2D102208097ECB7981CAA4709
:10DE5000B439CF110728F4F20CBDFA36245E1E0542
:10DE6000E3147FE5BD12454E32EA091C02CDE9B547
:10DE7000082C4DF406D31823A50C04FA07AE1C1881
:10DE8000F60AEC030A80E8A726171BEF181BF4F22A
:10DE900018FB001520CDF7CD4009027BF1EBF4C84B
:10DEA000302FFBFAD90A2DEC42E59BEDF107E80B88
:10DEB00005E03CFCFC111AF8FB19EEF717E501E947
:10DEC000EDF11D25E6F0CEEB0B18E97F4F06500172
:10DED000E51FF5DB15FD1B00FAFA00D800CA001C8F
:10DEE000E525B503DAE5FFD629F037FCEC01040897
:10DEF000FB0F5824360405093038FB5246CE1D5519
:10DF0000B6F624F3ED1B34FE81040CE3D21DF7F5C5
:10DF10000C19CD20CA2401130F5311B7B83507FAD5
:10DF2000C6FF28282C0AEB243E081240DC03012EF1
:10DF300009130CFB053217C6F27F120EF54225CEEF
:10DF4000DB3D40FEC8DFFA2A1AF9FF3DEBD20E0294
:10DF5000E6FBD50EE0291A34FA4C29FE6EAAD7F05A
:10DF6000F0061F2A7FD11C17D377E7E1199B2612F1
:10DF700009A8B0FE13C1DB2CD3DB199FE51C0C19DB
:10DF8000F718290E3F3F04FF0E1620C611FF81D659
:10DF9000DBCF1C19E4FF2204422C09DFA47CF0260D
:10DFA00012FD3D2ADEEBF5D6F10630D92C190867B3
:10DFB00021A2810F0426EDE7F906E7BF1D28190706
:10DFC000222D3F14D3E3CBD9CCDED8B243C40821F1
:10DFD0003FF1EC0CDD2A1AEBF9101EE6653C9B2C98
:10DFE00087DC0567F07FB4050AA908E3E934F6BECB
:10DFF0003A9E3FDCCEF83C2E5B0A23003F00E9F757
:10E000000DF53B0DE404BF240EEFE6A5E00FBBCEFB
:10E010002B924C98E1FB368136D5C640D8A9C6E490
:10E02000503D2749240832C3EA3BFB0B3233B41E70
:10E0300003DDDF1026FBF0F9F854209DEC38DCD02E
:10E04000139E7E1112EFC91BCFF4D11C30DEF514E4
:10E050009028C5F10AC5CFC48480BEE5C2F405424C
:10E060000605FA1AE0D02AE7231905200BFEFAB5B7
:10E07000D8F1FF143027F30AFDE3ECDB14EDDFECFD
:10E08000F780F7EC11DDE1F3F4DD090723AD26F9A4
:10E090003417BC1762CE179EE50CBF7F1C47A9F151
:10E0A000E1A647F0C74FE18FE008CD6A30A40BB678
:10E0B000C9F71E0CBF26F012E5AD73D741435C31A2
:10E0C0002B2EC9F1D2E7B9EBFF0E05C72B2CF209B5
:10E0D00024C23CF31512ED02F5151BBEE0C7D001BA
:10E0E000CEF1CBF337FE0EFF7F0B41FA1127241E32
:10E0F000F1F0ED36EB1931BEFC042704E611F6F918
:10E100000BBF4011F0E6FC240C060F2C0C01F0179D
:10E11000F6802812E54CB9DEED0519012CFA451BF5
:10E12000260FC83FE1F11AE12710110BFD12C0EFD5
:10E130009CC4FC075224FA0AF229F97F08DEEEFAA1
:10E1400031D135F6F9CE370900252EE539FE3614E2
:10E15000B9493833DA2A012F51D92DAB1D0F0BE9FC
:10E16000A6F37F2C3E351BF60EFC0C347F212C676A
:10E170001FD8FD3AFE11060F7DA0EA0A71DF173C99
:10E1800039F1FFFF0AF6FFFF80EDFFFF0EE7FFFF0B
:10E19000CCF6FFFFC0F9FFFF8FF9FFFF09F5FFFF86
:10E1A000E6FAFFFFD5F2FFFFC6F5FFFFBAEEFFFF6D
:10E1B00070FCFFFFB1F9FFFFE1F9FFFF07F0FFFF80
:10E1C00071F3FFFFCAF9FFFF87FBFFFFACF9FFFF09
:10E1D0005BF2FFFF2CF2FFFF33F6FFFF8BF7FFFF31
:10E1E00040F1FFFFFDE9FFFF97F0FFFF7BF1FFFF2D
:10E1F000C7E9FFFF7FF5FFFFAFF0FFFF34F1FFFF3F
:10E20000ECFAFFFFE7F8FFFF2CFEFFFFB7F3FFFF7D
:10E21000CFEAFFFFD7EBFFFF9AFCFFFFF2F7FFFF0C
:10E2200072ECFFFFD6F9FFFFBEF9FFFF83E5FFFFAA
:10E2300062F5FFFFEBFEFFFF1EFEFFFFF8FCFFFF96
:10E2400063F0FFFF3BF7FFFF61F7FFFF4AFBFFFFB4
:10E2500086EAFFFFB3F5FFFF170900003DF9FFFF56
:10E2600088EEFFFFFEEFFFFFB1F9FFFFD4F8FFFFDD
:10E27000D1F3FFFFE9EDFFFFF0F9FFFF73F6FFFFBA
:10E28000C5E9FFFFB3F4FFFFB6E7FFFFA4ECFFFF14
:10E2900047F7FFFF10EEFFFF32F1FFFFEEEDFFFF4C
:10E2A0008BF0FFFF83F7FFFF9FE3FFFFC3FBFFFF41
:10E2B00039FAFFFF0BF9FFFFB1F4FFFFD0F7FFFFC3
:10E2C0009FF6FFFF86FAFFFFE0F7FFFF1CF1FFFF5D
:10E2D0008EF2FFFF44F2FFFFA3F4FFFFFAFDFFFF02
:10E2E000C4EFFFFF83F7FFFF05EDFFFF03F9FFFF1B
:10E2F000AFECFFFFA7F7FFFF96FAFFFF50EFFFFF1E
:10E30000B8EFFFFF7BF7FFFF4EF6FFFFB8F8FFFF08
:10E3100072F7FFFFC7E9FFFF8CFBFFFF36F2FFFF3D
:10E32000ACF2FFFF33FBFFFF06E5FFFFB6FBFFFF8D
:10E33000D6F6FFFF7AF1FFFF69F7FFFF5EFCFFFFF4
:10E34000E2F2FFFFDFF7FFFF29FBFFFF08F0FFFF0F
:10E3500087F5FFFF0B000000ECFAFFFFC6F0FFFFA0
:10E360008EFBFFFFCAF7FFFF7BE7FFFFC2FBFFFF4C
:10E3700089FCFFFF29F0FFFF14F3FFFF2CF4FFFFE0
:10E3800038F9FFFF09EFFFFFE1FBFFFF49F7FFFF50
:10E3900041F4FFFFF8F1FFFFC1F0FFFF2DF1FFFF98
:10E3A00011F7FFFF23F8FFFF57F6FFFFC4F3FFFF4E
:10E3B00048F1FFFF6FFAFFFF9DFAFFFFCFF1FFFF6C
:10E3C0002AF2FFFFBAF9FFFF3BF8FFFF04F6FFFF59
:10E3D00044FAFFFF61E8FFFF74EEFFFF83ECFFFFED
:10E3E000A7F5FFFF93F8FFFF44F2FFFF6BEFFFFF7E
:10E3F00049E7FFFF0CF5FFFF59FDFFFF63F5FFFF46
:10E4000001F6FFFF37F8FFFFC0F7FFFF29FDFFFF11
:10E41000C8FCFFFFE5EBFFFFFAEBFFFF5BF2FFFF3E
:10E42000E3FCFFFF99FBFFFFC7FEFFFF47F8FFFF7D
:10E4300020ECFFFF91EDFFFF02FBFFFF13F1FFFF59
:10E4400076FCFFFF82FCFFFFFBFBFFFF8DF0FFFF71
:10E45000A7F6FFFFBAF9FFFF75FBFFFF57EFFFFFBE
:10E460004AF9FFFF57FDFFFF37FAFFFFCBE7FFFF3A
:10E470006EECFFFF01F6FFFFB3F5FFFF42EEFFFF7B
:10E48000C0FDFFFF7AF4FFFF8AF8FFFFE6F9FFFF08
:10E49000A8F6FFFFCCF7FFFF31F6FFFFC2EBFFFF4F
:10E4A00006F0FFFF1FF9FFFFE5FAFFFF0AFDFFFF80
:10E4B00080F9FFFFA9F3FFFF99F9FFFF78F5FFFF50
:10E4C0008BFAFFFFEFF5FFFFBBFFFFFF06F6FFFF35
:10E4D00013FAFFFFE0F6FFFF4DF7FFFFE8FAFFFF3B
:10E4E0005AF9FFFFFEF8FFFF8BF8FFFFF7F8FFFF79
:10E4F000EAEEFFFF6AF4FFFFD2FCFFFFE5F7FFFF44
:10E500009DF3FFFF72FCFFFF24F6FFFFC4F7FFFF40
:10E5100030FEFFFF6FEFFFFF9BF2FFFFD2FAFFFF1E
:10E52000C8EFFFFF56E8FFFFC7ECFFFFD8EFFFFF84
:10E5300076FAFFFFE2F8FFFF77F1FFFFEFF8FFFF4A
:10E54000A8FAFFFFFEF6FFFFC9FCFFFF9CF7FFFFE5
:10E5500026F4FFFFEBF9FFFF4AECFFFF82FDFFFF10
:10E56000FAFAFFFFB7F9FFFF88F9FFFF5CF2FFFF40
:10E5700012F8FFFFDDEBFFFFE3F3FFFFCCFCFFFF33
:10E5800030E8FFFF34EEFFFF0CF5FFFF57EFFFFF12
:10E590004FF9FFFF41F2FFFFB5F5FFFFFEF0FFFF70
:10E5A000A3EFFFFF82F3FFFF94F6FFFFD1F5FFFF1C
:10E5B00051EAFFFFF1EDFFFF29FAFFFF7EEFFFFFBA
:10E5C0006FEEFFFF09F8FFFF91F2FFFF4EF3FFFF31
:10E5D000F7F2FFFFCBF6FFFF8AFCFFFFD1E0FFFF62
:10E5E00017FEFFFF27FEFFFF71F9FFFF0AF5FFFF90
:10E5F000BFFCFFFFADF3FFFF43F8FFFF96E9FFFF0E
:10E60000E4E0181D531FC721D1F9D1DCDD29E2CC8C
:10E610002B1DC2C386BF07D42CEA19CBF63DA2FB43
:10E62000522447DE0416F3C9C3DA5207C001BD14F1
:10E63000D15B4FF4C631EB45E9C0560A55B629EC1B
:10E640000E54E2DD091001F913B33BF34A22BF1760
:10E65000BCA1FC1D9334FF04EBD10415DBFC34F6A4
:10E66000C712240A0BEFACB112D4E9E8BDDE4AA907
:10E67000F15DDD45E74AEAD40018C2AC28CFC9D520
:10E68000A9C12D1B9DD5D41A270B4123B6D34DC844
:10E6900008BA0AFF410ED9E9FBDE3FF1C706003494
:10E6A0001BDD5057F6E5FCDEBE10D329081FE7E15D
:10E6B000C8B845D40C024DFC43E8C9A3D82CE39F4D
:10E6C000DEB5FED10ED2EF15EFF00BE7F9CD23F456
:10E6D0001DE653E04EE5EC0A4C2AEF3FE3EB5CDE2F
:10E6E000B2B8F1E52A8D10CCEFF8A27023E4ECEC7F
:10E6F0009D31AA20F95E1A0507D831DB06EEDB153D
:10E70000E2FC98A8E1A8BCFFE9C4FFD8ACE3177FFE
:10E71000ABA2CC0C42CBFFAFF4B027BBC70AFBEADD
:10E72000E546F293EB1A31F606FAEA53FC1D15435F
:10E73000AE0725212EF1313AE8C6D9D00833FC06C0
:10E74000F9F6DCE1B7E83B2CE9E2ECF61D5AF4EC13
:10E75000FD282BCE11B73F33EE40E800BEDF2A0D77
:10E76000412687FD09EAF2F39918F72EFDF4ECFC37
:10E7700035E5D3B1189AE11CEFE924C62DECF1324E
:10E78000FE2DC2FE2FF7461F190517EBDA38B71713
:10E790001B280DC13F10141D1E3E03DE11E9F84871
:10E7A0002F4EEAF9F30EDB932BF5C3FBCC12FC19C9
:10E7B000149D0C2D0E2DE9FBF8F7EE21D1332830F6
:10E7C000EFF3FF1BAB05E3FB16DE41303043F30CE8
:10E7D000FCD3DC8F2B15EE47F00908CF54D4B9EDEC
:10E7E00002E1ABDFFBDA36D40C3A2232F9251F17EF
:10E7F0000B1202CDCB1311E849231DE9A307C11D5C
:10E80000CD17F2A9E61100280EB20CD2E1E7F739D4
:10E810001311531898E9FCE8F1192ACE210C2704AA
:10E82000C9FDD70F481DD79BF4321AE8FF020AE151
:10E8300053E50FD7D9DF03803803AA1616D20BE5AC
:10E84000D33924DA270216351BE71E082F0D0BD308
:10E850002B36BE08D624F23203CAFBF7063DF71664
:10E86000442D0DD4E116E1E2FF2D020B131BE5EC64
:10E87000F723200B01242AF8DC23F31DE5DD1237F2
:10E880002AF1A10A21E8022CF0CA312234040E44F4
:10E890002CFB34DCC6D71BC71E06E1DE0D38F53372
:10E8A000ECF415F8F0C819CF021A00E9D1E30BF027
:10E8B000EA1FF121EAF8F609FC11E8D644E3C7F2B1
:10E8C000CCCF01190FDAC9F3123AE0EDF3FA3012A6
:10E8D000E9B9D53B1C03C433240ED116B41F12175B
:10E8E000F7121A52D7E8DEF7EC41312F0122DB177D
:10E8F000E0D207A9FB25E8110DF5FCCF042BE4D8E5
:10E9000015DDF9EA022610E92C1C32F3E118310674
:10E91000CC06F71130EBE8F71F322215B50D1D2597
:10E92000E32711B3E0D2320914F9020A1CE901F01D
:10E93000C40CEF00AD133508FF34EEF1F6EB2A06F8
:10E94000EE2D10F0D3E5D3B52FFF2307C23F1D22D4
:10E950000122F50A4617048011FBD7EB10C70F19E7
:10E9600008F8D8B93E3C1DE50102381BFFC819E183
:10E97000D7095A2D0ED31515D699E80425EC20FF9A
:10E98000D43DCE138CDFF2FB4B23100309EA284C55
:10E990001F320B161CD72F26DC1A1734C6F1F23D96
:10E9A00018DABBFAEBD6C522C4FCC8BDD403FF1FDE
:10E9B000FBED0FD0F2C3F63932EB310DE72908F445
:10E9C000BF27F83DEB422B4CE9024F2C0542A21227
:10E9D000F6153CCED638060649F0CAB3E050A7E992
:10E9E00013BAF0064FDA06AD062A2E2EE32F3A317F
:10E9F0000BB8251A3122430E412ABFEC1B4B1603DC
:10EA00000E06EAF8E633F4EE352B17BAFFC5E52714
:10EA100006111AD325E8330FE52EE1F13206BEF8D0
:10EA20002523F928CE10BAF70CD72AE8171EFBAD1C
:10EA3000E746E7330F060E01EE0724F680EBED21E3
:10EA4000E33621A9D1F72916EBA81ECDD41F1A034E
:10EA50003DE41125F0D41146100419CAF606CD186C
:10EA60009F104A55E9095D9E3DEA2113515157E631
:10EA7000E5F051E8DC0DE4F52046BA33EFFAF6F69E
:10EA8000C5D4F67FE6EAC9E30EF23BD42132B0EFFB
:10EA900011EDF4FE03D5DA26CD1CF5C4C1D306D79B
:10EAA000050303BE4EE1DCE1EE0D1D1D3201EC4914
:10EAB000E03A4B3ACF12D9321B1235423FD8DAD95D
:10EAC000F23357E0063A33D72BCDFA163AE61C401C
:10EAD00016CC016F1812E3D8C912D335D5062B18FE
:10EAE0000C26050419B6EACDF3EFE608F7D954EE83
:10EAF000F209E5EEE50C08E10EE9B7F301EE232B90
:10EB0000EF153524DF18FA2DE2E72EF415C6292378
:10EB1000E13801FD4DFB00D3044734DDDDC7250B93
:10EB2000F302FE5141D81F22C127E801D7F00ADDC8
:10EB3000B6192B4ADEEBF5D90B0B34C509F541DECE
:10EB400003FDFC04F12FF7D7F11B22DFFEDA3B16A1
:10EB500023D45BDB4FEEE3D425F0003342D53DEB0D
:10EB6000060D065436C2BF00FB47EA6146BDEB1AEC
:10EB7000EF31B502201AD81B19E92F39F4B7E1FE9D
:10EB80007CEBA8A8F1E2B22ECC3618FAF0D41D68BE
:10EB9000C3C5A7EE55273C42ECA71B39DB1C3CE75D
:10EBA000364DB51515FFD0AA25EAFDE5E71A365B07
:10EBB000FB3C3EEB70F3D33B17ED1A4AE7E973C613
:10EBC000CBEAF01A2C82F90A0EECEB171424121679
:10EBD00055C0B8C831E9F9EF4B30E4271D3147047F
:10EBE000A10C43E9A733DE9517349A4641FA37E77B
:10EBF000000DF42B5501EEE33C1EE52AF524CBFA7B
:10EC0000FFEA37ED0A2F4200AD13803E5AD2245955
:10EC10004AED0ED70CEB4701220159F7DA4152E8D1
:10EC2000442805CD71241321A1D5D5DEE812DA01DF
:10EC30003B41ED87D2A007EAC12E13A11BC20621DA
:10EC400008F32E3012213C0C19B91611B7AA2CCAA0
:10EC5000465F08FA000105ACE355F6031405181CDD
:10EC60002FFBE022FD05F7D8A724DB58ECD30B11CE
:10EC70002943F314DFF80AF34BF1F13EFB2EFDAC10
:10EC80003145334C2103B11F900D24F80253F2CDCE
:10EC90005C0568E9120D9FDA0DF63A134F13E8E7A9
:10ECA000FCCB6029641B4461FE4FF243F786EBBF47
:10ECB000111EDF9CF1F9DA27F6C0E43EE4D8F7C371
:10ECC0000000000000000000000000000000000044
:10ECD0000000000000000000000000000000000034
:10ECE0000000000000000000000000000000000024
:10ECF0000000000000000000000000000000000014
:10ED00000000000000000000000000000000000003
:10ED100000000000000000000000000000000000F3
:10ED200000000000000000000000000000000000E3
:10ED300000000000000000000000000000000000D3
:10ED400000000000000000000000000000000000C3
:10ED500000000000000000000000000000000000B3
:10ED600000000000000000000000000000000000A3
:10ED70000000000000000000000000000000000093
:10ED80000000000000000000000000000000000083
:10ED90000000000000000000000000000000000073
:10EDA0000000000000000000000000000000000063
:10EDB0000000000000000000000000000000000053
:10EDC0000000000000000000000000000000000043
:10EDD0000000000000000000000000000000000033
:10EDE000FD11FBE65A64E112D7050116D205B2FB0C
:10EDF0004F47A6CF84BF07F11AFDF0DFDE15D9E239
:10EE0000290F14F2FAF6CAB1D7F52DECEC29CECCC5
:10EE1000B70626F8DA52153BF0ED47254BB2E2E68D
:10EE2000091D01010413D3F917ACF1F808F9D1FC5D
:10EE3000EAC40C21C0FDF018EAE9D2E22B25FBF26E
:10EE4000CEF500E329B5B4C3E8B00BC9F30309C498
:10EE5000E00FC4E5FFF8D8D03D26CDE40ED2DCFBB0
:10EE600090EEED39C701A8EADFC83802F1BF1BCD2B
:10EE7000FDF5AF0812F7E0F7FFFB2EFD8EDF0A016C
:10EE800036AF665DF2AFE5FF0211E51B11F6FBF24E
:10EE9000C9BA37CE0646110167C7D9C7C230C79D68
:10EEA00007D757EF10F120E202E01EFBF2E611E96E
:10EEB00006D771164000DDDF3214CA3AF30A5CE36C
:10EEC000D1C04BD427B0E9DC1EDEE6223CECC810F2
:10EED0009A44CD0CDC480953F8F922D234C1FB60C6
:10EEE00005F0C2B1EBA99FD5ECFB5DA7AFDF1D7F9D
:10EEF000F7F0E100770025F609F73EEBA911E7FBF3
:10EF000063E3FB14EB24E9E9FDDBE2CBBBF83B0553
:10EF100045FB3CB558DBE8F400C53777DBDF58AF7D
:10EF2000D7DD1674DCEFF7432CED2B40C0D3BAD8F5
:10EF30003EF5E91A7FFCF5BADFC3FC462B233610F9
:10EF4000C112E117C0DE9FCEF96D1DC5B2D5D3D178
:10EF5000F164DAF351FC8D39AC13FFD842E4F5CDFE
:10EF6000BBC027DC26531073F108056B6BDBBBDBE2
:10EF7000C5069636E6F2D71A24E4BB23FD2BDDCA7C
:10EF800064A3E6F8310938CCE0CC15FE5CC60AB0C3
:10EF9000D70175F3C0DA53C212D413D35BF53EF92F
:10EFA000F122B5E55372A3D613F3B3B7C4BD26BFA0
:10EFB0001B15DEDFC93F08EF24E6F362B0381347C4
:10EFC00058B8F5E659E1D337B1D3FBF2EE11AFAE45
:10EFD00055D9DC29E63B98CBC8E8AA25B73021EF04
:10EFE0001ADAEBC20769183AE0D85ED2093E11F38B
:10EFF00029F317EDFCD6D938DDAF2DC42848F9F830
:10F00000CDC8464B70F865EACEAD193B59FD3FD0EF
:10F01000EC49E6AEF9FE170AF63A422A2906FBC980
:10F0200029CBC4621806DABE31EC15CAE7F91BDA3F
:10F03000140F1EF319E9EC28353E2E38DBCC4DBDFC
:10F04000F20125234DBFF50726FA1F10F0CFCB1C88
:10F050001C1D0E313B1107F60D101B21273A23E72B
:10F06000D3D462F3CD2F14CFFD2DF8E3FAF7141C9F
:10F070000E27B8421059E81AEB3D0B150DCF12E6DA
:10F08000D0E91211234EEB49EDEBBF663FF40CE5DE
:10F09000DD32032CEF0D10F61BD7CD37D73E47F8E6
:10F0A0001803F1E4F506384AE1DD46FA2ECBF1000B
:10F0B0000D6033E1DCF73EC701153CD828F022EFA4
:10F0C000FAF0DCEF22202B12F9F0D1F8F0D125CFA5
:10F0D000264D1E43DF2D0ADB0BF1154CEA16583A7C
:10F0E00044F80BE63DFDCE18C318E1D6F90403043D
:10F0F0001ED80D320607E9C3C1E2FB34542520D5E2
:10F1000040E61E281029E502E41F2904093A1301EC
:10F110002B08EC093412BB2817E01A462E19E023FD
:10F1200039CE29312005316CD700FE0E2FCD30EDC0
:10F13000A510E7D71009127F19033F521AD213BF47
:10F1400036D8632E0507177FFBB648FBFF13F38BFA
:10F150001CFBE9F6F8DC320033312A2238510A254B
:10F160003C6C210A3E4B35FA2F4C35F023D9E9107F
:10F1700033171C171B27161F080D21143E05F148D5
:10F180002FE13F614C16102C2025FABFF33A3A0FBD
:10F190003D015354474FD20EE302C93BDF2F3027C6
:10F1A0009E7240F9183EF3EB37F85416F80823CA5C
:10F1B000C019EF290315FBD5D7C8B12F3A1C3A1A4D
:10F1C000E9C32734B6442D201EE9170D1BC3080ED2
:10F1D000E44C1065FF5F27623837155B114E0FDB7B
:10F1E0002C36F8DF3D1E2106F313F907573E182D84
:10F1F00024443B66EE32113D30E1EA2FAE1453FB5E
:10F2000015F60E111A2233E1681B59A60F2FCC08F0
:10F210002AF1150A37C7F2E7B923EF393F12313522
:10F220002EE5FC4119093ED25950FFEB37FE07127B
:10F23000F50BBEEB2F11330E48E8FF4DF0F10E3EFB
:10F240004662C906B100E23DD0E65DF70C580E2FCC
:10F25000BB0E40674A12014DC226350111F04358DA
:10F2600025E2612A0D0C1E7F02B44A0404E7F093E4
:10F2700037FCE8FEFDDC2B06FF311C0F315200305D
:10F2800033670D013E4639F925542AEC29DEF11980
:10F2900025132434041F1C2D1213141A34D3EC40EC
:10F2A00030E9385A4E1B13231D1DF9C0F63B3E139F
:10F2B00042F953503743D006EA0DC737DD350631E2
:10F2C0009C712BFBF323F5E631FE550FF60827D290
:10F2D000C214EF1C0D10FDD7BFCFB7262E17372055
:10F2E000E3C22D32B633212013F3040214C70411F4
:10F2F000E3440363F9581762383BE15A0348EFDAF5
:10F300003230F8DD3119250AF113030C573820305B
:10F310001A42345CF64E053B2DE4EB1BAEEE4EF389
:10F3200017F93D17162B30DD621D54AC1723CC0F97
:10F3300020F5180C14C5F8ECBA2BF42E3E160E3B33
:10F3400026EAFF43360533CF5750F6F03BEF01076F
:10F35000F304C5ED25143A0E4DEBFC4CF3E71545CF
:10F360004B5CCDFDB309DF38D9E94CF702520328D5
:10F37000BE063B6760120F41C01F2B0119F43E53BC
:10F38000FE0000FAF7F5FF00FEFEFDFFFBFEFFFFAB
:10F39000FCF201FF01FF00FDE0FBFF0400000000A4
:10F3A000F7FFF501FB00FFFFFFFEFE00FDF9FEFE8B
:10F3B000FF69FAF60101F9FDFFFEFBFFFF00FD000A
:10F3C00000FEFA0000FEFB00FAFF00FDFDFFFEFC60
:10F3D000FBFF00FAFEFCFFFCFFFF00F9FFFCECFF67
:10F3E00000FEF9FFFC04FDFE00FE00FE0100FAFD38
:10F3F000FFDEFCFC00FDFCFFE9FB00FC0BFFFBFE5D
:10F40000FDFEFE00FDFF01FB00FFFE00FEFF17FFFB
:10F41000FEF9FD00E600FE00FFFBFE00020080FF9B
:10F42000FFFEEC1EF8FFFCFFFEFDFEFC0000FE00F0
:10F43000FFFAFCFAFF44FF0017FDFE00FFF7FAFF9A
:10F44000FDFCFCFBFFFE00FD00FAFEFFFFFFFDFCE4
:10F45000FD00D8075700FFFFFAFEFAFCFA00CA00C9
:10F46000FDFFFFFAFC0500FB00FAFDFCFA00FFFCC3
:10F47000FC00FEFEF8E00004FFFEFEFAFDFF00CEF9
:10F48000FB000302FDFFFEFA00FDFD02FD00FDFE94
:10F4900000FE0000F1FEFAFAFEFEFCFCFEFEFB00A0
:10F4A00036DB62280105167FFBB745FEFC0EF6949D
:10F4B0001AFAEEF5FADF33FF2D2C291E35530626F6
:10F4C00035691D09384937FD2C4A32F223DDEE1526
:10F4D0002C1318121C2413220B0E20103BFDF34793
:10F4E00030E3375F4E120F2A1A27F7C3F53B360E6B
:10F4F0003B04514D444BD20BE908C934E02A2C2B74
:10F50000A66F40FD1737F6EB36FA5014FA0B20CFF2
:10F51000C319F0270710FDDCD9C7B72D391A3418E5
:10F52000E8C42334B7412A181BEA190B1BC6031081
:10F53000E8431066FF5C29603833125B114D0AE323
:10F540002F34F4E0371E1E09F614FC0659391A2D23
:10F55000213F385CF2280E3E2CE3EA2BB5144EF81E
:10F5600012F30A0B1C2130DC641959AB1031D3089B
:10F5700023F111102CC8F6EBBC20EB3438142E35D7
:10F580002CEBF73C140C38D5584B01E532FE071034
:10F59000F708C3E8280C320F46E90045EFF50E3AAC
:10F5A0004260D007B601E336D4E855F50C540B277A
:10F5B000C10F3E684710FD43C7242FFE14F1405190
:10F5C00041BCCC3C29DFE7C8BCF413F7D8FA30FAC9
:10F5D000FDCD52E902CDEA145C2BFEF6D2C57F9B2D
:10F5E000FDCDF124F4BBE4EA09BF24EBBAE1A4CADF
:10F5F00062EC0EED703B1BD5B1AFD829CE265C1264
:10F6000006FB3CC0D5AEAAEA1554DE1ECEE907F5CE
:10F610000C1AD225E5160A00E24EEEC43E0E389DC5
:10F62000D3E1271EFA45DC06F24DCE671425D3BD83
:10F63000F12A0424040BA8043E1EF205C204FEBDF8
:10F6400047B5E523423C31E40E1DE24EF0D617BE2D
:10F65000CE340A0BED004D150DEBF1C934343922CF
:10F66000D1E5F3A74033CBC7F100158402190BFF96
:10F6700009F11DFFC7393523CDF22803CF28EF3C10
:10F680000D0211E146E01806F2A6D9F5E236CA9F4E
:10F6900000C3B5E3F61BB915EFE40214140E3AC328
:10F6A0001C081AD6283FDC2BF0E7ED26F321374E55
:10F6B00001473A17070ADC4C35D128C2533ED61A07
:10F6C00020F24E0110306337C8BF0E702DE03EC0EF
:10F6D000FD3124F818CCC4FE3217FC3CD6C44CB81B
:10F6E000EF24299218F009F1271CE946F5ECFF0DEB
:10F6F000BB1814240C311FE8E3920DF8072E0B22DF
:10F70000FEFDD4EC9DF1F724DFEEF6120906F80EAB
:10F71000EA23F0FDE6B33DE8E51AFD0CDC02FDE16D
:10F720002D23C3032AE4D404AAE3DFF43507F3F856
:10F730002F23EFD6FDB1E5F7F90711ECE5261739D0
:10F7400029E4001010C4F2DF13E7F8C6C403B53291
:10F750001DD936D2350710ED1B3728E10D2EB536F1
:10F7600022F92F082D2317B70C1EFBDDE0233023D1
:10F77000EBA4033B3328EB1D1A1FD8E50638CD2137
:10F780002131212FC5F5153033EB152FF01A363402
:10F79000E2FAE9C01413F511EEFB37192FF7E01C5C
:10F7A000DC13A515F62419F03B1E11241DDD1400F1
:10F7B000E71BE0E20824331D141BF51CACF2C6F96C
:10F7C000F52420C3DCE126F907B82CC7E0DF04E309
:10F7D00007E00D1196E1F2FDFD0AECCC1CCEE3141E
:10F7E000D7E507D1FC36368B37192C021B1FE311E6
:10F7F0004112E92ECC37DB80143FB5CA33F1D30672
:10F80000E03CBAF8D6DEECBC34FF0E0900301CFB3D
:10F810001E1A16331640D2E2132D0100CF01EF1944
:10F8200009C924240CA72C05FC03D902FC124B1592
:10F83000EE0DECEA07D3E7273501CCE226CD39CF30
:10F84000AFF01AB8D81D27E8ED29D6F022C61BF76D
:10F85000E004C2FE0AFD34E4EB23CEED19E4F0E748
:10F86000F6D1E5162DDB12F0AD2590093CCE28FD32
:10F870001A1BEF2D1DEC22F9341FF518CDEB334385
:10F8800003FE06BA20D70C14B3E7F6C8F835FB3AE6
:10F890000F48E6E42ACD2CA8D53015E03FBDEA2D6F
:10F8A000FED2DCE0FEFB253132C1302AF1BF20FD63
:10F8B000F6341F02FEFC10B9230828181DDC37F8A7
:10F8C0002D2408FCFE2EA80EA6F90546D5F00CF056
:10F8D000E82ED6FD0AFC400008ECF3411511D619BC
:10F8E000010E1042EF0ECC12E309F8DBE1012EE528
:10F8F0001DF823044AD8FC021F3A23F93807EADD31
:10F90000370425FD4F2EEE5005FF262EF280FD0F09
:10F910003627C40602EA033C45CA2535401008BF15
:10F920005DF425CA2CE53CF5E8BFD8FA0FD64308AC
:10F93000FF09410432EC56F808EC222A6039063AF5
:10F94000CF2DF6228D224D4A430602150FFDC10C24
:10F950001119D717370426FEC4F31BEDEB461632F8
:10F960001CE3C607F5C6BE0ADD60FBC1E4381146DC
:10F97000014B19A83A03C3F0EDF258C10FEF03FC95
:10F98000D2E6D80DF54D1B6B07482F12516192DD61
:10F990001408E6E41738F8F51DECFBC7F874E1D855
:10F9A00024A5F911FF1321C5562C2F360F24EA3058
:10F9B0000BC35F33F157241E1C000C15456B1D0152
:10F9C000F53DF611ED34B4CE662FD99837F4E93110
:10F9D00026FEF5C6D7D4E340D1F1F03ED9E6CC51AE
:10F9E00015F1E9FF0F2716290FDF20FD2A3EAAB3E4
:10F9F000050DE2FA013BD412F4F5C7DE8701122EA1
:10FA00001111E3CCE852222C1FCE6CBCFD293F2CF7
:10FA100053F5D8D2CDCB45F82EF203B2DC1A180A32
:10FA2000AC061F2800FA55C80ACD38412B5413EEF6
:10FA3000074D5E06FA05DDD20D7FF51049D505406C
:10FA4000ECE5F509EA204B3409CCBDFE0C4359F432
:10FA5000561E6FFA09C2681EF9DD3B576008131F76
:10FA6000D04CD943C5E100222600C005B0FA03BA44
:10FA70002B4FF549654C1BCB08A4D9C115580D0572
:10FA80002E3E31DE279EB93F081946F6F73DD7F4E2
:10FA9000B20027C024F39D340AFE14E0F2C642CD22
:10FAA000C8F4D018624656693137F10A6A34A8DEC4
:10FAB000F503DFF4D708160D3218B2EDEFFAF7D4DC
:10FAC00018BBF4E31719E0E25FEBFD6EF825E5D80B
:10FAD00001202AE1A4F045D7ECB123E3091F220459
:10FAE000F5F9C7C9DC24012235CD35A74BF2E94031
:10FAF00060EA1F271705D95EBF42235AAF26BD38DB
:10FB00000B19EE1337D34047E4D7E2CC1D1CD3B812
:10FB1000351FDFF022270A2D35E6C50FD73341FA0E
:10FB200055DAC8D042564E1B07182EA5C61F111015
:10FB30007F0C0DD2B5C20043C6B2ECAFE936F90670
:10FB4000BCE21E4317E30EF7DC9914374E48559B71
:10FB5000112952D406EB2C271A49C624F5C3D4F632
:10FB6000EEFDF6EBF30626D13FE7C9E7E746DC53A7
:10FB7000CCF01A36421BF1E3FACCD1DDE1DC18DB24
:10FB8000EA00F90B98B9EBEC08C7FC0E14054C3BE6
:10FB9000242B09DDCD06111BE53F000DE205E8A091
:10FBA000A41F93C2E723DEACC3D39B0EEFCDD6D9FF
:10FBB000C2EF13D4E2D9FAED5228D4F60AF2DEEA03
:10FBC00013FFBC3D0EB6E92FEC1AACD0D6C6FD4CE7
:10FBD0004CDBF5D801D5EA333A202CF3F6D313E306
:10FBE000022D472044CA169FE54417E7192517F34D
:10FBF000E1D539DF0EE8E6B509F8D4CEFFCF2256BD
:10FC0000F8FB094DD7F2D813E2B9371EF1C804BC8E
:10FC100022E50380FE0326A0E556FAEEFFE9000682
:10FC2000F623B2E2F5F8F3E9DE25F343F8BC40EA47
:10FC3000062CE5D800DE2D3B40D2EBF8EF16D816A7
:10FC40002EE339B243FBCC32D0A21CFC0A27282277
:10FC50002D075C0A95EDEB061C56E0C80019132B26
:10FC6000D5BE11FA443118C91042011E088FE8ECC4
:10FC700010FDB7CB2620D0D22AF08FEBF6B4DFDF11
:10FC800034C8EF4C30DD238BEFC1F023E0CB5F3382
:10FC90002C402AE16108CAFFD953F12DAFB25FE7CA
:10FCA000B9B5F8D604D2F2CE123B31D13FFFBE55E2
:10FCB0003411CFD5550D44DD043FD5E411FBEA32B4
:10FCC000C7F73BEFC4D9F20BE52CD40710EC4C1A64
:10FCD000B5F10D4D0D39F35325F121103F1931DBED
:10FCE000E8AC36542A06227BB942EE5F64C62C3952
:10FCF000C4F334DA102C330D12CEF74603F8F91A98
:10FD000057F2D4CA44E00B01FB133FF900FC0BCCC3
:10FD10002F6F5ABBBAABF4E4FFC9FDCE34CF30E449
:10FD20002E290B0910D8DA1E07AE1108AACD15A787
:10FD300013303A1A06080FA61E22233D25D85D313E
:10FD400007F9D90A4CF7E42FEA06CBD1DAFB01F622
:10FD5000FACD3CE92F4A20B3BE1A37F95139E7AE44
:10FD60003FCC0AFB0700FB4E052E36BE084E2A3755
:10FD7000FB58462A48DFB2310EEDE1586420D90F16
:10FD80003BC4195D36362861B73AF237DEE84DAB31
:10FD9000BF1CFCB40531207F3356F72BF3F0E6B0DF
:10FDA000281E2019E51941DC4885F8283417E7B0EA
:10FDB000FBF522EF09120A3922C93F09D3E7352999
:10FDC0002526144EFF061052FC5FCD1DEDF122FEDC
:10FDD000364006D30BF157023D28F6C4F7D5E2F8BA
:10FDE000A7C316CD031A28E5065CBCA6E1415FF265
:10FDF0000A5129FB38481D28B7F9D40BE733201FD7
:10FE0000CBE5D7E6F90F2CE83FFAFD041DA5020D5E
:10FE10002FFFB33FFC10BCB9E1E492D3E14829E9DC
:10FE20000581EBF8361143CFF73DFD213017312E18
:10FE300020E427342F3E26E550CD33E80CD80DCCF6
:10FE40003239E4BBFC55B61BEA04232CCDD735D49C
:10FE50000B28D548B1F9B3CE1E3FD1180533F43E77
:10FE6000F3BCD3ED4CEB153D34DB3CC32943E0EB55
:10FE70003D1EF2FEEE0818EFBEC59F53FBF1E8CC25
:10FE80000AD7FB1DFF38FBC74318CEA6D718EF20B3
:10FE900001F2A529C9ECD7BE4C154CCCD4DA115EC1
:10FEA000CE2E463FF03A371224A6E9E416D458F98C
:10FEB0002AFC3D361CC6CA41D05B0805570914EC24
:10FEC000299BF25D6141C79A2DEDD7E1BDC6E70ED2
:10FED000FF061BB272A7A0EAE9021760262D50DFC9
:10FEE000E546531C53931CEAEBB843E7FED6C9F82A
:10FEF00069290F7FEAEC053B2F4D6D70E22B19E667
:10FF0000A1953D9FF4EF25C80FDCC4DD2E20602EA7
:10FF1000DF1A9E103C50ED46FF4EF67D4FFECEEDB3
:10FF2000A6325F67F518373E3F1AAD3B6B032E2BA9
:10FF3000A658D41E9F2B51F54ACC8B52D30C2C03C0
:10FF40004330A0265B02512CE5B8E62AFBCE561FB3
:10FF5000203FED00BEFB1D86C34EFE9563FF575448
:10FF6000D0BCD8E726031D33C1C325E3F7B7FAF6A3
:10FF7000617BF52E2164FD9C3028D7E0D81369669B
:10FF80006C33DFDEDC3C0E46B24429A433C0D4110E
:10FF90005CA15CF7DFF6E685B7A0F76564D358D1BE
:10FFA0001D19E537EA41E7C9E3DFE83EF461EC55A6
:10FFB000DE5DCF29164116370EE84745F212A43907
:10FFC00071BA041627E31370A2DAE84FE9D7DB0A07
:10FFD000F85BD89FED4A2A5CCB155438681102179C
:10FFE000DC0EDFDE010E524DFCFAF67AF91C01CB75
:10FFF000B229022FE3180B469B1BF01A1DE4F216E0
:020000040804EE
:10000000C63EA1B7485D3C3E0A59F4E6601C751F28
:1000100004DBD093BD06F0675853EE10F6B51A26F0
:100020000FB9E4EC68EE0FD7EBCD0AD850F2633E7F
:10003000FBCD2103EFC741E14BD3DD4ED83AF33F6F
:100040006B29A2349FAFF39EDC3607FEEE2EC7323B
:1000500026005FA054316F3BC9F2340933D0584DAC
:10006000C12C39CF3347EE51E018FB101A57FB1A59
:100070005626E059F6FB1127E167AF5CF42CAB255F
:100080001BF543F641284575F3165342DA2BF62744
:10009000FF19201B2E05F7EF0CE2FFC24CB807F545
:1000A000DFFEB936DD39C7FF28334758E1C2EA32EF
:1000B000E524E1E4C6067F6A1C3871C75823E2389C
:1000C0001930073732BA0CD32D12E7EC07CA2815BE
:1000D000B4EE15D5D90512D3255FE344F5DD1C0137
:1000E0006138BACA224C2329634EBBF9000520D5DA
:1000F0005CD8D14DF330E3DD592EEAFC1DD6E35335
:1001000019F0FAE612F3FBFE16186555641A080793
:10011000CD3B99FE2A612D46B815FB28116EB751CB
:100120002260E2FED520C839B957F1A424684225DF
:10013000FDD81B2A83E5BD6072140AACEF042AFACD
:1001400022D3DF095B634EEDF213CC4D1A51F75801
:1001500046B8F7110ACAEFCCDFFCEF2FF930560F83
:100160001D3FCA39BAE9FBBC3CD912B7A4332920D8
:1001700017F7370D7038421C184520045DE8BD1A8A
:100180002EDE1155F6CADC1808F7E9C50A4B2829F6
:1001900025D8FE60E64EF7ECD14FB2FDF72923DA01
:1001A00015CA7531D2BC003508F60904FDD702FB2B
:1001B000DEFE11F0F6E6DE055B2229AD2B9AE12C7E
:1001C000B43DF40FE37F3FE570060660E227303769
:1001D00032F3E7F9AC1C3BF3566035C6F34D084EDD
:1001E000DD5E055208D312EB19F4E43C709D23FC4C
:1001F00002D13C28141308E05A4A1D0137F2484D39
:100200004508D9C6C041B924586135A9E5F01E702A
:100210000F183527494C35C937F8DDC8E106103FBE
:10022000CCC30D0704BBBFCFEBFEC8C0FD8DD0E033
:10023000D5F66BDAB3B4CDFCCBEEE66B0829E2CD94
:10024000ADA20CC9BE14B46D11BC18DEB1F5F6E157
:10025000198017D63DCFEBCCCCB20135162F4E3FCF
:10026000F6D1D8E4F9CFC8DFDFBCCCB9D6C3BE2EF7
:10027000D93120ECF8BFC33EE3F9FDE3CEF5EF0939
:10028000D4FEB6C2E912EEE5DA00C46B4DCFD7CD8D
:100290001D0FEDC0F603B5F24DE7FA4209DDFFFE92
:1002A00035C19FF80DBA15ABD5C1B4ED5989BED291
:1002B000CD4D07EAAEE709D2444025F3FAFAC1D39F
:1002C000ABF89AF2D4F0BBC508B7AAF4F7E00EC7B2
:1002D00002D6329B1C2EABE386459437F528ED17EA
:1002E0001CE65AF51912C0C4C10CD2F8A639DC9B21
:1002F00059EDB07BB4FF23E8E00BD2E430DE8DF79C
:1003000010D9434B06E5C5FE0E3BE91FE54FD4353A
:10031000A99EFFEAFC39C19628BEFFC4072C042D14
:10032000C0BC1BDDAA4D3711B9FD1A46402A35B9AC
:10033000D52334D9FDE8A3E5BC3008BCA7E1BFF65E
:10034000380943D8EADC094EC69B29F911B3FDC729
:10035000FFD7B2E8B1F202C9D2D425E43B31DEDEE8
:10036000033AD50CDE5E48112E40AE31EFA7ECC447
:10037000E2CDECD11BFBEC160800F1EB1048A922F2
:1003800022D5DF37430FE84BCCEE28B7B74C262AEF
:1003900029DE25E20BD8A5E0EBC444E6E6CAD2127A
:1003A000AC59EFBEDE1AD8D04B054BB6D843F6C7D2
:1003B000FA03D7DE3504C1CED6BCBAC90E25CAEDC4
:1003C00000D1BF36C64D03EC480EF842B8DFE7F760
:1003D00000EBC644E127E86322FEF219FE13DECBF0
:1003E000E7130FD3F3E5EAFEE452CAF13E70E71ECD
:1003F00035BEE006CA01A5FDF7C0E20FCAD127FE4F
:10040000B5E1EADFF70A11D054DEFBC7F42189CC4D
:10041000DD30DCC4F838C8A2CACEA1FEE1FDB54982
:10042000F30CD2D49AE618C714BB43F70C18EB01AF
:10043000D5D680BECFBE23C013B0D8E1E1D25817C5
:10044000DEFDEFDD90D500DFD5B91EDD1634F21DDF
:10045000D6DA4E15EF1BC4D7F832E3DDFE2A052E9F
:10046000000000000000000000000000000000008C
:10047000000000000000000000000000000000007C
:10048000000000000000000000000000000000006C
:10049000000000000000000000000000000000005C
:1004A000000000000000000000000000000000004C
:1004B000000000000000000000000000000000003C
:1004C000000000000000000000000000000000002C
:1004D000000000000000000000000000000000001C
:1004E000000000000000000000000000000000000C
:1004F00000000000000000000000000000000000FC
:1005000000000000000000000000000000000000EB
:1005100000000000000000000000000000000000DB
:1005200000000000000000000000000000000000CB
:1005300000000000000000000000000000000000BB
:1005400000000000000000000000000000000000AB
:10055000000000000000000000000000000000009B
:10056000000000000000000000000000000000008B
:10057000000000000000000000000000000000007B
:1005800026F7B9F9735A1CC6EAACFAEFDAF6E710A7
:100590007C3A2CF0FFEEC1EF39DE1336011D24C981
:1005A00015F85821BAE2D602FE0E512BD8C7A5C9BC
:1005B000F84401731D5639CFF28031341226472E8C
:1005C000BC2FE70EAFC7C0190E3E11DCDB0BE0E815
:1005D000CF2CCC272A1BD1E7A0EB14CB19FE428CE1
:1005E000E5F518DD623626190BC9EC137BD909E055
:1005F000B462AB61B109C8FF4614BE22F740E8CC33
:10060000DC9AFA0FE92514C816D41AFF25D33DD673
:10061000CD2447D24AF5F3BC18D434DF16C64802BD
:10062000E525F6052030CBDE34500AD3D4F5E1B50C
:10063000001D05E1C76653BD06DDC63AA11AF342A7
:1006400009CC2B0B5CABDF56E8A6120BCC371ED3C4
:1006500052A1FC3A4FFEA9B1C6BBB005D50773E65F
:1006600024D90A216A24090A0D0C3924253824F2D8
:100670000AED22580240C55EEEC95BBEF409D32ADA
:10068000EAD448F50CDC37D6B6B459F242D21C1085
:10069000DD25D8CC3DED3AFDD4432E1A10C60AE52F
:1006A0001329DB83D20A1C3A06FD001420D6024629
:1006B000B34032103CED1A22D8B6D7211AF9DF190F
:1006C000EBE8E120CF03122716E628EC15123ED7FF
:1006D000ECFAC8E70B16F802EBDD2D07B5302AF669
:1006E00031ECA62629F9F83AB55404DAD935CEE426
:1006F000D002F29EDFC7F91307EA3EFAF8E414FDD0
:1007000038D6E6F615E60FF9160D2928134CE34303
:100710003BE1FFC9E4E91EF90F4D18B9CE0FF945C9
:10072000F3090D094028E0D0371D2E49DC5204F2B0
:100730002CA53AFB1E2B12E013D9BD1321432DE348
:1007400021DDDE30FD331620123220DDF840F0EDE1
:100750002ADD0DB634EDDA0F1A4F43DA1402DAFB54
:10076000DA2FB008010AF5D224D8F2DA3844F22D93
:10077000DE041FD81B262B0510E7FE12EAE6C5EEA5
:10078000DA2203BBED15F93DE0C128E0CF03FD18E7
:10079000FDFA32C5A9F92ADED0E428D221F90E2BC0
:1007A000A1391A0A053B43832A152B27F9582FC470
:1007B00049303D1513092580F814BE0F35BEC40419
:1007C000F822F01C095EF51804FFD319C62EB3D425
:1007D000FD25F215E309E207322430CBE8F7A70341
:1007E00069E4F5F1DCEDEAE2E8DB1311F62BF6E360
:1007F000E4634732EA32112E07DEFC0739BBED19FC
:10080000EF32F606D05DE4F7F1B0F6430705D1F715
:10081000F7D01FDD92D7EEEAEC0BFFE012281BD0D9
:10082000F40B144105F8BFB70BB0190416F13AE008
:100830000E26CB4AC31510CDE92EC4B221FDC5F753
:1008400096D11A30AB11BAE90EFEF711F3D421F7A5
:10085000F0E302272D07DD09E00329EF92EB3136A3
:1008600014BF4C68AFBC0CE1C256E033F6FC060D79
:10087000C8EE32C4113C0B0BFFC4F7C9F123F0A939
:10088000E4D932CE1EE6FD0124170FC3DEF60CEDCF
:1008900022DE01375CCACF1465EFF135FD2161F727
:1008A000BEC5FFFBEAB2E6E222CFBA636CD9D01331
:1008B000A5EBC93CCC28210D14064ADAEDF6110649
:1008C000D7F7DEB9F4AFD8D1DCFD16F280D0EE2434
:1008D000BDAFE1F15FFA5BD3F1DF1FF4B8F2D1F8FD
:1008E0004CBBC2F5FE15DEC5DCC0DFBFCEF0510744
:1008F00020F24DA661AEFCD31EFA1867EFCD65A1BC
:10090000F8E30458BDBE044E55C51226AAE5A7D883
:1009100062F4C923462121B5B0800C2003571F087B
:10092000BCE20FD3C4CEADDCFD5017C5D4C50FB6A5
:10093000A15CD6D451389142B31E39D644DD138719
:10094000B6BD10FC336543730132FA5D481FD6E82B
:10095000D112931FB4F5B8173CFEC919D24817A994
:1009600057B3EFE44F255EC903D3442947B8E48A5F
:10097000EA1457E7E6DB51BAE5B917AF6CF713F4A1
:10098000B61DBBE42C5DC7E63DEBD89EDFBF1DD294
:100990006332FBF2D532F5EEF510C861D018F17F65
:1009A00044AF000C398CE63CB1C4BAD2FE4DC896B7
:1009B00039CFDB4AF00E8ACDDAB9A925D71A0D9BBB
:1009C00045BAE1DBF575EB2EEDD03FE7F0562B177E
:1009D0005E281DFF06D8B31D1BB81FAF0C32D02CEC
:1009E000AFED5F70660F52F2CA95206461F454E572
:1009F000CA3F0D9BF10AF72AD4481A4944C20FC2D4
:100A0000EC27ED02BB02F13D64385744E9F1C429FB
:100A1000E2CFC81BE2521313F33A06CA424BF43D2D
:100A20003C05AA0904072F10FC520FC34BF9116AA9
:100A3000D70CF996BCE7353E4A56E597CCC2213E25
:100A4000131C39EB672EF914DE28BC480FF836600A
:100A5000F81E243D1E18ED164946C8E5E942D75553
:100A6000F4F5DB0CBEE938C51B3F40059E2C40E683
:100A7000EF0D6AF13C525A09D3202732200EF2784A
:100A8000E34B1C302A07061D05EAE6E11851F86021
:100A90004733ED302F1EF22A4811B0F0B006A4F310
:100AA00041E1F110D91E37541CF8FD2CEE002DE663
:100AB000C5D1F6431D8F1633E109541058FDF91ABC
:100AC000E918B1F5B365E1F6524BFB1228DAEF06EF
:100AD000BF08CAB3BCD67FFAE327531D3F200B20C3
:100AE000CBFD1226E2C32512FE39BED9E11C16DC6D
:100AF000F10B3A17F4DC33D9FE1D283FCCA751B9CE
:100B000023F02CD61260CF06306EEEEB07F0EBC66A
:100B100042D6FDF80142EFC8D90BDED33231FB2BB0
:100B20001C7D14E919454B2E37FB375755F9E1C4A5
:100B300011DCDC32FB2CD02BA9344F0DCB1AC7F5BE
:100B4000D621C3083448451507601C1212014E3ADD
:100B5000DEE95FDBF1BA43075D25D99DD1E4F7EF0C
:100B6000CCF4D5E82A3A312904FEC71759F15A6D59
:100B70002ED920E3CDC157AD233ABEF9AB1E137178
:100B8000DF20AB001CEA42F52B2C122585313E1BE1
:100B900011C97B8961FA3B18A7BF5FC2F3CEF87316
:100BA00019EB48FF313316EDC30926FE1E28374ED8
:100BB0005A06EB200003D4E7EA20F15CC2F6CBDD55
:100BC00049D94F3753B5E34CE509462F3C3326F45A
:100BD000DFF843FF0295C1E31618E71E5F9D59FF3A
:100BE000E56F80DEE17339FEE9295F4B562C4268E0
:100BF0000DFF32F09CF11536EEF1ECE33D31A447E8
:100C00003643DD273BB520DE23F3B89EE9B017F667
:100C1000CCEDC2F92D103BF04C6E166120B459E0BA
:100C20000CFA01A4D01FFC2C101A28FB0F0AA610E6
:100C3000211EDF770E4D39A94348F6B0280239EE60
:100C400061C0E805130024BAF8D7FBA7C00D19F25C
:100C500024F909DFFBC3CFC35E060A04F6DD11AB3E
:100C6000B4DC1B51CC01D0F005B9F7FC97EC9CDE4D
:100C700053BB9FEC245143E6DAB02C08CE6D0DFE39
:100C8000AFE73617B0E1C6D6DB5435B2ABEA17E8AA
:100C9000B446CF040339F43EA222F4D822CF33AABB
:100CA000DDC43824180D2E541D1BF65525119FCC7C
:100CB000FEDCC91399DCC703263202E9E84B2F9CFE
:100CC00057BB01CB321E1DC718151F07DAC004DE43
:100CD000F4056804CA2564CE2EC90DF213E2402F34
:100CE000B6DAA1EA061DE6143D26AD80D6F0C5C2EF
:100CF0006ADDE802C75612E215CF036DF9ECE7147E
:100D00004DCEFC0E1ECF2424A6FCC424122608EBD4
:100D100048B4C4490349AAFEF7EFB941153D05C4DB
:100D20004AF4DF1F2664250805DD37FA341B402A04
:100D30007C0918B23E09F2E621FA541FEF2AB140AD
:100D4000BCC43364180403F1B3EF23531A1A59E9EE
:100D5000ED5436A5A4C10AEFCB32593233C0E5D5E4
:100D600010590DEBAE1417FFF519EA5ED1493A326E
:100D7000CEF9345F33072267B92945123604E250B1
:100D800037E6CCFDD5D93B4C2163363121FF004BF2
:100D900055D001F33BE8321BE566ADF6C4E63857A3
:100DA00045E2F1321336EFD7BAE9AF38445078EF65
:100DB0002159F4180AD400E46F059314F20AEA43A7
:100DC000C24FEA4FE50421373300FF2DF80ED44619
:100DD000D31528C8FD505E370DFCF0B8B45DE2F2C3
:100DE00041DDEA0714DF55261045DFEC0B1CE87ADD
:100DF000E9F8D444B7230BE5CF3DB1610E3EF3BC17
:100E000004304A37DA480C7F45E823C947A759F52B
:100E1000B4643441D202C34700FFFE2C2BAD3D51D8
:100E2000E9159812FFF7AEBA5A1827ECF13AF73CD9
:100E30004B083234A5117B61E053E94FECFB251FD1
:100E4000E46BEE5ABB27D411EA28C2972CB5FCCA32
:100E50000CE7FB08A7BD622CE63AE2120313E6D4C6
:100E600040153BE0E31B04FC226CEFF0396230AD2F
:100E700012D6D8F4394025BE072046066B114BF434
:100E8000EB271655E5ED182D3B19461E4D30DE06B5
:100E9000DA10CF3E08260E60C84D02EB0715C905D3
:100EA000221FCBF2781EEF07042DE6D055214931E1
:100EB000FAFE3FBDC5E107585E67DADB24C6DF05F1
:100EC0000F245F0322516B0345F4F906351C373AB2
:100ED00046DE2F490E1012FE32130167CD0BE13AA8
:100EE000081FC917C5C7EECD100617EBC80B740E47
:100EF00023F83BD2343058FAC3EC171710ED4F32B9
:100F0000EF332429E70FDB63E012D8CEFF16FE296A
:100F10002C44E114360AD9140E52C225C5F9D50362
:100F200035EA24172AF5643112FA1E4A0EFE1E0B0A
:100F3000D338485A12B70522F3093BC416AE57FB03
:100F40000C36E80DD94C0AE4234C210FEFE6155A74
:100F5000EA1D21D5DCFC4306F52D5E177EFFD82A5D
:100F6000F71B065BF7D6011B0847E22311E606F0E4
:100F7000FAF9F62C54EE26D33646E47F24C926D857
:100F80007A10D1DDF723E367254AED00FE04D90787
:100F90001613141CF51D1B3B1CEC020A2134371AD6
:100FA000FAA603FE2148F518DEC2D3F1D7DE40EAE7
:100FB0003AE933CFCFA32ABF631E4815BAC4380617
:100FC000EED3684410D0E1093EAD5A4CAE26800BFA
:100FD0001F121D2E5234C5BAD78F2061FA4549E041
:100FE000F70812EE1308D3141723DFE630E1C9AD7A
:100FF0009753E7384050E605EF0421F45A131FCA0F
:10100000DCD436E9EC432604D0D40EE866F018F8B8
:10101000C562A847D8F5ADE2773EDE1B4F3DE693AB
:10102000F0AE0EB9CEFE2DC03AD957F4F0E81BEA67
:10103000C1F7382229061BEBB4F4370A20C25DF74A
:10104000DDB8DFFA2B3703D0174C1EAFC2EE120CFF
:1010500015E7CB1BCC3000F01508D2FA907FCB02FD
:1010600022A76DF11C8E0C3CCA0B0EF8FDF7ADFCEF
:1010700041AB6F311D3FB4EF03AABBE0DE1776AD85
:1010800031F520EEF810DFE1EFE52E596C06F04265
:10109000374B2D1AE76DC161F2E4F01A3458C15490
:1010A000C7BAFF4038CD4603A8BB3951FCC44F1A1C
:1010B000ADEF17DF47E1E2370F06FBE8EA0E2B083A
:1010C00038D8652EFD03177F03B445FA0014F48E5B
:1010D0001BF5F0F3FBDD38002E322C24365411289A
:1010E000326C1D103A4A37043B5030F41ED9EA1BCB
:1010F000300F17131F1E1A1F080920103907F04858
:1011000034D640614F09102D1F2AFFBFEC393C092E
:10111000420A56574C55D30DE202CE35E92C292D03
:101120009C713CFA1741F8EE3201551BFD081FD0A7
:10113000BF18EB2A0812FBDCD2CBB02F35223C18AB
:10114000ECC22630B546321D1CEB190D22C3FE0F32
:10115000E24A1763FD582A64363C165C17500DD4DA
:101160002C37F5DE402A2602FC0FFD045A3A192ED0
:1011700024493665F32F0F3E28E3E935A9125101C2
:101180001CED0B0E212538DF631757A80E33CF0A4D
:101190002AEE100A2DD1F1E5B923EA373D132F3895
:1011A00034ECF2441B1743D6515502E32F020910C9
:1011B000FB0DC6E42C0C2D154DEBFB4FEFF812394F
:1011C000485ECC0BB40AE43CCEE152FC0C510E223A
:1011D000BC1841654210FD4DC726310417E7435A3C
:1011E0000D39F199E22E2AEC1427F117FEEFFE08D3
:1011F000CD050D11D51E213509C506D12C29CFFFEE
:101200000F1BE2F4961B183321F52B0BF90E230C60
:10121000121D1CF5E8C31E3306050418DCE915177A
:101220002C13800201FE171ABDE6041B320B020AC2
:101230002A09F4C301BFF9E613E201DFFB291F25E8
:10124000F509D02801F900F329191BC9DD15BD08DE
:1012500016EE30F9141BE52CF73232F70A1BF2EDCB
:10126000ED162B2B08F1DDA3F5F903D7DD23393C6F
:10127000F0A9E02435EADB01FEE9DAEC0D18D71716
:1012800031FD1A2BD3FF0EE9F63328270CF7F5FEB4
:10129000DACBDACB33D70C12EFF03CD720CFF9E51D
:1012A00000F3ACF5DEE60AC514090D381B17F6DFAE
:1012B000093BF30E11F404081F1A1BDDE034E1347E
:1012C000FD1507FD1BE3EE2A06DFF8D119DD31F22B
:1012D000F81B20DDADF0240BF41F17F20200F90D0E
:1012E000A5120FFB1001F9D80212DDE6292FE8F84C
:1012F00021F2121AE9F9DE9BF92ED7FD0CEAE70478
:10130000D61DAC09350B02D04817FB2D13DCE04588
:10131000FBEA2B12E82C932C05EFE3F3B5F921D26D
:10132000EDB919F3FE94F213F3351BE41CF6024BEE
:10133000E0242B25DCCB2428FD030F1FE5FA1ED269
:101340008ED31F910C121CEE19CEA5174BF730400F
:101350002415DB0102F7E633F32EC43510E609DE6F
:10136000F3DEF54801B5D1FBF81A8E00BB04230D5E
:10137000E72F27DE3D4734DC08EB1D10CEFE2D0B9A
:10138000FF073B1CDFE8E83DE2F501AA011B40F83E
:101390003C1F04C05996E4F0FB30EBCDD5C82716AE
:1013A000460C3C3224FD18FF23FCF3EAD780DBEB2C
:1013B000F23CEC17F3E305C2022445E2F7C8EAEF7A
:1013C000EC0608D4D839FCD59F3CC307F3B1CC4A0E
:1013D000120D3CE7F7E8430E072005326A1D29DCB1
:1013E00002430B3C0DB7D604C22CE3FA31CFD1BD7A
:1013F000FD262B280A150BD419FA1D5812C4F8E43F
:10140000FBD5D810FFED20EC34F0D61AF1A20B5D1D
:1014100006B5E0E94529E02A3B0636FBE2F422AEB8
:1014200013BCDBD125FEE9BBBAA8B8C1E4D7180CC0
:10143000441150D327D3F2F4351D344D1AC33995D6
:10144000F4D93C2DBAF22D360FD32032A3D5B5FCFA
:101450002401FE2A321BECD9D7804E4D12573D1283
:10146000E7F115D6C7DCE5C9F919FEE8D6E3E7DBF5
:10147000CC4CDAF0223E9533BAE13DF44C064FC431
:10148000E0FE291E0A4D234AF7E8D65C3A270BC82E
:10149000B1539435B32AC5223E00D53E2A07FBB18D
:1014A000F9C4E60A431122DF1D09542238A2FBB019
:1014B000020E54F411F633DBC9E654B4461F56FC51
:1014C000FFFBCEF7F312A1C6171400DCF0C2D6E57D
:1014D0004603E8F0DC5B36044B12B149AD2A012625
:1014E0003EBE51DA4C920727BBB9F1F00103C09719
:1014F00012AF225E330EA5E2EEC0C527BEFC3ED57C
:1015000027B409C64C1B0CE9D6C64108F61B27F6C2
:101510004E0A092EE722BB18DFA73DEF1F17ED4546
:10152000E8FE0A3447EA03CAD7CD3D1D3AE1273821
:10153000CA48DF962CE30B11D8FF01140ECD09C069
:10154000FB664605F8C82F385E093D21561C292246
:10155000B5DFB76E220340070402D3B30E17041A97
:101560004A5BC9FC24575C30172517B96B5064F3EC
:1015700018B938FC90A25156345ED0B114F01A3428
:1015800002D7EA392408134AE333C1E124FFE41BFC
:1015900028CE5CDB26B3F9B43CC8ECD7E65DFB1083
:1015A0004C46CE0CF6920BEB42FF340EA316EF2EF8
:1015B00040FCE7991E504345070D1E00EEE41F7DD9
:1015C0003D4C082FE8E3152E5D0EA0000979266C2E
:1015D0002E0CC4604235FB032C4FC33DF6E3AB1F1A
:1015E00010D3334B39EC2C0E1CF5123F5D5637E906
:1015F000E4C2122C6CB5E35ECBD925F5FCCEFBD949
:10160000051608071D41D5A24F6E613D42BD1E273C
:10161000E8593B8EDD173E6F336934C2ECD21D753D
:10162000D3252DED2C155AE54DDD0BFB3BCB4D0C99
:10163000211B23E232D75BC93C692511CF9B38D5EA
:10164000105CD7C923180C1A2114D5D6E72FEC1635
:101650007F055B1702EB57D3294EBAB14AE3FDEE83
:10166000000000000000000000000000000000007A
:10167000000000000000000000000000000000006A
:10168000000000000000000000000000000000005A
:10169000000000000000000000000000000000004A
:1016A000000000000000000000000000000000003A
:1016B000000000000000000000000000000000002A
:1016C000000000000000000000000000000000001A
:1016D000000000000000000000000000000000000A
:1016E00000000000000000000000000000000000FA
:1016F00000000000000000000000000000000000EA
:1017000000000000000000000000000000000000D9
:1017100000000000000000000000000000000000C9
:1017200000000000000000000000000000000000B9
:1017300000000000000000000000000000000000A9
:101740000000000000000000000000000000000099
:101750000000000000000000000000000000000089
:101760000000000000000000000000000000000079
:101770000000000000000000000000000000000069
:10178000FF18AF52ED22F7D80736E7F0191FDA46F7
:10179000C1EDE918F947C7F2E61A0F2DD2FB2D0566
:1017A00035A6D7DE40D1EA11F311D8FBE615511169
:1017B00004D9F9FBF1DFE70A3647E2EE1FE801E959
:1017C000C7D448B9FC243BA62603B05532053908D6
:1017D0002F0EE2FDDFE5510E0AFEE4E511000C2AB2
:1017E0003EC8D652FBCA292DA9268A2BF0FAFD3A0B
:1017F00008172CDB0FFD3B1A0509E925CBE31DF883
:1018000044E8E519F024E64DE3080384E0FCFC1607
:10181000F329F4A41AC9EBD41A050AC5D49CC53817
:101820003AF4EA372E0F0A36E3A80B3EB280FAD517
:10183000E240FB3AF81730BDE8FE0B1E07EDE0076B
:1018400028EEFBD4DDD7BAF2942C0B38F8C9012B63
:101850001E4D021ADDDF281F41F01EF7492F14F735
:101860002528FB2B29DAE025B4F20BEE1FF5F80250
:10187000FF1104D9512DDBF0E22814330F0512E1DA
:101880004AF11EE3EE202521093BEDE60ECA03D8FE
:101890003D0AAFEBF9EC190204E522201A15379343
:1018A000F406C795EA3223B72E2EE10F33323731D3
:1018B000E6FB480C1D2D0C02DC8BF0EC1ECB2CEB58
:1018C00004D2330680CA2823EA150E29E6362C1DD9
:1018D0000CDB140DFC0726E7060EF72BB91C2ABFFC
:1018E000E90EB9B4C61AE608E537DE2422F511EE92
:1018F000C5E7D99306D93CDD0911162518EBE6F4A6
:101900001EDFEAE1E80AEFEC1C12CC02220CCB133A
:10191000210201EDFBED3B35143237E02825DEE2F4
:10192000DE4A18C251F5FED80FD909D701F3E4FCFD
:10193000FFAE35CF0709EABAF7F4DEA629F2E03C9C
:10194000CBDD170EB1ED18F4480A0C11CD0E2BF9B2
:101950001FF41DC4F21D28C9300FDEDF27F9C72D83
:10196000031C0C112717B919C1FCC4FADA1F4AE687
:101970003FCD07E421E3D240E7D1DDF5D2391F0D99
:10198000D3EA11B93628E04AD0D704FE2BE336F269
:10199000203926D5DE1AD0F92DE128CB1CF9D3D376
:1019A0009BAAE30A2D1720A44423E227F601F5C1E0
:1019B000333F06D2F80DE48515E0ED26DFC0F6D200
:1019C0001224EA26F8D134EE6D361AF7F4EEE70465
:1019D00034D8FF2C7A4FAEF8D5F027731ECE565D63
:1019E000FF5515625614370B12322A3A653769567D
:1019F0007893B4DA4419F7F4154CF4FCE41C6AD17A
:101A0000B3D7E65805DF07DE9455C31236472821C1
:101A10000758EEE732E445CD5D5D08380D5D364A86
:101A2000D6F60E48D2F613202C7505FE5DBFE537BD
:101A30001EF155E628572F1EB3E13844FA7D65FFA5
:101A4000192E50EEFC304E2FA44342F4DE62AA7FE2
:101A500037E46E06F4400E5417E9BE3E223E00B64F
:101A60002866D2300A590961E7971848E9DA272C25
:101A700018F2F70763F5EA2DE3D81B5ACAD45F368C
:101A80000BCA9E0020F8FFF82118FCDA20F9AB0FF2
:101A90000871A9F62EB1FD40FB4804422F6BCE4FD2
:101AA00017F9E62D2C78CE2939263EFDFC3051065B
:101AB000F20046F5B69C0D473E07003ADA3D35F098
:101AC000D1E7344A171C464E3D24BCFD7816EEAFD4
:101AD00034663D179B25E6D1006FEDD333E362F505
:101AE000FD11951DF6DA20BD0A06F7362A1AF939D6
:101AF000D5113E0F3009E2E9CA21DF37B3050E2ABE
:101B0000E0C800D32AB7C12507DC1EF045252239DD
:101B100014DA3FCE0702F349FC2AE2FB2EF512AF9E
:101B2000A4033EBCE0F8FFA61DE5D823ED09F6FCB2
:101B30001FE21537F539E81A0F44E3EAE03C07FDE8
:101B400003190341F6FEE245AC42BD3B09C54938E5
:101B50002ABFEA01FE38110CF5302EEFBACD5E44F3
:101B6000382FF9E136F2150F9EFF0CA3FD0207FC9A
:101B7000473B38CCE2C5E6EDEE20E4DFDE9F0726EA
:101B8000E8F8E3051DE73D35F2C51808E8B220F096
:101B9000D92ED24602FBF780DD1F590944C3E4DD8C
:101BA0003F1FD735F613F5CAA8F8B5E9F5EB44544D
:101BB00042301706FFAC2D0C031E4A420B181AE6E2
:101BC0003333DC3A04F1B133F30B0CE8C9DBF3CF68
:101BD000DC34EF3205DD021AF62DE7FFF0D7080AF4
:101BE00028C73205EE1A0B2E0140FFEBDEB8DC0EE3
:101BF00048BAAE090DD0DD452112FB080FC8049A82
:101C0000D516E47F1C2203B634F612F0F714F60C56
:101C1000FF29F9110711BD32E437F9F6E0DBFE02C6
:101C200014DA09D84AAEFBF8CF20E8010D0B181FD3
:101C3000EA113504B6FE05304D1C07F518BAFFB79A
:101C4000B61365B0F92B15CC38D4DC2744FA180C40
:101C50000904E5441339FD060A1CC008EB030428F7
:101C60000DE7011CF5B7E7F1E108A90BD3E1541228
:101C70001D091A1B051303F8FE07F022EFD73F11C9
:101C8000010F11F80BF1E24DB00FE1A5160E0F1A7E
:101C90001F35E9CF2AA3DFF6FE0707D6BCD008041C
:101CA00011DF2133F9F635FA22E8152CD19104021F
:101CB000EE0806251D0B13B61E1620D309F710CC0F
:101CC000120D1DFBE80DD9F6A70EE30709BA19227C
:101CD00012F732F7FFCAFEF21B17161B4F0D1C013D
:101CE00002260F2E2EDBCDFBEA26E257FFEBFA048D
:101CF000F7FD2B33412CF001072C05402AD4FFF5CA
:101D000037FFF6DE0018FE4F1427E4F9FA95D541A7
:101D100010E3B0C621012A5F39F2012B13EA07B0A4
:101D200038F8F8490312E1C7CFECC6D7EFC515E480
:101D30003C0358F80CC25FEA373EF40F403C4E13A8
:101D4000EC0DC301EF3133FCFEE703E2B8B788F7CF
:101D500005F3FF3E44E103F5DFB128FE024C3308F2
:101D60003BE1453FE0EFDF4EFD610381CAE22D021A
:101D7000C8DC1C15EFFD9AF69E3369E4E2DCD2CA9A
:101D8000DD1409D9170D3D4307E122265A3DCEF156
:101D9000B2D8B0F1D609DEE821C8E84D102E23A450
:101DA00033240412F05A24110BF0E807FDB0A1040B
:101DB000C2495B1CAA05FD0722D1F340531BE80072
:101DC0000D01E2A9DD1C15FDC92826E5576F062186
:101DD00022D6ED098034E852BCCAB45EBE3EDA3287
:101DE00007CA341E02F20CE308D935D309600F018B
:101DF00022E0C8DAD071CAA4F9000B3A25DEE9E581
:101E0000F5B5D123E014F1E53D294233251118122F
:101E10003529BECCFF0C2B24FEDF212437E8082611
:101E2000FFE647383915DE04DDB81B082B3E26DAFD
:101E3000044504EC11FE1C6D9F100B3DF32132266E
:101E4000F708C374E21A0FD447E11CF1F0F31BFD4D
:101E5000EC2D01F562ECFD1A24FB2E0AB702F9E421
:101E6000E6EDF8250BC8EBF3D7FE1E18EB31F41C9A
:101E70002A12334532ECDEE2140BCFE42514E805D8
:101E80008FF34EB116E503DFFD1AD9DD1B26F5F7FA
:101E9000311815FDE556DF510A38FE4CCF39E529DA
:101EA000F90E36EAF34CE366173DBE54EAE0480A01
:101EB00037CE420C13292132F5C2C90FA32001F7F6
:101EC0001A1AD31552153360973209D016CF3C3702
:101ED000572314AB1EB73EB904F32CC646B0E9EA4B
:101EE000240D1E014B49220AF0C0E9DACBDF46D6A9
:101EF0004845E7390BF7E8BCE01940404E0C58EA7A
:101F000062E314E314DBCE00A1070111F3010A30F0
:101F100034E0203C22F111C0F2FEDE432BFC3018ED
:101F20001E2939223045E22CF14F37DCF53D08FF00
:101F300028F4DE1C3ED0C8FA20231F325812E035A8
:101F40004DCB134C2136630AEDEBCF15F9B945BFE4
:101F5000BDF8F7C3C63BEF7F01BF051D18BE42B8F1
:101F6000DC2DBEB91A0AFFAD3221F607261CFA5342
:101F7000CD10001142F0FFF8F3BDE11700F1091B8D
:101F8000E8B62D3994B33106E4EF2CFCC41D3BDBDD
:101F9000FACFE3EFEDF2FB08EDDB1801F9EE33B316
:101FA000F1EDC0C4D20BC8D6ACF4C20FE3DECDDF76
:101FB000F013EBD622D72D270105F4FCE209F939FD
:101FC00005E012F6FDEBE63CF2FFD3151FFFDE4401
:101FD000522E4211DCDEE4FD134C2208CBD8D5E6AC
:101FE0002444E4F354E1F0DBEB38F8DC1E2126F363
:101FF00023F734B41BCD0AAAD7D2FEF63AD3092769
:10200000FC10F5E3A52AFDEF2F0123FEFDF50E09D7
:10201000260DDE8014FCFDA4F4310123372C9D1D18
:10202000DB03B51C13F4F4F2D1BED249FB314116E7
:1020300036F8F2E1F6EB3D312EE509D9B33312E182
:10204000123635DA1030DCF0C7B3F9C80ADD1CF3FC
:10205000F3103EEF8C35FC1DC9152DB30FE1ED14C7
:1020600087F005293E0B29D2EFE400F1EAD41112E2
:1020700053FCC6C5D92D27DF4B1CCBF120DBDCD6AA
:10208000DA02E1C5083CD03B27C8CBECF019D01BE5
:1020900058295231DADE2A2B21EEEAC911342FF405
:1020A0005C474C2F93E60DF036F72A4A0104DADB41
:1020B000F76E174942ED490830D25603F23551DA2E
:1020C000E715D3F13C12AD201A4EEEB3D43FCB4D01
:1020D00049F423BBDEC3BE35001F071AEBEDFBB985
:1020E000A1003DCF243DEC074E2C4528283BE3942E
:1020F000272FE9E71725E420F0FB98C63C4E81C165
:1021000021C80F4F1A1BCE136E1668DBDF0B4F0171
:102110002CC93017201BF8D217421F22F40868017F
:10212000430B42E1F311ABAF0E71EDB946C3E205CB
:10213000DC0632BDD665ECE627E6E7E20B3A182C62
:10214000DDCAEAE9FAC43345482BF2D904401793B3
:102150003D3768E64003EB4A191BA4DDC6096B0B4B
:10216000D21027DC52FC09E74AB1FDD6034B4338B5
:102170001108FC248A6D5B3C44BAD5CCF9D5437C6C
:10218000BCEE10CF0C0E20ADCA987FCF3100F839CD
:10219000092E200D26E02D9AE44BEBAC45D4DF1D33
:1021A00029F5D2ED076A18EBF494F0ABB1EAFF2001
:1021B0006DF72EB908BA0BC339E616F8F632DC080B
:1021C00046F16436DB0B33DE28CD3932DF08910867
:1021D000F9503E382B46F1E3C3C745561D2AFBF69E
:1021E000D152C024F821C9E618F0F704DC15280BF9
:1021F000E534E322211FE141BFF812E236F21FAFBE
:10220000B3CD280165FFD8F9CDDD1BE43D14E4F51D
:102210000536A355EC04C8E94C1698EF342712ABE9
:10222000179AEDFDEDD5E1212EFE4352FD09019EE9
:10223000ADFF500C5105FD15FE1E6DDAE00B6BFF76
:10224000C6F9FD3C0C0E030048FF0403FC11D3FF4C
:102250005E3B0EF6A65738DF7FF4A803E518F2F8C8
:10226000EEB6281B1CC93216EC12DD04EF0FC0E2DB
:1022700012BC342A62E194C42ED5B9F1BFDC51D826
:1022800022B606E12CF519ECD4C3D8613F550848B5
:102290002F081C2A2477CC0819C354E3330FCB75BD
:1022A000B7F2192926E322EDEEA1104933F23C449E
:1022B000A8ED0CDF76145BF80F2809D9E9DB04D907
:1022C000000000000000000000000000000000000E
:1022D00000000000000000000000000000000000FE
:1022E00000000000000000000000000000000000EE
:1022F00000000000000000000000000000000000DE
:1023000000000000000000000000000000000000CD
:1023100000000000000000000000000000000000BD
:1023200000000000000000000000000000000000AD
:10233000000000000000000000000000000000009D
:10234000000000000000000000000000000000008D
:10235000000000000000000000000000000000007D
:10236000000000000000000000000000000000006D
:10237000000000000000000000000000000000005D
:10238000000000000000000000000000000000004D
:10239000000000000000000000000000000000003D
:1023A000000000000000000000000000000000002D
:1023B000000000000000000000000000000000001D
:1023C000000000000000000000000000000000000D
:1023D00000000000000000000000000000000000FD
:1023E000BF3B249A0A0CF43638B10A5AD83D44F05F
:1023F0002300F52F2D1A39C276B22C36033F3BDD70
:1024000004151424A1E751E00D2F5027E73E304377
:10241000D0570065520538D715EC361F0A2C0942F3
:1024200008379EE426AD05D3E2FCDCF4F4282B4506
:102430001C01F8A2120ED8BCA020E5DAD73C4D2929
:10244000C83F52E6F9E7FD063D22460CF92A1CBAC0
:102450002259BCE514221DD94ED586AF12378026ED
:1024600023A113C6CFC8C6E95313590F283A17E65C
:1024700030CA2848E62D38E1EA13513529055A3487
:10248000FF1BDBEAFAFE98DC4766E32D490D064D9B
:10249000F735FFB0D8ED31E459DA1523ED54EB18D8
:1024A000D52137CA1CD019E1EB01E604E8F7D0903A
:1024B000EA26172C73FCCDCC33CE9532AB355F08B2
:1024C000303CE4A0D426DCD802E9ED04302F3552AC
:1024D0005101DC2EF558040D19B7E58DBAE807F364
:1024E000E85144CFC21835C402EA2A031A0E64C761
:1024F00018E03423FF2CF69618211ECE4D0909480A
:1025000000000000000000000000000000000000CB
:1025100000000000000000000000000000000000BB
:1025200000000000000000000000000000000000AB
:10253000000000000000000000000000000000009B
:10254000000000000000000000000000000000008B
:10255000000000000000000000000000000000007B
:10256000000000000000000000000000000000006B
:10257000000000000000000000000000000000005B
:10258000000000000000000000000000000000004B
:10259000000000000000000000000000000000003B
:1025A000000000000000000000000000000000002B
:1025B000000000000000000000000000000000001B
:1025C000000000000000000000000000000000000B
:1025D00000000000000000000000000000000000FB
:1025E00000000000000000000000000000000000EB
:1025F00000000000000000000000000000000000DB
:1026000000000000000000000000000000000000CA
:1026100000000000000000000000000000000000BA
:10262000FE00FF00FFFDFCFEF9EEFCFBF613FCFCD8
:10263000FEFDFCF0FC19FEFC0000FEFFFFFEFDFCB1
:10264000FEFEFEFF00FFFEFCFEFCFE00FDD980F357
:10265000FEFFFFFFFFFFF9FEFBFBFE0000FFFDFD9D
:10266000FF0000FFFCFEFEFE00FDFF1107FEFDFC6B
:10267000FBFDFE00FEFFF6FD35F4FEFFFFFCFEFD58
:10268000DDFE00FCFEFFF6FEFEF8FFFCFEFDFF3D5A
:10269000D8FE7400FAF904FEFD13C9FEFFFDFEFB2F
:1026A000FC21FBFEF9FE0000FE06FEFFFE44FFFEDD
:1026B000FCFFFDFEFCFFFFFFFEFCFEFE00FDFF0237
:1026C000FDFEFEEFFE00FEFAF6FFF5FBFFFFF9FE52
:1026D000FCFCFD00EFFFFDFEFE7B18FFF600FEFE9A
:1026E000FCFBFFFCFEFCFFFFFFFBFD04FDFFBEFD4E
:1026F000FE01FDFFFFFDF8E2F0FCFBFF00FDFEFD2B
:10270000FFF3FEFFFBFFFEFC0000FE00FFFEFFFDEF
:10271000FDFE40FE00FE00FFFCE5FB00FDFFFEFFAE
:1027200000FEFDFF01FDFBFFFAF200FDFFFFFD00D3
:10273000E4FDFEFE00FCFD00D7FCFFFDFDFFFEFEFC
:102740002123048A351B07F8E218FA2A1A270CFEFF
:102750001513F7020E000CEB139CE4CA1934CFFEDC
:10276000EC0EFE2FADE5E6F5F429DEF62A030B08A4
:10277000DE3EFA2F0CED30FEEB1E39E9ECF92C2C85
:102780000901802D02C3F4E5E60F2DF603DDED11FE
:10279000EEE705CFDAA7DEDCEE1D55EF14123B2283
:1027A00018FB1A21E7ED35F222384CE9031E091710
:1027B000E5FCFD04E333082F1B031208FEF1FE22A3
:1027C0002F141231FAFDF6AC08FF0E1820FE1DF88A
:1027D00024CFF0FC0C16040A1EE2C32EE54116FFBE
:1027E0001408362DBAE9F230201CF427F440F239EF
:1027F000EBF80CAFD72C1B4FF6171B072808D90A8C
:10280000EA13E524F3DFF0F4F92EDFF31A120A12CB
:102810002308FDE1F33D0F1F0118FDC1DD080AE9A2
:10282000F80014BE31DF301322D1EBBB0E141703B6
:10283000FE082A3BE2050F14D7DC0DB502E31412A3
:10284000AE2A17EF16101CA619080D26113C14D736
:10285000E619FE0C3228238BEB35CD0025CB141F57
:10286000092C3BB5E7F92B45EAFDF33631313D370D
:10287000D746E00AF5EA3D26D89401D90F3EC83084
:10288000F642FDE6800AFA10D7FA14E21C2903D1B9
:10289000D00933F3B3B94BEE033A26F4D1D7203045
:1028A00039298F1DEB26F510C11433EA04130109F1
:1028B00013190082EA92CB0C432524FBE33E3CFA39
:1028C0002ADACE231AD019F830EA30E6FC14080FC1
:1028D000460F40E70BF30726364E3A063BDED93E5D
:1028E0000904022017241EB74EEDCEDECB4A35E890
:1028F000F193E10538FAE50CF606A1EAEC04E8F1FB
:10290000D4193F0EBFF0DDFBD9F941ED2C1CF83D89
:10291000E1EBD9D51203FE1614FC30FB2C180BDDAD
:102920001914C4F7E0084ADD03FC26F5FC16081468
:10293000EB11E6F8FA1534F9F03213ECB308D522AE
:102940000EF33CF9FA1CEA01F8FB18F6F223F33314
:10295000D9330D2F8602E2DED23FF8C9FBDE2B1100
:1029600090172401EC02E68E190804FDFC1B001DE3
:102970002337172B0920E49A25E48DF2EAF8F72B88
:102980000EE7F410512B07F603C4D5EAFBEDFFF870
:10299000473A53AFE5EA01CA7FDD2848D9F91EDB83
:1029A0003CF06D12E3E3DE1141F34721B7D4CD04CF
:1029B000FB230D386B562FBCD39B4C703F0845DE74
:1029C000E9FCD3CFC5E6ABC8052AEDFE1BD117ED58
:1029D000EC2FEDEB1800D527AFD9DFD516E541CEAA
:1029E000D5F064081658024001D2EB122719F2DD27
:1029F000C263C045EA07B10036EDCBEC0F0ECCB098
:102A00001CA4DDDB08FF36BE16DB3BFC49CA12B056
:102A1000CDEC2805F10217C2D0C944E33FDE4A25B8
:102A2000DDF3EAF32C0AEEBD1321C5B2E1E0D2DA00
:102A300008F40BEACC502FE51AEDBA3FA169CD3E60
:102A400046B26EE84FBDF548C9D90FDE0E25DAE76C
:102A50004AB33B636614A4DDFBDFAA2CCE2A50AE3A
:102A60001EA840D739131ADFE0FE3A4B2556F12F46
:102A70004220E144FB15F922E4972DE22449BE5E91
:102A8000C1E1F61E42D4F5E8E292223914E9511E62
:102A9000A814CDDA70183DF6EA0D261B15FEF5B91F
:102AA000DADC01E0FF49EEF8CB2BFDF2E41801DCA3
:102AB000E710A6CEE3C8F6C43CE51CD3F51C8CF6A3
:102AC000460200FD1904D8A4EFE5FE090110F9F053
:102AD000BC5F6108F3F9D72C04D5474E02E01CEA2D
:102AE000EF59D10B062AEE10EFA7FA3C481903164E
:102AF000C1C1F92EC0F3021BC808D813243415FC39
:102B0000D8F70907E903D1BB12ADE9B8241226E5CD
:102B10000A26CC22D852D4A90C30EEB35BBD020DEC
:102B2000D7B4101DA116EA282DE900D4EAF214D278
:102B3000EBC1C70C24DBF3F3CDCC1A16BB0F240A70
:102B400028E12D18B2B3DFBAD3100F25EC19B1DF8D
:102B5000DDC519D0ED2C07E139EBBAACDF0BF3C9B9
:102B600015F54FD3150317E907282BFDD9D0E71426
:102B700020FC42FE4D0EFBF40433DE1033EA46E146
:102B8000FBF9130531D711BD27FAF33E4B16DE13BF
:102B90009F02B618EB54E6E6E60304D523FD085081
:102BA000FE15A696FFD39BFECA023ECB8000F575AC
:102BB00005E7FCF30D1A24DA08E3EAECD110D8F1AA
:102BC000E10BD580E6DE40F22A19461A45160C0DB7
:102BD000120720EE012A22422BD93CCC114931E9BF
:102BE0002344E150A9DC24DD26ECE02F2538042D18
:102BF000D6441715F8E335153AF91F310DD628D804
:102C00000FF9D50A2FA3B3B0EF132DDECE243A115E
:102C10001E0E34EE09A7F5CEC127D6ED2D0DFEF21E
:102C2000F2F21345DC284CEEDCFAE0D3F9D9C1D33B
:102C300009DEEC30D9EAD838DF01BDBA0717DCDF8E
:102C400022FD22FAD3EDFAA2193528DAFA1B0DE596
:102C500024DE1D1332F747D24402111C4461F93AB5
:102C60001B1039EBFD439B3C54C8C70B3CD84CF4BC
:102C700034FFF5963F3D3FE6DA0548F8FDE12F3396
:102C800024D7D5DD08FBECC43A023FE43E3F0EB149
:102C9000C70CFA2C25F9F9FDD2CD10049835222263
:102CA000D622CCC81B224224F0E3E2A2D23AE50F9E
:102CB00030E1D40E952AE903ECC6219D2F09F82AAC
:102CC000AD014A14E9E0E98C411D5815E8592BADD6
:102CD00028F1EBDFFE4DCFEA230BB2BE1DD705D6A0
:102CE00000000000000000000000000000000000E4
:102CF00000000000000000000000000000000000D4
:102D000000000000000000000000000000000000C3
:102D100000000000000000000000000000000000B3
:102D200000000000000000000000000000000000A3
:102D30000000000000000000000000000000000093
:102D40000000000000000000000000000000000083
:102D50000000000000000000000000000000000073
:102D60000000000000000000000000000000000063
:102D70000000000000000000000000000000000053
:102D80000000000000000000000000000000000043
:102D90000000000000000000000000000000000033
:102DA0000000000000000000000000000000000023
:102DB0000000000000000000000000000000000013
:102DC0000000000000000000000000000000000003
:102DD00000000000000000000000000000000000F3
:102DE00000000000000000000000000000000000E3
:102DF00000000000000000000000000000000000D3
:102E00004225011A22C609F84CFA3AED25F936E8AE
:102E10000F0E61F621DEC928BBF0314F05D1130436
:102E200014F5A627012322F5140B091140FB4903D1
:102E30007010F8D302FE2EE56DFF01CD1536DDF0E2
:102E4000B7083C23222DE9C3C379C44049F74B2579
:102E50001726E6E87B2F38DE636EFF2EE100111B9C
:102E60004B31B544F43F153FE14DDF5ADCDBE960FF
:102E70006734604258E4352014372956850F0C2CEE
:102E80001352E1CD33653347CE0928D30B67ED12DA
:102E900073F3131302DC5609F0EB512B35C42E1ECD
:102EA0000B56AB2F60213B25F30B41CEFDEC6CFAAA
:102EB000FDF428F661B5B6F502FD2A551C116063D4
:102EC0002E20DDF9F5EDECDC001400DE0766FB34A6
:102ED0003932F51EC1F139271BE551160E58A0D322
:102EE0002EDAC16CC67FFF12C6F747B5F2634D2DCF
:102EF0005C1132102FB826380019DD4D26ED401C2C
:102F000014BF1567533451681044CA7A2AECDE8F17
:102F10003AE614E1261BE16252322D7136B965FEA4
:102F200028200B55EAC8120852395001431B2012C1
:102F3000C5CC2B1D2E151056E833E9FE1C1F33F4AB
:102F40001A09DF1F69FD1D20044CF6DB29E4314816
:102F500023D0FB03DDC418FF4331DCDA10FB00197A
:102F6000F4FC7A231925530A2FF3F007FA271E14CD
:102F7000660623614B51240B3935EB46F233E117DA
:102F80000A2DEA02D5F0020608FE0948F309FB39CA
:102F900009F721060B013723DCEE434AB70B6A5DC4
:102FA0000F2EF2F925402F70FFFF12D73311C430D6
:102FB0000D5C0002FAF919051B49EFF7120CC0E687
:102FC0000B39CFE45F074E4121F1354018E11F2650
:102FD00020250A7944F6F41D04381BFF33DD401226
:102FE000185D0D3A073AD010FB4B3128FEEC283F14
:102FF000F940BDDDB603401A0D0A2F46720DEA08EE
:103000002525056CF5ECFC05E93B30E9F2090BF6EA
:1030100035E429F872F724C94A44077F16FE05F003
:10302000681BF3280229025D2B20D52E001F11D723
:103030003122E92CD52A1079E92C1A1C02284B18C8
:10304000CF061BFA4251E21CF4F108FFCB23BFDC90
:103050002D4AC4DD95D4F5CB37F30CA4F62F95E5B6
:103060004A153FCAEB04F7B2C2FC3415E63BD6EE74
:10307000B0526542C237E145DCCD454346B0060259
:103080000141DD12F346F3FDFEB618363A02EEECCE
:10309000C7AF3C08A209E3DDD3D4E9F512313AEA1F
:1030A000D715402210BD96AB049E0AB1DDFA4FD26F
:1030B000EF41BF31E147F09E2E32BCB94AC1CEF597
:1030C00090B822219EF2BCFF0FEE1DF4C3CB50D965
:1030D000E9D7C914510BBD13DBE7150EA8073C3027
:1030E0003DB95259C7B7F5CAC9440A400812C904C4
:1030F000CED119E70043240651B7BBAED837ECADAB
:10310000CCD64CDBF0ED31FA130E17DBF4B210091C
:1031100022D54D024FE8E0074F2BD92209FE4B0183
:10312000B7D249F52AA2F3AA21E3B86562D9C02033
:10313000A228CF4ED65B1734DFFA1EE901C0F93D55
:10314000F50E94A6AAC79FEBCAC648AD87FAF07FD2
:10315000CEB4EF1656EE3ACFF7C516D7CD1BCEFC40
:10316000FE0BEBB212380422DFFDBE4A4DD63326E9
:10317000EDE556E3012B7A2825FCFD374B344EFD57
:10318000F42C0A11801959E80334BFF9CA55DED866
:10319000E222CCE858D74CF2C3010BD0AE22FEF4A9
:1031A0003F2FB13FEB0A0542A2561DF5ED181F3423
:1031B000E3FFFDEB1A02CD0BD53D48EA2704E227D9
:1031C000CBDF1F021B21001E29612D203B61D3F99B
:1031D0003312230112DCE015033521E3D34F07E658
:1031E000DDF817FD63F42AB5311DCE58DD3EDC074E
:1031F000EA0D2CFF040910323BB210F03C6A1E208D
:10320000F03BF9E9EA0AF5D530FB3BB54EF03E2C30
:103210002DD4D4A0E6D61A33E246FD1BD7EEDE63EA
:10322000F427F211D8EDE3CF0EE7F60A2B5DE6DFC7
:1032300023FFCA37DF52F5EEF3ECCCF8E53ED309B5
:10324000E2FEF506CF0401EA38BB13B438643C480B
:1032500009464A1FD5ED00FCE8DEEF8BDB1A0D2A8C
:10326000C9FD3E52410B27A732EED6301B34320641
:10327000511120FD18EFE5C23F1DEEF5E8FAE546D5
:10328000EB2FAFB40E4504C82815D11CDAE9281E6F
:103290000C340ED71820DD2BF991E0FC01F4F90372
:1032A000F3CCF3E1A4A525DFF417E0F5D2433914FC
:1032B0001A0AE707C6BD102E10E40CF6DDF517F369
:1032C000E4308EB0F9E322E2E3E2D6F432CA0C2B0A
:1032D000FB35D2DFF9CAEE25392AE9DCF73601E6FB
:1032E00042B8DE05FB031512F10CFAF5D7F4FBF436
:1032F0001E2E2FD9E7D00F2023222BDDF3DFE5038D
:10330000FB41EE104702E7CDECE500F5E2FA121EB4
:103310000ED4F0AE13F0C8D4F2CDDCE5E7CD0C0B43
:10332000D614161ED00D1E3DECD0F1F4F0C71502D8
:1033300025D61FD709F01FFB02FF2BF03215D4163C
:10334000EFDCAFFE2705F3E3B9FEF6FB03FA25FB3E
:1033500014F13B09C9D1273933E325FBD1FADCFA53
:103360001A3A31BA1EF0D11CC6EFD5B7FE161B1B98
:10337000031B2425BE280A2CCC1CEACD2117EFF410
:10338000F4AEF92603F73A87160EE92A0DB31FE7C4
:103390000607D9A6EFE8FA80060A88FB25F1E4BC07
:1033A00052C000E46540FAC1ECBE23BFBAFAF4D8BB
:1033B0003812F99F23B01FB675E224F4E60933B63C
:1033C0004CC7750CBD9AFED0DF0F4103A4F3ABD3FD
:1033D0001247E15171742A10E18B3A1628025EFD02
:1033E000B7F2CAD3E0D9BFF50A40E3D41801B50D4E
:1033F000A341D7C2DAE4A20DE22012EB422E70C341
:10340000A91C1CEA654EF0310016D2E716D33EBE69
:10341000C440C501C425AF1543549DFF4AFB08D0E5
:1034200000A308D9FCF14CC0E6FF6E2046DA5793A2
:10343000F32542FD24D62504ABFB3BFE5832F9129E
:10344000D0EC45142EF6029FFDFBF6E2CC0DC9141C
:103450000F41CBECB50001ED78D8A4F4E76201216F
:1034600022916CED2DF71E3CF3ECD6FD23430EBDEF
:10347000560128517FF597CAD7F5F71D07327CC54D
:10348000E7DA272026220BCF10AA0A2C24F50834CD
:10349000EC3AE90FF944016B0ECF351B435BB20ADE
:1034A000D9D925E652FAF6DAABBB404227DB5C15E8
:1034B000AF2EDAE510FA0C01C6C858140DF4BAF2B2
:1034C000FC190C092ADAEBAEFCD8E8E0EC1934FC64
:1034D000EE134152180C901DD02BD8FBC8EB0F4BAC
:1034E00046B4C9F850B4CC2E0005FBEDF31911FF1A
:1034F0003BC93EE9F6DFD61A19FA1E1631DEEEECAC
:10350000BBB958F4F10DDCBD2829C941D9F908F53A
:10351000CC30B4561832F23739F7BA021503F41D1D
:10352000EC1ECA082EF6FC27F447831A06E5211B79
:103530002C17222F31F246F6D5EA0820D83433EF83
:1035400033C932F129D94434FF1200812C0C2EF7F3
:10355000F0F90CA4DF8139DE17121DB10CC1E011A6
:10356000D714DF21101C1E13F7A7E941BBA4F1C536
:10357000C74004F2F2CD0F82BD3A5329290A4E14F6
:1035800049E0F110F7D1EAF8C8F7B6E01BD62B44B2
:1035900046462442EDD9DE3247EBFE4161FEF31888
:1035A000412700E33FD29AD6E7FAEAD1C0D61E13EC
:1035B000E71B1AD2191B182838F147FE3D092F03C3
:1035C0004AB91ADA3B103A622116CEFA178B39073C
:1035D000220BBAB1E1120971421938E80F0B109AA7
:1035E00020F4F9DA5013270B04E5ECEC2BD4E313A9
:1035F000C6503630B0FFDAFB32E43E0AF045BE2A50
:103600001F043AF09130F4D1DCF8532548393622C2
:10361000FB3CEE16B9CF3A0A2AF65CE82E17DCDD41
:10362000E02F9B274026D22198FAE5F6072EE441A9
:10363000370B16DB14CAD11FEBFCD80FD239FB2392
:10364000BA1ED42C13AAD1B4140022B419091A0D2D
:10365000485235EAEDE6262F043CC0AB3118B200E3
:10366000C9051C2021D0CC0131DFD4B5FA062B428C
:10367000298EF4E9571BD734EDEBACE2A81EE70E18
:10368000DAD11AF9F524C30CDA22F70C09262EF246
:10369000150526BEE72F103843E3F0D1C54217D6F3
:1036A000BFE70B082B2D29F04703FFFA1A0ADE208B
:1036B000B5323B2A00F63F1414D2B31EC03F12FCB1
:1036C000DD1506FC35C22417D10229354DCE0F0772
:1036D00008131206806118F6E71C1503BFECF1EA27
:1036E0008F14BDE8D9F3D9CC48CE5A0FFF34D2029B
:1036F000E0CC46CB3BE53DA9E630D3DA29C1F03535
:10370000D116B851410535F857E228FCDD42E2F503
:10371000F53EF422EF2181FB3534DAFDCCD9D2F726
:1037200004CC36E413B9D4EBD2EF3FDFE4FB4C1109
:10373000D41C28219E141749112223F4FAF907A654
:10374000D6325D94096006B92297E8EB27010EECAA
:10375000FA32ED672437E4FCFEE7BC43F21441E1A2
:103760001A28E359E6EDF712EF0FBED8CDDA713C17
:10377000410014EA2128411B25DDEFFD0C001D1F2F
:10378000D2DA481907F7C91CAB2ADB87071E1FFDD1
:10379000293FAFEE5990B5DE224818C8D0B0FE4D93
:1037A0001A084BF9F9E3FB052F2610F8A297D7E783
:1037B000E314044AD4F50FD71C0E47F90100129EFA
:1037C000F428DC1CBF4309EC8456F1241CE2D31B13
:1037D0001CDE610DECA609DE26F907FE2EE13D0197
:1037E000E7E810382DA2C4CFEA42C01AF5EBFDEE8F
:1037F00014DEE1591750F53F0C5A182C43BAE7EE86
:103800000DCED6CCB1E7EC3EEE01E2F4DDAB1348D1
:1038100004F191EA2E0E08F5F7A3FF2926DFE4A3B1
:1038200033DF622B0208177F00BA47FFFC16F291C4
:103830001CF9E9FAF6E135F92F32271B3952012735
:1038400039691D05404B36F7294A31EE21DEF01665
:103850002D101D1311261722070C1C143FFCF546D2
:1038600031E83C5C4A13102A1F22FEC7F33B370B9A
:103870003DFC54543B4FDD09ED07CF3BDD2E292D98
:10388000A2763DFF1738F3E332F9540FF70A21D13E
:10389000C517F1250413F9D6D6D1B92C3815371C24
:1038A000E0C42637B54A282120F0150F18C6060EA9
:1038B000E24B0F660659275F3A3611590F4E0CE658
:1038C0003230FAE140221D08F518FA09583B192F49
:1038D00020433967F22F0E3F2FE8EB23B01255FA41
:1038E00013F70D1613243CDA671658AF0E2CCD07CC
:1038F00025F4160B32CDF5F1C128EB3840182E35E2
:103900002CEAF94316073FD05750FDEE37FE050E5F
:10391000F411C3E42F0D351046EB014BE7EE0F3FDA
:10392000455FC801B302DD3DD4E85CF407580B29BC
:10393000C40D40654709044AC82338FE12FC4557A8
:10394000C9F6CC4314212DD8FDDD22F1E7F505E3BE
:10395000DC221A0C0C0BE519AC2FF527EADCF5DD9F
:10396000E2B5C6CE06AD1BE31E15E0CF3515F7FD5B
:1039700017D52AC3EDFEF41A4813EBB406D006B4EB
:103980008FDC38C80AF429B215B8CE0E01EC02F962
:103990003603102D0114343AFF02FA35F0ECC50657
:1039A000DFCDDC310AA7D321B5F492F205C3212C77
:1039B00049D73904EC3B39DD1A173131CD15EDFA11
:1039C0002B1BEDD632F10519D527C6ADE7F80E0B46
:1039D000375123C832B108E209E1E2FCE7F9FB12F2
:1039E00029D13133FEE34D0018C8351AA3D3350B66
:1039F00024E0ED2F3D0C01BEFD3E0DCD07EC26D69B
:103A0000190F1419F722D7D6A41E1A000CFE091C90
:103A1000293534E7D206EBCF2D0DF3092007F03816
:103A20002BE4F1F52213002CD006E0071DC01CDEAC
:103A3000FD12431A0EF9F814F851E42F2C00E4108B
:103A4000FEBE0F180C361C412A37BE1A3280EAF22D
:103A500012FABBEBC2E6034E29EED315E41EE9C40D
:103A6000E624BC931C2610AA1825EF190C1B1E3344
:103A7000D9231F1F1122B50C0993ECF4CCCC000400
:103A800016C21D06809D0118E2EF082201292112AD
:103A9000FF1A141FFBCC2012120D1D00DEE41FC202
:103AA000BA1286B0E308F4B091FDA12820DDF60635
:103AB000F016D597EF9B2309221FE5CC14121709A6
:103AC00024D002200CD21913D214A7F80DDADE2963
:103AD000291E230C09151721262D1ECEF1F3C9131B
:103AE000151E17E233CFF99AC9240AB2F4251E1124
:103AF0001DB411C322AD05B3EFD7DDAE00BE182A49
:103B00000EF21E2FAF11F51221F81E18BC9A13DF0A
:103B100004D9FA841D0824B4132122DD2B1CB8D843
:103B20001213CF0A0AF5CCCCA8F9C62B09F022094A
:103B300006182310FACA1D1F2F0D18DFA7150DEC4C
:103B4000FB2325B923F6B426BAA5F5C9110218F648
:103B500019202D1D8020ED26F22529AE120DF0131F
:103B6000ACD026002D1A1C8C1D1E051B06A2060BB0
:103B70002CF7BBBB0907028C2CFCA2F916C9C8990B
:103B8000E7032DFF00C03A2A0A3D025C141BC43231
:103B9000AC28E805EF331BFBD81FC91EDD48DB2727
:103BA0000DFFB5C24C3004DDE837C9AE264D500CD0
:103BB000CAAF1394A9C407173339C6F12A0FE7E334
:103BC00019194429F9273F08FCCF262C55650443D1
:103BD000F5FF47E8E9E15BCF6CDFD103CF4FE07F32
:103BE0003858B719C8ADD60EDEF30CF8D23EE7321E
:103BF00010B050955CE62009C92B21EA06FE4979F0
:103C00000B49111CF9480C210DFFCE19F9640876F7
:103C1000164CB4E11C10FC460F5EE14E9CCB054AED
:103C20001D36473F172171390226FE72E8196808D0
:103C3000CE3C455150AA3108DD1F6ACF61CB10D46C
:103C40002C48E802E50F1AEAE64E290C0A15593EFF
:103C5000E85DDEE5D6247C24F21F4BC90006FB3F5D
:103C60003706E6EA1B152006F82DE3B3C620380414
:103C700006F02E1EEECA021A215FF024EE1261CC6D
:103C800017D80BF6104DFCE82837E00D22E8090A9A
:103C9000FEC339F90E150AE7F32DB0FA0E10FE2611
:103CA00027A6D1D96B5BE9DEE0EEB5FEBBF01231A1
:103CB0000D5112E8C79DEABD6D174E1709094A9BC1
:103CC0005B0725F3E5BDEFF70F14FBF9D5D7940E8D
:103CD000355634654045EBECA9DA6D3E2C103EE4D8
:103CE000151EB0E7D0E3F3D7132726D519B205E1A7
:103CF000CD04022A192DA927EDDCF5BE3BE753ECD4
:103D0000F0CD1ED8380BED32F82AF11D0C2A3709F8
:103D1000DA3BD4279ADE98190510A4EA4C2D049FAB
:103D20003CC01C00140032FE300A1A0635C731E5CB
:103D3000B91D421518FD1606C5D93EFF46D6062DFB
:103D4000D2D104260C2EA7EB2156E210FE0BEDE09B
:103D500056EAE1F3C95A09F813C39305EA34DA4A7B
:103D6000E9B36B2C03B22AFFF50106FEF8EBF4B9B8
:103D700007CA783D1FE68BD246E0B2421B3876BFB9
:103D8000E9D741CB602E0CDF05FFE75C482EE5F25A
:103D9000152DEE02187FB766CFA510EB1C49BE7536
:103DA000ABCFFBF709F51EB6B7DD5C12FBEA6F6817
:103DB000C72BF1C67CF00BCD1429104115131AE462
:103DC000630F09FBECF01F1FF72647F3F62C4CEEB0
:103DD0001DFC441D3C224733ED07343118097F1583
:103DE000BB4CE6152D24030E5B0C1DD43225564D1D
:103DF0007AE6A5BB16202EF4F84D18DFE31644E84A
:103E0000F4E836365016D6F52D6E20F2CF28441E33
:103E10004E1DCBF3440D1353206110E633F6F63AF2
:103E200031FD1B0CD62A403BFE232918ED0F9C695F
:103E30005DD53FD11012031C01E519F3CA38522B8E
:103E400073F1FE272527362D3847381C081BEB2930
:103E5000503A0A28BB051F30490C14F2131FC0FA50
:103E6000E0FD07BB432F0D4C66EB08D10C1E490D3E
:103E7000FC14FE2B4612C4F4CD50466013D918141E
:103E80001001BE4B2F3DE8E307E61751014D380501
:103E9000FA2DE547DA350F4727290ED6E40A162F03
:103EA00033EEEB05E525274FF8E75DE60D1A22FA1C
:103EB0007EFE4DFD38DC2AEA2D244422DE46171909
:103EC000060F5C70494C5B143A23E242774157CDB0
:103ED0000B4A20FDF713BB113141DA1D63D82EFACE
:103EE00004DCE200324E23E9C1FC2F08C6EA28C8F0
:103EF0001F6045D4C4ACFD062F0C4B06D00323A88D
:103F000063137863D9F8E6FDE4042532B730940BE7
:103F1000F069127FEE1A0DFEC4EB717A1F61402426
:103F20000D212AF1FF46F4E6F62B3BFA14EE292A7E
:103F3000BD51171AC6569D189C1BFAE824F27FE65D
:103F4000A1DA6D24FA14124E250F04F743434BFCFB
:103F50000B75C159C037EF23581CC3F16752BDB070
:103F60001BC8F1150002FB1718DB03130AF41DFF31
:103F7000D111212833E51BDFC3D5EFF508397517BB
:103F8000F1272BF5E335E2C82409F7ED17F5C9F958
:103F900046E80319107502031BBBEA49A46FCA3F28
:103FA00018B127D75FADEF01DBCFDCEAC1D4D2D5A2
:103FB0003BD0681B1246E0A741B8903EFF0C6DF362
:103FC000FB1DDEF31E3EE632200ACE3E5C02262BAF
:103FD000E7F0D120DC77D469E19934DB4248C85955
:103FE000080DDDCCCE1E2EF8B4A056D52DF7142426
:103FF000C202171756281120C64B532E2D2DC8CBA1
:1040000000000000000000000000000000000000B0
:1040100000000000000000000000000000000000A0
:104020000000000000000000000000000000000090
:104030000000000000000000000000000000000080
:104040000000000000000000000000000000000070
:104050000000000000000000000000000000000060
:104060000000000000000000000000000000000050
:104070000000000000000000000000000000000040
:104080000000000000000000000000000000000030
:104090000000000000000000000000000000000020
:1040A0000000000000000000000000000000000010
:1040B0000000000000000000000000000000000000
:1040C00000000000000000000000000000000000F0
:1040D00000000000000000000000000000000000E0
:1040E00000000000000000000000000000000000D0
:1040F00000000000000000000000000000000000C0
:1041000000000000000000000000000000000000AF
:10411000000000000000000000000000000000009F
:10412000D1331E1AF5E1EC2546174C35E53BCEF7A9
:10413000BF21AA26EC4DEB4F8DE0331DE20BF72695
:10414000F2FABC1235554812CA5F2F0A7BE76D3070
:10415000B2C5400990FC24217F3515ACDCACEA42A5
:10416000E5D7F645F2236533FFDBEE44FC475E38C6
:104170004A30234E0E1438F639350930BF71E86ADB
:104180002F2F8E1CD0B9CBA009FC3EBCA20C3A3F0D
:104190005BCF6895F70266E5DAFF2EC60E3228106F
:1041A000DEFD6BFBDF18C4FF214FA3D8E7E4F56801
:1041B000F61DA521F3140D28E407F148E6450BF0A0
:1041C0003F5300F3E503383BF6D433053213254D56
:1041D000EDF1033E6DE9E225F63504F74BAB2D1901
:1041E000C25488421749DDBA4D146AFD4A1651225D
:1041F000D66623FDC1FD780BF80744C94B03AA24FA
:104200002D250F2406FC05180F530EF129E6FDE8B5
:10421000DDEE1F053DD951226811E93EEAE52FBECA
:10422000301FD5D518EF27490B1F25EF2533E8CDD3
:1042300043294FF8C414EBFE0F08B7001BE10D35FE
:10424000E7BE20047F662220ACF62FFDBAE9282ABB
:104250000F2D1BDA2EA91CD07218F6051119DDA33B
:104260002C151D52B2B2E23F1BC10507EDD8A0FECE
:10427000311F1A30672C3CC582CE601B264EE8D019
:10428000FEEDC7F00EE8A7D8550D4912EAA116B108
:1042900015252C04F453CF41EA37211238D2449526
:1042A00097DE760A1D27D819F5FC340D523FFDBF65
:1042B000A101AF33C0FEEBC1720D92FE66EDABCE35
:1042C00020E6D7E52737322ADF1F5A4627E60AEFCE
:1042D000A6F5EEC142FE2CB2150F3BC523F12825F1
:1042E000E51705F9F4EDEEEF4924BAE9D7E5BA068A
:1042F000FAD14BCEA93C53F0340BC10B8F251512CC
:104300003CB32EF322ADF24CC3A72BB315E719C86B
:1043100004F7532200FAF1E4250F9645D90839CF66
:1043200020D52BFC674F1D2305CEEE4E164BEF3BE1
:104330002F32DFDFE97201660DB2F7BA2102DB52DC
:10434000B728F43901F749FDAF833B3B10D342F95D
:10435000F9513316770D34F4A53754451B13DEDFBE
:104360001CDE4F22DB16157DFFA648080503E583FA
:10437000E602DE00F3E215FC1D0F260A1E54CE2ACB
:10438000476636ED30377FE51C4431E52BCDDF3C09
:1043900022633612FC1C2D0C08FE270B2AD2ED409E
:1043A0000BE606574A230CE91113E4BB14393C13FE
:1043B0003AE7417C2844DDF2E000AE37C2174833CB
:1043C0009D6B04F9E806E9AE2FEA5004E3FB16C042
:1043D000C70CF51E0B1CFBCED0BEB80B39162F2D0B
:1043E000DBB5392DA7321D0EFEF214F40CBF1416E6
:1043F000D541F840F952FC7530011256EC3D4FDDC5
:10440000382909BF24121D1420F4072253301B261B
:1044100016375542E51FF74D3CD1EC0ED6CE53D0A2
:104420001EE6BF1A2A3222C5521E51AF2816CEE808
:1044300026FC5DF118A0030EBE2A023638182C4D5A
:1044400024F8FD4120E92EC25643EAD34ADDFC0799
:10445000DB1DD2E4151C3EFF4D03436CEED6243E1B
:10446000495AB5E6EE10D52EDBD65AECF347D54BBC
:10447000C4F1347652331016D50122F519D63746D9
:104480000B2AD3BA1CC4CF23D986E205351957E4C9
:1044900052BC27BB4E2DDC24FEDAFC6C3404FBCD71
:1044A00001192244E3C24D2E2A2FEAF24C4BC5D209
:1044B0002E3D31052D4D2403174236F00956DCC33D
:1044C00021EFA6423903E6CA245EE8BEC53F40FD9F
:1044D00005E7D0E3F6C6D6DE1CF6B1E0E8284CF6D8
:1044E000DF1B18DE132D260CD64733675430AAD8AD
:1044F000DD45FA094A08EC185105BA352611A60D12
:10450000F08FD2110C41FC9DDCF03CC93A03C54A46
:1045100020C76668EA4814E72120CC007F2952D3DF
:10452000DEFEF4C3F90199BF50F5B3C74B912DFEE0
:10453000F24E44C3CFD0B842BA09C5EFD25C1B33A8
:104540001909FCF93D37A8DD2E27293C59F6A1B2FF
:10455000112BBA3403C9311EFBFEEAC9DB2ACBE1B9
:104560006040B9ED1AF824DB37D112A5EF012CD049
:104570001612DDB7DD120328F8F2F4FF144DF945E9
:104580009E575047CB040BFCF7F4176E4D55FFD8E0
:10459000A8312816DCFDD4D214F71E4E2F2A6B0545
:1045A000C3041010062DE8FFCEE7EBD3EC07B1E211
:1045B0004F2FF1CC9EC2DFE804F713AEE623A3D958
:1045C0002E0837DEE6070CD6DC19F828F0F90700CC
:1045D000F848621EB313F32413D5030332ECFF0F24
:1045E000F528F3F6DD4809162EBD400FFE21E6F949
:1045F000F9BD32EDC5E702DED5FDEE12030D390C33
:10460000CF06370A11F5C8E7FDD80AF3C1170FCC5A
:10461000F600DE33DE2AE1A22F2CB8DB1DEAD6122B
:10462000DDF71DFAB7E3E6EB1EC326E3D3D24FD97D
:10463000C4E8C9E30EF3F11FD2FAFEEFAC0D38085F
:1046400023C42A52E5D7FBE8C118E63A1C07DAFF73
:10465000C1F208DD052648113CC3BCD1030FFFAFF2
:10466000EAD248F0EB1038251CFFFF08E1AB0AFD49
:1046700027F15FF514F1D41B18230FE9ED1D2CEC85
:10468000E4080E0E33EB07D11AEEEA4856EFDD2AA6
:10469000B049CD28DF100339EFC91AD72FDA0F4FF1
:1046A000EEF8BDA6A1CAAB06FADCF9EACA00DE7FC5
:1046B000BAF00D0D58DB5404D5D0EE01F2F3D6FC60
:1046C0000216F0CC3B2B39E8F2180125DDEE06434B
:1046D00013EF343BF406A10A2CDA2429F3BEF7DDEC
:1046E00038C9281C80CF03E9E700EFF20A394240BD
:1046F000FFDD013FBFB6352215E83CDFD4D2EEFA2C
:10470000A1119BE400F41BE1CACACB1AE6C5D1F59E
:1047100010D9E29226E924103311D4D3FA20E020F4
:1047200016B931232DEB25100035BE0C22E711FD03
:10473000042F1CE9F5F011392713DEF726D5BB1C31
:1047400025F40DF848D509A1E23730BFCD33E2306A
:10475000F6B00BCD1A941DD4F6F3F2E8ECB1F915CE
:1047600022D2E9F6C41B112AFFCB29F9D79BF1F815
:10477000F3C002891BCC2ECDF93E2CF00E09D9E0F6
:104780001CF4C12B29FFC5FA98DCCC0926E71CDDF7
:104790000A01EE0300ED12FB3104F9D2E2E40C1041
:1047A00008EB41F913F7C411D7B2E0FBEBD61A15A9
:1047B0003A2E3AE6B4E70C3FF9FF11AA33D41C3580
:1047C000C9B03F01EDF600AF2531CE37ECBECEFFCC
:1047D0003608A8A20C15F2A144EA900D26EDB7A860
:1047E0002DE616D659CBF312F0EFC637DC9A4AF90C
:1047F00015CB491214C546F1F0004BE17241FF4957
:10480000B80A12FD020E444B3D16F4152ACA2A437B
:10481000163AA2514E1ADBFFB8C22320C2F62B1E55
:104820003814D12AF4F1FC05C40109DB30E1083762
:104830002915F2D40F11FDDECC027B27EF2853F3AC
:10484000801337B40E190749F61466E9280EA5CB74
:104850001824A7234A290B47D302E6310E23D3DFBE
:10486000D3B51D51D037E0B56CE91D5BDED527010E
:1048700006A8E81CC6541412F8FFE30FF71A1B1C15
:10488000DBE02C191FE0F8AD113DD3F432403B5270
:10489000D9FDBB0188443A7904F3F92DCC1BFF63A1
:1048A0001FEDD2A3E9DE01E04EF5F4E924F596A967
:1048B00021150709123DECFAFA378FEFD0154C4558
:1048C0000EFB281118076FEB201718D719FD254E7E
:1048D0003414F0EEC3303644F91D0905E2321E3BB4
:1048E000CB45D912EEE205C20DE6E2F60254579D21
:1048F000184644DEF82C22C01E37C7012DAF03171F
:10490000C938019A3D233B1B2ED8D61805F1E11C6E
:10491000D20D0FFCDEFEEF1DF9E81EDC36FCBC22DA
:10492000441A2EC7D4F0F80DCBFDE91538ECFE1C67
:10493000DE0D10F5E0170F2FD8153D10EDB6E7107E
:1049400029D8830C1BD806F7A02B22DF2120EC26C8
:1049500006150CDDC8A4F0DA2E21F213263542F13B
:10496000E8F6EE01D2F5321821FB37B30F0DFD3911
:10497000FCE0ECDDF0330BE63205FDDE330CF0122B
:10498000D50821E837FCEFA2322EF103042A22E9F0
:1049900028EB03454545042D21EC050BBC32ED14F5
:1049A0002BE12734D5D8F4ECF9060C052FF9E4F502
:1049B000FCCBDCAB24F2EB08103A13FB03C8D8FCA9
:1049C000F53E1336EBFB1BF4F52D3A2501E7E2F437
:1049D000C51E40C9F5DC04320DF52DF2A3F927FD03
:1049E0001627F30C2BF7EBE626D5CDDF1E050204C8
:1049F000D32E273E98E7311DFB0D27A6F4D215389C
:104A0000DF2CF6ED1C0822CD0AEBEBED1DF1CC10EE
:104A1000371C16E6271AE280F128B30131D7D7FDFB
:104A200028FAC87F03CA1A9E1DB0FCD00C131718B1
:104A300038F0681328060D53FD0C14EEDBC831CB9B
:104A4000AC263D2322B13EFDE6DB300F1CD9B45924
:104A50003F183DF82232FB031E214AF5CB411DBE13
:104A6000A9BB68DFD32A311FF41F19BBE41727E164
:104A7000D649C267FB64C8EDBA57EAF904C929DC14
:104A8000F908DE4E43341C0C29E10B7A62CA09C3D3
:104A90001C173218B6E0D90B24D00717CD6D51D2B0
:104AA0003331C8CB5332F70AF9F515D958CAFA0A87
:104AB0002F2614D3DC021BE3F9E5E3C7FB2B3D00F3
:104AC000D2E5DAAF38CFF11DEEB7FCAFAEE6D41ABF
:104AD00040E42DFCFFD2E9FEC730034FECE92F6024
:104AE00037C60305DE1CB04AF03BAB2810DA2E2F88
:104AF000E3C7CA551B5108150B03452E3C2ED5FCA8
:104B000050354A26EB5DC157F5163ADB3DF5112CC1
:104B1000023DFB0F0C15AADA34D92A1E5C0ECC34E8
:104B200054BB361C09044870DFE2301B03D6461024
:104B3000C7F011B2EEF7045DFD23301233F431AB50
:104B40000000000000000000000000000000000065
:104B50000000000000000000000000000000000055
:104B60000000000000000000000000000000000045
:104B70000000000000000000000000000000000035
:104B80000000000000000000000000000000000025
:104B90000000000000000000000000000000000015
:104BA0000000000000000000000000000000000005
:104BB00000000000000000000000000000000000F5
:104BC00000000000000000000000000000000000E5
:104BD00000000000000000000000000000000000D5
:104BE00000000000000000000000000000000000C5
:104BF00000000000000000000000000000000000B5
:104C000000000000000000000000000000000000A4
:104C10000000000000000000000000000000000094
:104C20000000000000000000000000000000000084
:104C30000000000000000000000000000000000074
:104C40000000000000000000000000000000000064
:104C50000000000000000000000000000000000054
:104C6000ECE9D2341217FCAD09F1EE34FE07ED4742
:104C7000180E4D0C52F69FE121462528FCBDF73059
:104C800010CD11FEFEBF150917051E15042A284474
:104C90005225030EDFE4F0CF3BF7FD25320224DD81
:104CA00098EA54B8202916E41E30F6091ECD05DE18
:104CB000F329C426291B3BEC1A1ED427E621DDFC70
:104CC00028CE0A0729E5292FAD0490061B15EF4BC6
:104CD00048F714ECE4FE3A09F930E92FE71B2DE21E
:104CE00023F51F0518CF4539B22927A13BE9C72075
:104CF0001DF549D6228BFCB5DED12EC648DECBDDB4
:104D00000EC7112B071F00EB28E23B21A180340DB9
:104D1000132D123E370F21930C442F3422D426F941
:104D200026F7C9E8F0DDADF8DAEAB7E211190312A7
:104D30001800DC2BC2E141172527ECE91B28F20AF9
:104D4000F91DFD2A3AFBCBECB9F4F7F7F31A0CCABC
:104D5000121F3AD05CFFDBE40917F312E7E9DF0723
:104D600021EDF819F9F041FC40F9D53842DF28C5AA
:104D70000BF7F1E7D5E62D30F91CED1227E801928B
:104D80000000000000000000000000000000000023
:104D90000000000000000000000000000000000013
:104DA0000000000000000000000000000000000003
:104DB00000000000000000000000000000000000F3
:104DC00000000000000000000000000000000000E3
:104DD00000000000000000000000000000000000D3
:104DE00000000000000000000000000000000000C3
:104DF00000000000000000000000000000000000B3
:104E000000000000000000000000000000000000A2
:104E10000000000000000000000000000000000092
:104E20000000000000000000000000000000000082
:104E30000000000000000000000000000000000072
:104E40000000000000000000000000000000000062
:104E50000000000000000000000000000000000052
:104E60000000000000000000000000000000000042
:104E70000000000000000000000000000000000032
:104E80000000000000000000000000000000000022
:104E90000000000000000000000000000000000012
:104EA000D113FE5C1C09FBDA3FE12D12142C2A0AF7
:104EB000E81B2F042727D10F171FDC25CBD204298D
:104EC00008BB06ED38C9F8E7E514271CE71DED34EB
:104ED00017493649E3220A09400643FC2DE607C478
:104EE000B1F15FA7DB2DF4BA49E2D2162D0AF7160D
:104EF00013001C4AF15406F30A0DC2FC00EB4719DB
:104F0000161A3B0BE7D6D2EFB7F788F7FDD45A0B4A
:104F1000381A270CFE19FBD72921FAFC2B0E35F97C
:104F2000FC221AE60CD5E940ABFAFBA215234D0989
:104F3000420AE3E126D0E4C0D40645B5BEC819FF55
:104F40001F00165CEFD43BD509F4F5FCAD80DACF39
:104F5000E3FF1310F60C339A22F619E1D817F1F299
:104F6000281D49EC1B230818AC0BC2E70DB80FFD38
:104F70002707212E36EFEC0A4016061B5600F2DDFD
:104F80001B2AFE492AF9AFF9010BD75C362AF0F447
:104F9000F8FE10312F3A123E09122A3616E10E326F
:104FA00045DEFAFBFC01E92E15DE2303009BFF23FF
:104FB0000FC0E4B74805FC2C4DD9242EF6F604D2D8
:104FC0002EE260320408197FFEBC45FBFC19F0910B
:104FD0001CF8E6FBF7E334F82D3D2B1C324F03277A
:104FE00037681A0E474736F52C462CEB1FDEF212B7
:104FF000281212101B27171E090C1E113BF9F1462F
:105000002FE9465B470E1328252201C5F137390CDD
:105010003EFE515C3F59D903EE03CB3EDD2C272FDA
:10502000A46D3FF91540F5E533F95816F40726D37A
:10503000C918F2270612F5D0D5D2B7323318421C60
:10504000E0C5262FB8422D251CF4130C17C8060CFA
:10505000E2510A6201562261353C1158104E0BE2B2
:105060002F2EF8E23F1F2109F40FFA05573A182EA8
:105070001D49396BF32F113C2BE6ED27B10E59F783
:1050800015F50F10152030E6621555AA102ACF0924
:1050900026F3130E32CAF7EEC122EB3846152D3334
:1050A0002CEBF548190E3ACF555BFAED32F9080DA5
:1050B000F70DC4E03611321348EEFD52E4EE0F3D19
:1050C0004F62C905B305DD44D6E856FE02500A29F1
:1050D000C60E3E654506004FC720390010F54756FD
:1050E000D7BFD47FEADCD50E24DD29C20223C9B4A0
:1050F000E0E6BD2621CFE93B033129DED00C11BD0E
:1051000013000DB52DF009CADC1225E907CBCB3110
:10511000E6052006CDD5DB12033329F60DDDE5C506
:10512000C6D83AFF1A3C29D516D0E6E920E80DFD8D
:1051300017E321420B4107160008BF1E02F9050EB6
:10514000BB1736F412C4FB0AD61ED4F7C7F16AF9AE
:105150000A2C15FFE8250DF11EE2E74027ED4F0967
:10516000FDF7F30AC2250661E1E20EE7EDC61B1C5E
:10517000EE58F1F036D70BEC0E5720DBDCE9010CD2
:10518000FBECF7113F0D640AE8DDCFF6FDCA01D94B
:10519000C2463E170F0701D447C61BE9E2276EBE81
:1051A000062948ECE5ECD305CF07FFFEFCD7D83243
:1051B0001B15190128C5F3EDF5DA462D78013BD80A
:1051C00036242C2313F5F6D1FF38C60C00D7C7F8C8
:1051D000D9E4022D1D05FA10370E165D1FD800F117
:1051E00028D1CFF9E00FDD65EC29EED0D2D5F91E3C
:1051F000CEEFC7F628202154CCD9503126F14CCC23
:10520000C3529B54C7E1F5D504030F13DC2825587E
:10521000C1F7234145199743E12F27DCBABCE31AB4
:1052200031D6D3F41CCEB502DADDE8EFE817474BF0
:1052300019BF17B6DEAE2A114BEFCEB2E7CCDF9620
:105240009DDC7380FF453A9C4FF4CFFAF5FC0CFAD5
:105250004708E0490C1A4B492C41DA560F0A242A18
:105260002FF4D13ABDAED9F5D2D4C329C7C219049F
:1052700051C63CF42DE456F302F6390AF70B5C3FB5
:105280000946F112281A282EE40ABF85FD3A49F58D
:10529000EB090CCC158508B9B80F21B6E0D40C1376
:1052A000E1B72935313005192ACE345A988EF8F1F4
:1052B000D0ECDC3A3A0339B2DB223509FADBE5F00F
:1052C0000844BDD6F8CFCFE89EEA09510EC9FA27A7
:1052D0001908E40500F342001CDE2D3C2C16210FBA
:1052E000F90E183F3D24A73EFE3AE039D9D8EFF732
:1052F00006F44726780CE2D62C2BDF64FD0BCD1884
:105300002AC734F3E8FB3056346BF00E01B0F3D308
:105310002BF2A0C1E91E3907F1E5FA1A32033F8EDC
:10532000000000000000000000000000000000007D
:10533000000000000000000000000000000000006D
:10534000000000000000000000000000000000005D
:10535000000000000000000000000000000000004D
:10536000000000000000000000000000000000003D
:10537000000000000000000000000000000000002D
:10538000000000000000000000000000000000001D
:10539000000000000000000000000000000000000D
:1053A00000000000000000000000000000000000FD
:1053B00000000000000000000000000000000000ED
:1053C00000000000000000000000000000000000DD
:1053D00000000000000000000000000000000000CD
:1053E00000000000000000000000000000000000BD
:1053F00000000000000000000000000000000000AD
:10540000000000000000000000000000000000009C
:10541000000000000000000000000000000000008C
:10542000000000000000000000000000000000007C
:10543000000000000000000000000000000000006C
:10544000E80A0680F13135FD14FCEA3D09EC33032E
:10545000D4F30A25160A220F089F26D3241DFBEB3E
:10546000F93110DAA83E19E41E1A2810FE2B18F2A2
:10547000E9DBF824F8ECE3E3E902E2CDBEF62AED3D
:1054800017EDC6FA03D8F70EB01A082E1FEEFD1D51
:1054900000E3E9DEFA9CE61B0206F7F7132EE01B99
:1054A000EDDAC4F40EB5F8083E3F08E5C9E9EBFEB5
:1054B00031E11BFE1404F2381C210EC702E40AE697
:1054C000271C04E9320BCBF2F30AE0EBF31821E2DC
:1054D00034D5F438DD4106E1020EDC3FC41515E693
:1054E00019FB2A31B90CDD21142CFB1800133D1EC9
:1054F000DBDC0FE92BE222330E1528F0E7E7F9D7C2
:105500000638EF330EF716BE372B2CFD032E09E1BC
:10551000F2392FFAC01F18F30F2FF2D5ACF8F9FCAF
:10552000EB321AC8D5DCE84528F128EBFBDA1B1072
:10553000F3EEED2B9FE7011317342EDFE10733E184
:10554000B930F9E9F305F0951A3C0F15F225E10E93
:10555000EC2A380ED831339B010AA500FFF4DA4358
:10556000252F0D931D1706DD2706E7100AF8F10217
:10557000B804E72B202032DAD8C8FBF437061B0723
:10558000EAE40305A0EAF531E9E5FB011F2FFC2859
:10559000E714DBD508D0030709F211D8D81B1DF892
:1055A0002D07A914E501191DD60225163213D9229B
:1055B000D20025A3D8BD251314F6FFE31F0DE41375
:1055C0002FFDF3F4F3E309F332291602CE04CB05E1
:1055D0003E1B02F41329EC2520251EE5EBF0CE1F1F
:1055E000FA2B0AFE49FDFFCD301D041FDF3026EDEA
:1055F00029F1F2E7FEEF03090BF4EF120C16DC378A
:10560000F5062A0EEF010212F2F72207E72E05F83F
:10561000EAEDFBD32D0FEC1815F7F30431FFF1077A
:10562000F2E7AA15D0F708FD0F0CE62A14F7322688
:10563000E71A24CCE100F1293E242204E4FCDC1921
:1056400016FE04E0EFD31E1CF3EBF3AEF8DF0BE61F
:105650000AFA4C00DBEC141F10FF31C11CFCF3FAFA
:10566000BB11F6E8FA2D279134EE141AEE1106F16B
:105670003BE1031CD31DE680F402A7CC30C6D20D5B
:10568000DA32D7C9180A611FF53B2D111BFB1B2B02
:1056900003011DF60630C826CDD5162C2C1FE2239B
:1056A000DC34E4D8E8103153112C07E62A101C270B
:1056B00030192CAFD6B31B30173BB5032FC22603CE
:1056C00013D0FF4411D241E20A13B84C2F4E0E0EF4
:1056D000FA16DCE9F7CD5F437F4B1CF6C14D06128D
:1056E000FFD4E1ECF92232D4EFE7E1E7E6E729F76E
:1056F000171779F10A2A0509E8F816FC25E71B397E
:10570000D403E727D6404C260B42FFC00352BF40CC
:105710003AE716F51ADF13363530CE2F2024A13B99
:10572000D619CBBC2D1AE1232DFDFF501A0F28519D
:10573000FF0C00D60FC2D300B71CEF3F58B8EA04E5
:10574000124CB5062B52AEBD530A02430613F51B8D
:105750003A0EA8F4FDDD6718F84E5EDF2A5E075D9D
:10576000E53225FB22201C193BF8DAE5DCF20807BC
:1057700045E749BA34D419FAFDECE3FDD2FC38C34D
:1057800027F317F40F6849316910C7DD20FB00FCCF
:105790006117454C1931282F443728D8F92C6A3B1A
:1057A000C843B241354530C65DF50DF115FBE21A2F
:1057B000DF34D3FDD21BC01F1B36F7D0DBF7D5314A
:1057C000F601FDB431B401C8E0E20102FC23F8F1B6
:1057D00003FA2E1EF12B3003350018DDF207079F68
:1057E0009A216AB1FA4E36DD51BCBE191B14EB2466
:1057F0000E2B0D4810F01EE30906D2060BE2F1FC59
:10580000E0D1323D05B023D4CDD19CDC17F83F2048
:105810001232EEF0283405E63E00D6ED07122A4398
:105820000CD71ACED11CBD67A9DD0CD4F543451D9C
:105830002623CCA859C6EBE21022DDE1B3A82C2820
:1058400043BC582005EFF93B36231E4FB19DFCD6D3
:10585000BFF208553FF219AA461105D13932E7B80F
:10586000DEFBE3D4E90CE2CECF050A300EBCDE54F9
:10587000FB395FF21EDB07D73C37E024511C3CF1BB
:1058800023252220F6A7C9CDB337E9631BF0F50C19
:10589000C332432E4713E1D7F715D74937C109362D
:1058A000550ED2BDDC15232B40F2E0D6AE80173F5B
:1058B000DACBC0D5141D052007CA43E9ECDD28D496
:1058C00050B6CBF6500A10F3EAF3CDDC132C50C7D8
:1058D000672B25AF139115CAE52A3B35E515E9D1AC
:1058E000141E3DFAD8FA12DD27D61D16D3E5ABA754
:1058F0001B02D7140822BDC9C8DC0A2EE02D3230A5
:105900002D3760E3AFF44118765626A222B9E4E6BB
:10591000BD42D84DD63F994BA7C03C5E11C80FD0B1
:10592000C2FA20BFFD67053E45D835551D1808E968
:10593000E5468A4DB123F8C913E7995EF02159BABB
:10594000ED14A3D5F1493BE71DA415E3000E12D7D2
:10595000E8441CFDC5F308E4FE2219E914F4F4152B
:1059600000CCA71E37E1DEAA0B0BA4EF060226D05F
:105970001345535196402E010A00B83DEC25352EB3
:10598000034629220FB90B4528F3C4B6444315CD6D
:105990004DAEDC08DB4280ACB6181EE01C0DDFAA61
:1059A0001C9FD04B194C02F5DE1AD6F81F2DE94E7C
:1059B000441606F340D321D2E1821C01303BBE1CC9
:1059C00018181F0D36D4055C08A401F6FE17302701
:1059D000B9E335F3352C0A37B3012DEEEF5CEE3623
:1059E0004AA9CDE117DA14B93A052B35C21A24B207
:1059F0000F325CD7F8F30A35FF00470406F93BB5D0
:105A00003E23E23E1BF2CF35F945310127B60C3F6C
:105A1000DDF82D2942C64CDF2C30F9FB0936FCE0BD
:105A2000B5B4E607DA433218EE55F8A024DD39DACA
:105A30001927E0DE412A20E7BC0F063000193BCAD7
:105A4000C0D4E10B1F07E51408F3C85102E4DFB529
:105A5000CB0C28FA28F8D619FDD50D3ABD5A50E2DC
:105A60002813D9B2154F514DB6C72207DFBC2412F7
:105A7000EE3DE70A28B340E4FB352C063DBBC501EB
:105A8000274B0926E5300DEBC61ED6C7D4A9FEFE6E
:105A9000123FC640D32A10CBC51F411BF6FA62FB4A
:105AA0000604ABF8E631CDEC041BC511D634FBEB94
:105AB0000FC3E035E61301E6CBF61040542A04CCC0
:105AC000EA2BC506191DDC2F090049132A3631BF00
:105AD000F5F0F4BD0711AAE43F1D2E35E0393A1F59
:105AE000F8DA031020244C0DC1C508224A1623E61B
:105AF00010130C02EE369C230FD50FCE3780E70C27
:105B00001F7745FEC412564E0D43F77F2465361BA2
:105B1000CB07EB67CA4BF223C9E0C5081DE912FEAB
:105B2000F201D7F80342EF0819F3D0F5603F2D0FCB
:105B3000EC132BEDC09B46434350EDD0F7D1FBE077
:105B4000FD1E0D17310439231DDE143B35503D1E5B
:105B50005CF528FADDA859192A2DEAF7F10A0F5940
:105B600041F39D2EBDB205F2392435BDC935EE1481
:105B700028DC62E941220F11BD5750D3E1F0F74A0A
:105B80002133381A1DFA1416145FCFB00F30FD33CD
:105B90005D06F4F1ED26E71F3B4CA022E614E63F3C
:105BA000222514F8D2D0E3410832FDFE4014FC183F
:105BB000BA0919C02DCEE922E93533E3129E0F1838
:105BC0002D698A17114042C560131E0E4CEC1F3818
:105BD000F83A2A9F0700653B3B5918C72526DE2067
:105BE00017351301F5AB09160444F1BD2EF4F22D5F
:105BF00000273524CAFB28BF2D730307079F32B93E
:105C00000F3800B7D4403EF11B28EFE60EF6E5341E
:105C100077261855B7F626FF03F0C4DF4748F43A55
:105C2000B50111CE0D69DD0FD4220120044DCD0543
:105C30001865D11FA2E3DFF636C1DCD4E8FCBDF85D
:105C40004FFF530BDEECFAACA118EA27032BE9F562
:105C5000CB35525AD5F9CC63EFEE63340BC713F64C
:105C6000E247C5F5EF64D8F4BECC2A575701CFE51B
:105C7000FFD114D0A8211E02240CE1DE062965EF15
:105C8000ED09F4450EC4B3ACD1AAECBCD8E75BFF78
:105C90002962DE3904310EB45D57DEE138A3D9063E
:105CA00084EA1CF3CDD9CEF2D7F82CD2C5E9210D68
:105CB000DEE801E6470104F5CFF815EC9FFE245C11
:105CC00057CB334E8EE8D9FCD80F0E44FEEC01D6EC
:105CD000FDAB04DA03F6ECDB45E201C80D3CFB90BA
:105CE000160D25CDE9FD28D7EF01190103A7FC1AF0
:105CF00031ED71135CF4FA407F23EEE2DF1A15F305
:105D0000B9E203D3F6B6E8D107C2D85F3613E90D7E
:105D1000B2FCBC73B53F12F2DB3305AE31E2FD13CA
:105D2000EE069595F3C89CDEE7D644F89AE3E77053
:105D3000F4B4CFEC66EF30B81CA3120AEF12D5EC26
:105D4000F81A1580DB2D23270B04F542E72CFD08FC
:105D5000FF30F8281230F215E68FDB2B453113386F
:105D6000E127EB318102F712F5F5F13122284302E8
:105D70002CD9E4FD36043EE200230F04EEF708EBD5
:105D8000031690FE26EACF27950D0BE7E00FDDF313
:105D9000F11F019B239A0B1B0BF637BE0301E20692
:105DA00002D6CD351D19F226181129DEF8FBA622E0
:105DB00030E227041A2BF7F10F3A4CD6DC08CD1A43
:105DC000FD2A3C2A1FE3DCE2282415F519FA1B1BE7
:105DD00025A62331D82C05F5E5E5F9243A22E6433A
:105DE00007EA1131F0F7F3322D22F6210C2B3203A2
:105DF000E6CC02A0F0D6DF3DD21739280DD8BE314F
:105E0000250BF421221D1EDF1CD11F4C3516ECFB87
:105E1000CE05D70914130E491B0D01DA920D09396D
:105E20001A27DEA6FA05FE3E21DD17A81A1935EC61
:105E300020190A19D0DA2AF52A1E02B8EDF0E9E392
:105E4000ACE436E724080BCB4D38EE2FEB2915D701
:105E50004B3C1DF0C8EE08B20227B3DBF1F5BD02E2
:105E600000F7464DBB13F5086CEE2758E601F33EEC
:105E7000B41C3A5102262D54D22425382F37300035
:105E8000AB2BD8EE40434D5A1039CEF041C25BF9EE
:105E900076F1AC2F5C14706026FED42312FCFFDC7C
:105EA000CFD237416A265216B80EBA9FE108753D27
:105EB000724734206B12DFDE0252E148E0DAAB6851
:105EC000DB4D06E55E5AF9FF4D4DF4095B0E1CFFF4
:105ED000339C59B2F6D646E6EBCF35DEC5751C6865
:105EE00064B2CF010C4C3B3E0BDA00E959112F157F
:105EF0005B5CF904D1CD60596FF823EA6855B114A1
:105F000051531CB2717A161119182A0450BA4C3820
:105F100050E7FA1816A319E01B1FFE6C01F3142DAD
:105F20004537D8E9D607010EE45A1BE32DF127FACD
:105F3000E63A8AD2DCEA5304FE47F82B06690230BF
:105F40004660201C1A5A2363E0591AACCC25541918
:105F50002E04F5B72EF4D4101E072027F65AFA3F68
:105F6000601365F3F32F27FEE73BEE7F3028E09FB9
:105F70002160380F0E4BACE55458EA49FBED43184D
:105F8000FD501C4EBC212EEF4552F9090C4E33D664
:105F90000EEBBD4031E7F425ED5ACD1C23F5CF0FB4
:105FA000D8B9FBFE0CF711F53050F7E460CE170FAF
:105FB000E1E2E4ED9BC932275BFFE9D71908F10163
:105FC00021F160F30C65171F2FFEEDEC200D6B37F0
:105FD0006338010CCAE655442B25FB30F10C3846DA
:105FE00014EBBFF1A196F1C84602EEC9F72C451299
:105FF0004CF40EC542D91D3FE3C35C039F15F9481D
:106000000EDE13DDDFE4EB42B0CBC102C862261620
:106010005E49CCE740D2FEE81C5F0CE6B0B5B30F9A
:1060200049E4472409E07D273CAE1A7538E8E4C806
:10603000BF04CB0606B3DA1EDF3B3DE366826BCFBF
:10604000F20BA502FF5936C2EB28FAF3E6205C6B8F
:10605000D11EC105C2FB514D2FE73E427FD822EF32
:106060001E4D1D2A00B036321B60BCB8E4DF28206C
:10607000BD04D4F240381ED81E4612621122121CF2
:106080000D14C41D02FCC373691DBB3BDBDBCDFCDF
:10609000083A2151F44AE9044E11CE16481E38FB45
:1060A0002F591BBEEFDE5C09CF26FEF1F313DAE5B4
:1060B000A2F3F7EDBED5423314C453194CD4C8FA39
:1060C00017FEF930EBFDF757D91F0CD2261C181517
:1060D000CA29C81F19D2E5F8F52B542E191CD4383B
:1060E000D82EC14B1D0603D59245DFEEC440DC55CA
:1060F000390905C0DAB3E9E9ECE3D9BA134B4056E4
:10610000FF089EEADD9DDC31EF560908D02DEDBE7B
:10611000F5F545FE4B03032C3AEF3EA54257AE1A68
:1061200036E94911FFBDF8B459ECFDDEFC3E0D3BEC
:10613000F7BBCA1C0DE9B33CF22F98EBFB14BADA9B
:10614000E3E40F2920F0A72F031C08BA3EFA0E47FC
:10615000082A2FE6C9DDF8120CEA40DCE5E5FFFD70
:10616000E3F2CF071D2324D659282B23D9BFF9BF2B
:1061700019091B16D23B48310344030CDF01E20628
:106180000E47F0B5E900503EF8E2C5C73FBFE2D682
:106190003352CDDA80CBE2CD02EDEBD3D7AC5C014C
:1061A000AF461707CE1551853312EF27FB0D391A6D
:1061B000184E434B034503A7D55EB2C04C0AF829DD
:1061C000D31101F91E4EDF04D710FC01CD13C9F025
:1061D0002043D1E69FE0E8CE1E0021AAF41EBDE4D4
:1061E0004A0429EDFAF8EAA5BFE83711E43ADDEBF5
:1061F000B53A6041D82BD342E8DC1E2B31D10AE8F6
:10620000F63ECFF8E349F4F6F5CA12362AF6ECEC7E
:10621000D4CC2AFCAC07EFE4E4ECE5EF071C2FEC50
:10622000E7073A3109E2A9CDECA101BCEBEA4BE169
:10623000FF37DA05E024EAB72432CAC149D0D1EAEF
:10624000B3CA2020B1E5B81608E603EDE4E969E039
:10625000E1D5D6F54EF5CFFACFE7F4FBB0FB2A3502
:1062600041AE6745CDBAEED8D03DFA34F5FDC1F563
:10627000D1D210E1FE4023F72EB5D2BBDD20E4B829
:10628000DEDC22C6E0EA23EC02200AD5E4AC1112DF
:1062900010D932072AEDEA025013E32212E54DEE3F
:1062A000CBD718E616B2E69D12E2C5515AFCC80CCF
:1062B000BA2ACB43C94C090CD1F816E00ECAEA4100
:1062C000FBFBA9BFB6B9B8E8DEE134B781F0F962EB
:1062D000E6BCE70051F335D1F1B325E5D308BCF2B4
:1062E0000E4B03E97F360AD60EB701E82ABC4913E4
:1062F0006810EA43BEF30BD339C714C41F0703DB8E
:10630000F34B7F0DEA47FA2B1221060E2AD0DA242E
:10631000D879F226320106FEE52F681736051D06EC
:106320004923883C4DD5B20AC44E43B2D546B84A3B
:106330002CF93816F7DBBDC6AFCD0106E6FD3227D6
:10634000DB2D03DAED27FEE535244FF91658DBFA8D
:10635000D70BD617F01DCF1B2807ABE74D08AFD1E1
:106360003381391C0107DE1B3B3A36E90F4A58FCE2
:1063700019BC1D582D47D8DDF548FB3FD76767BCD2
:10638000CF2C632D31DB91A04C6BEBA6F102B7074C
:10639000F3FE04F7CD4226FF2B9028DCA703D72677
:1063A000F7B4540CFF24044B52E0FABD3DF4A4E0D2
:1063B000060D3FD35D6DF8EDEAF88327A3BD2C04ED
:1063C000F3FDFDDFC8C35BDF11ADFD4B6EF7E1F1FF
:1063D000E4E8EB0DB705F8FD2A00DADDC433283E0A
:1063E000BD09CBF300D4D6B8F7F765012431632B90
:1063F00020036DF1390FD1E5FC4ADAD038D02B43B8
:1064000024E16026FE07187FF9BF40FD040FE996DE
:106410001200E3FFF4E12901222A25142754FC2766
:1064200030671A01394535F61F472FE81EDBF11199
:106430001F101E11071318250C0F1D0A36ECEA3623
:106440002DDF325D4E180F201416F5C40239370FB8
:106450003DF452483244D605E808C62DE32E2929DA
:10646000A8682EF90F17EDE236F6510DF00626D288
:10647000C519F4200714FFD7D4D1B9233311311F24
:10648000E3CC2730CF30211816ED19FF18CE050DBB
:10649000E83F066308570D5F31340C59FE4A0BDBA9
:1064A0002C2C01E72F171E05F110FE0C5634182A6C
:1064B0001B3C3351F4280D372EE4E919B61145E998
:1064C00012F60D0A0E252BDA601556AE131FD50CE9
:1064D00021F1130229C2FAECBC22F32C320F2A3824
:1064E00024EB04391FFB28D15845EEEB3AE60007B0
:1064F000ECFBC9F024123B1044ECFE43F5E41338E6
:10650000405CC5FAAD04DB33D6FE44F4FE4A022FEC
:10651000B5FF3765450DFB3AB9182AF811E93A502D
:10652000EF310CD8F8E4EB6006325A1235F4E4028D
:106530009C1EC942EB4C25559C060EF1F10BC61270
:10654000EC03CE0F0BF03D0AFD35EF0068494344E4
:10655000D10A07F8FCA6EB2B467FC5BD19DFD5DFB6
:10656000F5CDEFE9241E53DB0AD8FC255C14104559
:10657000611C4D08DC04EBD15E380250FE33291E4D
:106580000921A0F0EDB809EA05E4FFF5ECD00242DC
:10659000511C35043E5159DDDDE204E6D433114C83
:1065A000F3FE5940FEE7CD3F1520BDDFED2BE15F47
:1065B0004240BF4B24391E3BFC0AA319C9FAF035EF
:1065C00023FA083BDE1B2329EDDEF3401AFD52338C
:1065D000F50040E4F7EE2F4206F03701489759E204
:1065E000E64998F1CF4518CBF06E020209F3FC5D45
:1065F000CC35E9E9CCC83E5E191258D6FD09D24621
:106600000C1A1722FCCEE53EDB3F0AF8F9E2013B0B
:106610002C00FC18F1CBFAE74A6110390A07F7F0B1
:10662000F101F8E70F2E2F004F58DEE10FEBE2E506
:10663000231F48560953F9F432E2D8CA5300F3082D
:106640000EBBEF6A254008BDFEEE0930FAED4601AB
:10665000E3EBEC0DEE2FD50D076D12570BFC150C6F
:10666000DFC73DE2F7CBC6D806FFFD143D3B0E2445
:10667000FE4D0D5BDC2740DFE52E29F0F22C4FCFDD
:10668000A7CA7FB3E1FAE0C42500CDE23F05521A64
:10669000432AFA6A1E3ACA3EFC01B4141AFB29C105
:1066A00001CFF8F34BCFC60E193FB41F2FF1EFF215
:1066B000DDE9F644EDF6CBE354D7D22AED0229E426
:1066C00048140C0941CCD31FE6DC45E9370FDC1731
:1066D0000A2344CB25DC0EF9CCF022BEFAF53F04A8
:1066E0001C2D3D31D32DDA0D53CB2424B18CFAFE71
:1066F0003010E3E5C35B40DA06110B43E5FBDC2415
:1067000052C605C50A2D20F3B340BEBB20DA1733AD
:10671000F12F3AFF3D0A14ECFCBD292C2612F9F3A7
:1067200022CC19FE5A24A8E324EDC5EA2F1AEF3D26
:106730002102203C70F2D63F091DF15561E6F712A7
:10674000F2D43746EA333279D02B112D198B16CD7E
:10675000D5EFECC74CFF3B4A09F12BF02EB02FB31D
:106760003605B09736CFDDD10E36E5DCF30EFD569B
:10677000BC2D34FFF631DDF6398708F3FACA45C778
:1067800021D032E180AA033701CAF93AE42322F882
:106790003D0D2EEA08091A28FD010BC5010638B681
:1067A000DF359FA10C0C0DAAD918A6F2EBF9E1FE7A
:1067B000F5EFB18922A5222F262438DEFC2D0BD837
:1067C0002B050715FB0C3FF509E8D10707FED54B54
:1067D0004AEFD81D001006FD122E1502BD2EBD0B6E
:1067E000E72AD8B556CFE4A2E71C09FDDA04D1E0C8
:1067F00034B1F2EA309525D819A526ADEEE81EECA5
:10680000E31CEAF2B1F222301E21E5D9A5BB39BF63
:106810003AD1EED9FD072DB3E43832D50226BE3683
:1068200036E50A0B06BFDD0FD40CAFDD2F175A1467
:10683000D51AD4091E022FF945312BEFA915E514FD
:106840000EE5E3DD3241E842EE9F2EA5F43B3F1E0C
:10685000F9061622CD011B2FCB0331C4FDFE15C74F
:10686000CA003D0C2A220FDE163F1237D4CCEB00B3
:106870004937BB91FD02D9C72AF5A0D635FB1CBE0E
:106880000B6E6017FCC7352A09DA551B27F5CDC9F1
:10689000EA44CD4FF741233694E413E22536AAF5B6
:1068A0001B3FFFBDF13910EB0B3D34B64B3B625142
:1068B000BAC013969AA9D47F055F1CCC34CCEA42A7
:1068C00032BD300F222D3802F80AD50A5C3B09543C
:1068D00017B3F73317E0023825EC0F422C6A146324
:1068E0004F3CE955B701FFE22842EE17CB321F4477
:1068F000350555EB3B5230DCC3F5522A40FE3F22B2
:10690000C200051F14D0F302481FB5D3BF1D1C459C
:106910005E0CA9E1321BFA5B2BFABCF4CF06EFE266
:106920003D13ED04FDE6685AD8FDED4820DF471D14
:10693000A620FD2C34BCE8FADC495AAC2DA213B9D0
:10694000F74197330726EFCA524642201006FC381B
:10695000CA1005D716C84F31444E4A1232369CF041
:106960001C1FBC16130321CB2CE30621CECA11C079
:10697000C83C2425EC2D2B0A4E20310A23A33919BB
:106980005809EED32A1037EF4866AFBB2D17A31571
:10699000E635024AE85FD7CAFAF0E31430DA53ED7D
:1069A000F73E44B7D525FB1203FEEC05F11EE1FAD4
:1069B000F61B12FA1A36EBF7C4AA1ECA27411C3678
:1069C000E317DBEF89101A08E811070FFA1A2234CF
:1069D000E91C2EE1C1C1F8E32BE7E615BED7210380
:1069E0002EE282041AEAFE04CFECE146FAFD190910
:1069F000DF243A9AE285FB172107300C04280B4369
:106A00003E30AC36F4C644E0211E47F5D2E8DB1D2B
:106A100041DC27EC1C37390BF7F839D902F5E22AAB
:106A200027074D090CCCCB9811EDECF7BF0AEE010E
:106A300013A6F838F929CB292911A207C1F1141B93
:106A40001FD9170BE015D31809213EEF3B0406258B
:106A50001CEAF7CDF5DC3A2E062625C00306F9CE52
:106A6000C828A7D6F10118E212021611FFEAEFEFCB
:106A7000F90D2AC60C044FFD040D29D9942FD738DF
:106A8000E9F817CBFDE501F834CE24E8EC05002445
:106A9000F50A39F4ADFE38FE255429CCFBF0FC2F65
:106AA000AAF226060B490FA011F01C2B062D06FAA0
:106AB0004A1A44020B30F783390981B720F2BBF13F
:106AC000E7EDF1F3F8F6D8F0F7FDFCF1E402EAFAAD
:106AD000F3F7EFE5E4F6E7E0F8F2E3EFE9EBF3E9EB
:106AE000FEE3F6F7FBECDBEAF0EDEFF8E5EAF0E9C0
:106AF000F3F0EFF6F5EED8FBEEEDF4F4F5F3EEE29D
:106B0000E8FFF0EBE5FCF4EAF8E7F203F6E6EDDC8B
:106B1000ECF2EDF3E4F100ECFBF7E8EFF8E5F2EB73
:106B2000FDF1F3F7EFFAE0F0E5E3EBEDF5E6F6F66D
:106B3000EFEFEFFCE5EBFBF3ED01F3F3EEE9EFF53F
:106B4000ECF4F6E8EDF6FEF8E2E9EEECF7ECFAF23A
:106B5000E5EDF5E8FBEBF2EBE3E4F1E8FAEBEEFF51
:106B6000F3E7F5F0F0FFF6F9F2DFEDF7EAEAEDDF33
:106B7000E8F0F7F4FFF7F5E2F4F2E7F5F8F3E9F4FB
:106B8000EBF2F5FCEDE8F4F9E9EAE5F7DEECEDF916
:106B9000EDF2F3F0F5EFF4FBF4F9EBE3F0ECF2E5F2
:106BA000EFECEEF6F2FFEAE3F1F8E7F9F4EBF5E7E4
:106BB000E7FFEDFFF7FCEBF7E7F3FFEDF1F6E6F8A3
:106BC000F5EEF9F5EDFCE0F6F1F4FCF8EEE7EAFF9E
:106BD000F2E7EDE8F6EEF3EDF1E3F2EFE900EAE9D2
:106BE00024DDFC63E2EBEE9E6A2AFCE032D604FC74
:106BF000D5C6490D46FE976CD914215C8B1826C664
:106C0000C0F4E5EE74A1F1DE2932281A4829DE2EFF
:106C100045B95E36E7E627F94B10F2FB4BBB01BDE9
:106C20009AF90FA5314948B1E7D8ACCA21EC432CF9
:106C3000F6F2DB7811202815D722E91AC9022A2298
:106C400042D0C01EDACA01F809CBC6501DF74DC4A8
:106C5000DA0665DC030BD32BC208B138FB490CF70D
:106C60001BC1FBE2092121499603E4B7352B1C0621
:106C70002C1AEADCF2FD34B5D7693D1400980F11E7
:106C8000F82816D21C1105EDF7DB28E3FEAA4ACD41
:106C90000F212D6142DB0DB21A2913F22CC0F6E848
:106CA00012E3D7C71656AFF1F7DCC21FE9171EFC77
:106CB0003449E01CF4F656D3F125610E58F0D11F8B
:106CC0002B0B2F14CA449FCC806709350BF0D5A835
:106CD000ED37032C6C3CB71AF350034A0ED2F41A6A
:106CE0005CD6E1FBEDF33B503626F6DC38AB2FF9F2
:106CF000D326F6F1E22BF83223F5093C5FF0FDAC28
:106D0000249FFFC71832CEF5FFAF27ABCEE1522A42
:106D1000575610C4FDB309A66B143C3AC71E25B2E2
:106D200024257F46CBE018E011DC1D09D917B7CD2B
:106D3000256D2F546D6A15D1DBA62B6036FA412ADA
:106D4000C6E30609E2E896CD0F4B10B6F4BBE5BFEB
:106D5000D7F416F8D8E9D7E6A3172E1E111A5AC190
:106D6000BCBC52E6F515011AD02CD2513A01F8E715
:106D7000F831C23DA5E1EF2C3745C62F29FEF9F4C5
:106D80000A9F1100292D4715441C6D2E1BD641A4C6
:106D9000C31068F2EBDF42C2FBBC02DBFCCF0E3D4E
:106DA000201500373409F1FE1755CCFDF2D2E11859
:106DB00023DD06F6AE0E2ADF5FC7C433F130EE3FA7
:106DC000E4DD0ECD4BA9243DD00018D8D6E8DEBFB7
:106DD00039D311536B3597B2F8AFB9EBB0FD41CB56
:106DE0004AA2051C02F1D2DF001A4A4E2246365250
:106DF0003D23081FC150D06006E0FAB73715C469BB
:106E0000EDD40F30EFE0DB0BE0D22A00D7CD0C44FD
:106E1000F030E5A278C5222104F53949D3FC08F108
:106E2000D13BC90A38E32AC6F2E201DE20DDF518BB
:106E3000D917D81E3E25B5371463F5249621DDE811
:106E4000EE0B03B80FF81C5529F224402A1A1AF247
:106E500037D8150BE4A4F443582B182700FB3E9BAE
:106E6000D9EF75C70022E8ECC30692E31BEB0822BA
:106E700053DCB4353BF3C01EC6E7BA3B0FFB0B3CFB
:106E800012B23D17D8AADE4DF71E982A1FD6F12957
:106E9000381838FCD0F7174243F216C7CD0114DE7C
:106EA00051B4291F3445354CCFDCF4FA3912F54B77
:106EB000FE603EC13BE9D2E8FA27FF11D4B5D0E12C
:106EC0004948083B48ED3BCC26E936DFB98032E340
:106ED000B121BF0048083BAA3AD41BE7D71720D1FD
:106EE00058BEE9B0304BE8E6954CD600ECF14F3A8D
:106EF0001F12DABDE4ADE2DEED0041DF6A31FC2FA6
:106F0000E5E316E33AA7B204DC3518160B14CADB26
:106F10002AF33112F40715D701331769E9F0273145
:106F20004C9ADDF8DFD710301C0CF61F44BAF5E898
:106F3000A6C4D41F1E47BC1FFDD12932F9F6CCB21E
:106F4000C042056DD7F4E1B51FC9F634351F0F22D5
:106F500015314D0D473ADFE9C91CD5F9C5BFDB2313
:106F6000269637ED04923229C8E9D2E72229FE504D
:106F70002DBE36FBBE1B36E6FC3D2BCE17F52CC4D2
:106F8000A4C247D3BE380CD213C9A73C56E91DD8BA
:106F90001BF9E2581E30031F24EAD245ED00DEF350
:106FA000CCECBD08FAD2D11CCAEAD1392AEF513B48
:106FB000381A4C0F2315E4F606371305B3CD09052F
:106FC0004A16D1330EF108F09143F5CEE4FC30D9E6
:106FD0000C1CF3D3029CD4EED10F1CC018A41FE3E9
:106FE000CB1B30212927F6E31FB21EF1C0803621CA
:106FF0001B3CF9513E2F0090EC2A561BE2EAEF1F92
:1070000045CEC9211DE602FAAC41E63401022C50FE
:107010002B37E00CD1EA10F6F921151B383FE7F6C3
:107020000730F12E073A94161826210FEF1DF5C3ED
:1070300001E14CE16900E73A07E1D73514ECE31EC2
:1070400015BADB3B4849DF171C47DC2748DE07B988
:10705000D9C4A3ACDDF7D75E2DE9F06032F1F6A418
:107060002CC4F0E75748CDD6F3CEF1DCC12E1C017D
:107070001D334A9CF3BBDEC17900511FF8CC2EBEF4
:1070800047EC7F4503E2D9F628C60E45960192F4F7
:10709000DD5D2C46284513C5A99A3D5F4A363F0E53
:1070A000F020CDE9C633D3D030F71EF2E3CEE5B9F8
:1070B000E601E5260C589C52C9D72CE50E1F6FB887
:1070C000DDE51F0F560EE349F6F3EF09301D11F110
:1070D000A47BCC5BC3F7D8047507C8E4420ADA98EE
:1070E000E3C4EBFED0ED2F170BF36C3227DA69A166
:1070F000C4F238FB5CCA08AADDE524BC42084B1F79
:107100000CCC3E1704E8BCE2EC3AD1EECCEBB1CDAE
:107110005601EEC8CE2728F05AC3DAF5CB560B310C
:107120000BE458F60DB9F423D3F0D7CC081A17ACFA
:1071300038C375365202CFD308F6C447D4E122D7FC
:107140000DD601D45349F7170DE0094B2329EE263C
:107150004025D724CA2EF72BFA9251BF1555C67C6D
:10716000B50D012A25060A0DAC8E331319F63733F7
:10717000D13A0EB873D125FED01A35EFFEE3CFF029
:10718000100231DB41042D11FAD41BD9FFBFDDBD44
:10719000393C42310ED520322DB6183D06DD1B2E6E
:1071A000B234ED3DC92712234F12EA37071DEA34E6
:1071B000DD32AF2216FDE30807E92A3CC35B342128
:1071C0003E0FC4F242E2BE2DC14535AAFE2A311C53
:1071D000F503D1F628CDFA36C3F9610839EB40E55D
:1071E000A02C15E8464022F10E0164F83117E4D2D4
:1071F0000C13BA141EDDC10E30E1B415412CA9F9EF
:10720000DD800A391ED0E4DE4B133130EC232AEA4C
:10721000DA092BF1D8591A320E180834470AFDB092
:1072200030071CCD152991B00709C0D131D6295D91
:10723000EBE7CFC1C4031FF8120AEA360DF2270AA2
:10724000C6C2EFE03D2C37E95AE814DF0CFFACF67C
:107250002033E3EC091CEE0D1CE49EC4B6DA2B3897
:1072600021D90516F12D1AF04213EACF32F942491D
:107270000902C301A3DB29EC35F025E5FBFAEB1687
:10728000F5113D0202CE3A021DC4370C1211FCCE9C
:107290001D45012C2AEFE2CA2368FD1C14BDCF2D29
:1072A00030DE62290405167F04BA42FEFF17F5940A
:1072B00018F9EBF6F5E238FC26322A183753052880
:1072C000376C1C0B3E4C33FC2C4B32E621DDEF14AB
:1072D0002B151D0F132018200709211239FFF54720
:1072E00033E038604C0C0D2E1F26FCC6F13C320EEC
:1072F00041FF56543D52D708E902CC36DE2C2D2CE6
:10730000A27439FB1339F4E232F95710F80A1DD18F
:10731000C717EF1F0713FCDBD6CCB428381A3B1A6B
:10732000E6C62937BA412B1E1FEE140E19C60910E6
:10733000E3440C67035921623A380A5A104E09E0B7
:107340002F33F6E23A241E05FA0EF9065A3A1431A2
:1073500023443962F22B113E2EE6EC2AB1124EFD87
:1073600014F10E12172238DF661656AE0D2DD00717
:1073700022F3130530CAF4EBBE27EA303A132A355C
:1073800029ECF644180F40D65350FCEC33FE080DA0
:10739000F60DC5E42D10310D48ECFC49ECF20D3C26
:1073A0004760C8FCB304E23CD2E657F906580C2CFF
:1073B000C40F4066450DFE47CB2530FD12F4405703
:1073C0000032EFD0F51A07E11AC6D01235D246F6D0
:1073D0000FFD5CEFDFC053CC1CFE42F8391816F1EC
:1073E000C708120FB5491F3AF9DA300904DBFCE986
:1073F00025FFBC1221FF06E010F7F709CA322F0C57
:107400001313F23E12DEACFDF4443EC6C93311ED57
:10741000F349F3A8E708E90EC0BE5903F5010FDFF1
:107420008025011EF8654E1E2B0A4C47375599DB07
:10743000061CBB0F14F5F9F40EF8AFE83F13B4EADD
:1074400015CF290D0F410DAD6BEF282CFC39C22D46
:10745000FBE21E09B21756392F1C0C0B2005E5E87C
:10746000FD081ED5FBFB9FF93A3ADFB7472CCA63EC
:107470002D2CF5C69F1C1C382BE9FD1FAF1FEB2ED2
:107480000A19FFD14E2AED1C271A3CC60232DA97A0
:107490003BD6FD31E448E9ED041BA22989001A38E6
:1074A000FC0805F312F90B1D50E032BEF033403AF0
:1074B00062DFE314C4CE0504151CEEC32B18452B64
:1074C0008D3E3B3FFAFB3402FD911DFC104737A077
:1074D0000B724E2C04F9CDE61D2116DF47040C1863
:1074E000DC1BFAD907DE0B003BBF08DE1D0B4A0D83
:1074F000051039EB272930CF19F115E3022219EED7
:10750000C22A343DC4283F124F20ECEB20442533DF
:107510001C11C93016E2553F1EF1F2E8AC4BDDFEFE
:1075200016F7C7201BB0D2EDE96EECC0D7D938EC06
:10753000E51E3EED0DC2C5EF11243EFCE84814C522
:10754000DF0800FB1DE6DCE7153EECE0403EBE0038
:107550005C181BF7140CE7CEF2E4BEBADAE2EDFADF
:10756000E2DD21FF5BD6C480402BDD10321903061B
:10757000CC9B43F60C24E4D9F2D42A23411703D739
:10758000E3D2DFF3FDE49CD6391113EAE62303527C
:1075900048BF28C0E8172C55D92B142BFFEAA1416E
:1075A00035012C173118F81BEB28FC245C2D04F056
:1075B000F52A3E41CB512C394C191A2DBF2CD12420
:1075C000E134FC90F72A13FF0CC04FA32547263F58
:1075D0003F5718E5ADCD34D9D41647D8FC03E4DACB
:1075E00096EF4AF5D8E73A8B20E4FA2A417031F455
:1075F00039314745F91200811C20EFC734CB1F1ADF
:10760000431500005E11000015FDFFFFD8150000B6
:10761000F4020000351200000000000068130000B2
:1076200001F7FFFF1E050000BC0A0000D0060000A5
:107630009FFFFFFF2A0A000023EEFFFF37F3FFFF43
:107640004E0F00007DF9FFFFACFBFFFF12FEFFFFB6
:107650001F030000900C00007D19000014070000BB
:10766000F8060000CF18000057DDFFFF0000000003
:10767000CE140000090500001D120000A00100004A
:1076800042070000111E000049040000050600002A
:107690006213000021F8FFFF570A0000BB0C000036
:1076A0005503000066F6FFFF1E0600000000000004
:1076B000FAFCFFFFFFF3FFFF221C0000FE070000A3
:1076C000720A0000A103000004F1FFFFEEF6FFFFC5
:1076D000F9130000181E00000000000007F0FFFF73
:1076E0000000000063DEFFFF85FDFFFFF8130000D0
:1076F000D91000001A0400009115000000000000DD
:1077000018000000F2010000970D00001DFEFFFFB1
:10771000660A0000A10100009F0B00001F07000087
:10772000CF140000860B0000E40B0000FA0A0000F2
:10773000480900000D020000DFF1FFFFCD08000046
:107740000000000028FBFFFF66060000C8020000E2
:10775000A61D0000B0070000EF05000020F0FFFFAD
:107760002E020000471D0000000000008DF7FFFF03
:107770000000000071000000230B00002D0200003B
:107780001505000000000000F8F8FFFF5908000090
:107790003B080000BC030000DEFDFFFF3F0B0000C4
:1077A00038070000000F000014F6FFFF991F0000CB
:1077B00093020000330C00005B110000C4FDFFFFCA
:1077C000080A0000C81A000035FDFFFF6B16000014
:1077D000701E0000DCFEFFFFBCF5FFFF1FFBFFFF7C
:1077E000AE1C00004DF5FFFFC70D00006E06000047
:1077F000B60E0000D50A00008EF2FFFF980D0000C3
:1078000067A543A5349D0052B203FCFA00FCDDBF1E
:1078100098B0B5B6C8B006B7F62CF000338D7FC768
:10782000BEC5D5D7AC25FCD51503EB00E7D0A2C16A
:1078300019B6DBB4454D000D000009EA4175CF00D3
:10784000AEA044A8E645A54141FCB607A72C91444B
:1078500000C630FEC76C0C2418DE00A60034F9F315
:107860009F00C2CFA04314B3AF73B2C1D8F1544349
:10787000FCA512B7F2E200EC3317972912FDF0AD28
:10788000DB221B1BB3F200C7DCA90A0D000BB338C7
:10789000DE17F6F298368F2A25299500BB33ECD7F0
:1078A000291BDD2FEEA50B31C7A72E0003091AE90E
:1078B000C6C2C3F712E500F900002D20D4B12200A2
:1078C00007FAE50D00B6C02FB60BCCE817ABFACF20
:1078D0000012ED1227C4C146318100CA00BC0BA0C2
:1078E000C000452722BBA8D01DF3462A2A35A03068
:1078F0000C05A4E73A2500D3A392CC983C0B1305C2
:10790000C1250707F42800C7A6F8E6E700E6E33636
:10791000280CF043F2EDD12515D94900C336E2C752
:10792000220DD223E1AFE62E2183280048451432F0
:107930001B301D47F59000D50000291881C3FC00BD
:1079400007F3F0024CA92D0E1DE6292D12AAF38093
:107950000006C2DBF2B9292E29F400270004E5D77E
:10796000F1003E301D1318EF16324B252E23C016A2
:10797000E6FB1241342100248713288C2AE6FFF508
:10798000C9D5C3AF072500B2DD0A0B0B000AE6EB31
:1079900028B7A3060714ED2C1822BB00E9D6C4FCB7
:1079A0002A16CC2DF2D30BEB2B9F260046D0213686
:1079B00021D12EFA809F00880000B6C2E1AF93006B
:1079C0001202E7B2E3BD32A4270B2BE01999FBC9E1
:1079D0000011B814EEF3CF9FC3080024000F0AEC87
:1079E000F900CFE8221DAA2C12ED142E37AF8B968A
:1079F0000D0425DC3DE30030B42E2B9A9D0A97AF91
:107A0000CAB8A220CE2900E3462B04FAFF044FA1F6
:107A1000E9164EB9403128AE90E7DA003F0DB15D6E
:107A2000B2AB4602862A05A7BD33BC00072CFAE29A
:107A3000CB5A240B3031000C000012A243AC2200C0
:107A4000FDD5CD1FCE4805D0BD02BBF89B15F9175B
:107A500000B236EC38D4D03CAC43001C000201C666
:107A60009900BECDE1B158208BD30D14BFBDB12616
:107A7000FF81243AA9A500E937F7E20E4204360057
:107A800059FCFFFFAB080000BFF2FFFFAC01000094
:107A9000DDFAFFFFC8F7FAF16D0500C4D03B04061C
:107AA0000002B9F607FEFEF61EEF28FEFBE52000F9
:107AB000B8F9CFC3FDFCCBF9009304F8089FFD0093
:107AC0000AF6FA0B22061DFCF9C400F50000F6F9CF
:107AD000A2D7EB00FAFFEDFEF29414F518040CF4B3
:107AE000FEA9FED400FFE002E5D9F1FEF616000380
:107AF0000012057F1100F7F7FD17CE20FCE9FAFE12
:107B000004FAC7FC03FDFAF4FEFB0042BA3C12BFC4
:107B1000FD03FEFA59FEFFFF232D302B2000686C79
:107B20004C006566674546470030313233343536A0
:107B300037383941424344454600303132333435D9
:107B40003637383961626364656600000000000002
:107B5000000000000000F03F748515D3B0D9EF3F5E
:107B60000F89F96C58B5EF3F515B12D00193EF3F8D
:107B70007B517D3CB872EF3FAAB968318754EF3F23
:107B80003862756E7A38EF3FE1DE1FF59D1EEF3FDC
:107B900015B7310AFE06EF3FCBA93A37A7F1EE3F02
:107BA0002234124CA6DEEE3F2D89616008CEEE3FF6
:107BB000272A36D5DABFEE3F824F9D562BB4EE3FD3
:107BC000295448DD07ABEE3F85553AB07EA4EE3F21
:107BD000CD3B7F669EA0EE3F745FECE8759FEE3F65
:107BE0008701EB7314A1EE3F13CE4C9989A5EE3FAC
:107BF000DBA02A42E5ACEE3FE5C5CDB037B7EE3F9E
:107C000090F0A38291C4EE3F5D253EB203D5EE3FD6
:107C1000ADD35A999FE8EE3F475EFBF276FFEE3F09
:107C20009C5285DD9B19EF3F6990EFDC2037EF3FD9
:107C300087A4FBDC1858EF3F5F9B7B33977CEF3FBB
:107C4000DA90A4A2AFA4EF3F40456E5B76D0EF3F41
:107C5000000000000000E8429423914BF86AAC3F1A
:107C6000F3C4FA50CEBFCE3FD6520CFF422EE63FB1
:107C70000000000000003843FE822B654715474096
:107C80009423914BF86ABC3EF3C4FA50CEBF2E3F0A
:087C9000D6520CFF422E963F74
:087C98004886FB7F010000009B
:047CA000C502000811
:047CA400A102000831
:107CA800008000000090D0030090D0030100000085
:107CB800100000000001C0A17CF462740000000004
:107CC80000000000000000000000000000000000AC
:107CD800DECAFAA100000100C8000024000001006B
:107CE8009C0000240200000060000024F40000242E
:107CF800000000000000000000000000000000007C
:107D080001000000980000248C00002402000000FC
:107D18008400002478000024406500246065002465
:107D280030650024441F0024703E0024A065002410
:107D3800B065002498650024581A00244004040003
:107D4800000000000000000000000000701C02009D
:107D580001040000B800002401000000701C0200AB
:107D680001000000010000004004040000000000C1
:107D78000000000000000000F8C602000104000036
:107D8800E400002401000000F8C602000100000021
:107D980001000000030105000000000000000000D1
:107DA800000000009001002465DD0008806B0108D8
:107DB80001000000000000000000000002000000B8
:107DC80002000000010000000100000001040000A2
:107DD800380100240100000001000000010000003B
:107DE8000100000001000000010000008C010024D7
:107DF80000000000010000008801002400000000CD
:107E0800030000007C0100240000000001000000C5
:107E18007801002400000000181E0024DC1D002446
:107E2800901E002400000000541E0024581A00244C
:107E380016010A0000000000000000000000000019
:107E48000402002435E60008886B010800000000E1
:107E580001040000BC010024906B0108010000002F
:107E68000100000001000000010000000100000006
:107E7800000200240000000001000000FC010024B2
:107E88000000000000000000D06500240000000091
:107E980000000000CC650024000000005C340024D1
:107EA800541E002403010A00000000000000000026
:107EB8000000000090020024ADE40008A46B010853
:107EC80008000000000000000000000002000000A0
:107ED8000200000001000000010000000104000091
:107EE800D465002400000000010000008C0200247A
:107EF80000000000010000008802002400000000CB
:107F0800030000007C0200240000000001000000C3
:107F1800780200240000000020340024E433002408
:107F2800D434002400000000983400245C34002479
:107F380003010F0000000000000000000000000026
:107F48001C030024F1EA0008AC6B010801000000E2
:107F58000000000000000000010000000100000017
:107F6800010000000100000001040000E465002495
:107F780000000000010000001803002400000000B9
:107F880001000000140300240000000003000000AA
:107F9800080300240000000001000000040300247E
:107FA80000000000782700243C270024F027002444
:107FB80000000000B42700249834002403011400B2
:107FC800000000000000000000000000A8030024DA
:107FD800F1EA0008B46B010801000000000000008D
:107FE8000000000001000000010000000100000086
:107FF8000100000001040000F465002400000000F6
:1080080001000000A403002400000000010000009B
:10801800A0030024000000000300000094030024D3
:108028000000000001000000900300240000000090
:10803800CC3C0024903C0024443D00240000000077
:10804800083D0024B4270024160119000000000090
:1080580000000000000000001C04002435E60008B1
:10806800BC6B01080000000001040000D4030024D8
:10807800C46B0108010000000100000001000000BD
:1080880001000000010000001804002400000000A6
:10809800010000001404002400000000000000009B
:1080A80008660024000000000000000004660024A8
:1080B80000000000842A0024083D00240301190060
:1080C800000000000000000000000000A8040024D8
:1080D800ADE40008D86B010828000000000000008B
:1080E8000000000002000000020000000100000083
:1080F80001000000010400000C66002400000000DC
:1081080001000000A4040024000000000100000099
:10811800A0040024000000000300000094040024D0
:10812800000000000100000090040024000000008E
:10813800482A00240C2A0024FC2A002400000000FD
:10814800C02A0024842A002403011E000000000025
:10815800000000000000000034050024F1EA0008D7
:10816800E06B0108010000000000000000000000B2
:1081780001000000010000000100000001000000F3
:10818800010400001C66002400000000010000003B
:108198003005002400000000010000002C05002428
:1081A800000000000300000020050024000000007B
:1081B800010000001C0500240000000058290024CC
:1081C8001C290024D0290024000000009429002440
:1081D800C02A002403012300000000000000000062
:1081E80000000000C0050024F1EA0008E86B01085F
:1081F8000100000000000000000000000100000075
:10820800010000000100000001000000010400005E
:108218002C6600240000000001000000BC050024BA
:108228000000000001000000B80500240000000064
:1082380003000000AC05002400000000010000005D
:10824800A805002400000000DC3B0024A03B00241B
:10825800543C002400000000183C00249429002409
:1082680016012800000000000000000000000000C7
:108278003406002435E60008F06B01080000000011
:1082880001040000EC050024F86B0108010000005F
:1082980001000000010000000100000001000000D2
:1082A8003006002400000000010000002C06002415
:1082B80000000000000000004066002400000000EC
:1082C800000000003C660024000000003033002459
:1082D800183C0024030128000000000000000000F2
:1082E80000000000C0060024ADE400080C6C010882
:1082F8003000000000000000000000000100000045
:10830800010000000100000001000000010400005D
:10831800446600240000000001000000BC060024A0
:108328000000000001000000B80600240000000062
:1083380003000000AC06002400000000010000005B
:10834800A806002400000000F4320024B8320024FB
:10835800A8330024000000006C33002430330024CC
:1083680003012D00000000000000000000000000D4
:108378004C070024F1EA0008146C01080100000011
:1083880000000000000000000100000001000000E3
:1083980001000000010000000104000054660024F0
:1083A8000000000001000000480700240000000051
:1083B8000100000044070024000000000300000042
:1083C80038070024000000000100000034070024E2
:1083D80000000000682800242C280024E02800243D
:1083E80000000000A42800246C330024140130008D
:1083F800000000000000000000000000AC0700249E
:108408006DEC00081C6C0108D14B0108E54B010814
:1084180002000000A4070024000000000100000082
:10842800A007002400000000000000006866002487
:108438000000000000000000646600240000000046
:10844800AC3E0024A428002494290024030135000C
:1084580000000000000000000000000038080024B0
:10846800F1EA0008246C0108010000000000000087
:1084780000000000010000000100000001000000F1
:1084880001000000010400006C66002400000000E8
:108498000100000034080024000000000100000072
:1084A8003008002400000000030000002408002415
:1084B8000000000001000000200800240000000067
:1084C800EC3A0024B03A0024643B00240000000089
:1084D800283B0024AC3E002403013A0000000000C1
:1084E8000000000000000000D4080024F9E20008A1
:1084F8002C6C0108300000000000000000000000A3
:10850800020000000200000001000000010000005D
:10851800010400007C0800240100000002000000A3
:10852800020000000200000002000000010000003C
:10853800D00800240000000001000000CC0800243E
:108548000000000003000000C00800240000000034
:1085580001000000BC0800240000000004320024D0
:10856800C83100247C32002400000000403200247E
:10857800283B002403013F00000000000000000029
:108588000000000060090024F1EA0008346C0108CA
:1085980001000000000000000000000001000000D1
:1085A80001000000010000000100000001040000BB
:1085B8007C66002400000000010000005C09002423
:1085C800000000000100000058090024000000001D
:1085D800030000004C090024000000000100000016
:1085E8004809002400000000F81F0024BC1F0024D4
:1085F80070200024000000003420002440320024B1
:10860800030144000000000000000000000000001A
:10861800EC090024F1EA00083C6C010801000000A4
:108628000000000000000000010000000100000040
:108638000100000001000000010400008C66002415
:108648000000000001000000E8090024000000000C
:1086580001000000E40900240000000003000000FD
:10866800D80900240000000001000000D4090024FB
:1086780000000000FC390024C0390024743A0024AA
:1086880000000000383A0024342000240301490087
:10869800000000000000000000000000880A00241C
:1086A800F9E20008446C01087800000000000000AE
:1086B80000000000010000000100000001000000AF
:1086C8000100000001040000300A0024010000003D
:1086D800020000000200000002000000020000008A
:1086E80001000000840A00240000000001000000CE
:1086F800800A00240000000003000000740A00241F
:108708000000000001000000700A002400000000C2
:1087180014310024D83000248C31002400000000DB
:1087280050310024383A002403014E0000000000B4
:108738000000000000000000140B0024F1EA00080B
:108748004C6C01080100000000000000000000005F
:10875800010000000100000001000000010000000D
:10876800010400009C6600240000000001000000D5
:10877800100B002400000000010000000C0B002476
:108788000000000003000000000B002400000000AF
:1087980001000000FC0A00240000000088260024D4
:1087A8004C2600240027002400000000C4260024D2
:1087B80050310024140151000000000000000000A6
:1087C80000000000740B00246DEC0008546C0108D4
:1087D800D14B0108E54B0108020000006C0B002496
:1087E8000000000001000000680B002400000000E9
:1087F80000000000B0660024000000000000000037
:10880800AC6600240000000014400024C4260024A4
:10881800342000240301560000000000000000007E
:1088280000000000000C0024F1EA00085C6C01085C
:10883800010000000000000000000000010000002E
:108848000100000001000000010000000104000018
:10885800B46600240000000001000000FC0B0024A6
:108868000000000001000000F80B002400000000D8
:1088780003000000EC0B00240000000001000000D1
:10888800E80B0024000000000C390024D038002434
:1088980084390024000000004839002414400024D2
:1088A80003015B0000000000000000000000000061
:1088B8009C0C0024F9E20008646C010878000000B0
:1088C800000000000000000001000000010000009E
:1088D800010000000100000001040000440C002415
:1088E8000100000002000000020000000200000079
:1088F8000200000001000000980C002400000000A5
:1089080001000000940C0024000000000300000097
:10891800880C00240000000001000000840C0024E2
:108928000000000024300024E82F00249C3000249C
:108938000000000060300024483900240301600072
:10894800000000000000000000000000280D0024C6
:10895800F1EA00086C6C010801000000000000004A
:1089680000000000010000000100000001000000FC
:108978000100000001040000C4660024000000009B
:1089880001000000240D0024000000000100000088
:10899800200D00240000000003000000140D002436
:1089A8000000000001000000100D0024000000007D
:1089B800982500245C2500241026002400000000CF
:1089C800D425002460300024140163000000000056
:1089D8000000000000000000880D00246DEC000875
:1089E800746C0108D14B0108E54B01080200000036
:1089F800800D002400000000010000007C0D002410
:108A08000000000000000000D866002400000000FC
:108A180000000000D466002400000000D83F0024B5
:108A2800D42500241440002403016800000000003D
:108A38000000000000000000140E0024F1EA000805
:108A48007C6C01080100000000000000000000002C
:108A5800010000000100000001000000010000000A
:108A680001040000DC660024000000000100000092
:108A7800100E002400000000010000000C0E00246D
:108A88000000000003000000000E002400000000A9
:108A980001000000FC0D0024000000001C38002428
:108AA800E0370024943800240000000058380024DF
:108AB800D83F002403016D00000000000000000002
:108AC80000000000B00E0024F9E20008846C0108E0
:108AD800400000000000000000000000010000004D
:108AE8000100000001000000010000000104000076
:108AF800580E0024010000000200000002000000DF
:108B0800020000000200000001000000AC0E00247A
:108B18000000000001000000A80E00240000000072
:108B2800030000009C0E002400000000010000006B
:108B3800980E002400000000342F0024F82E002492
:108B4800AC2F002400000000702F002458380024A7
:108B58000301720000000000000000000000000097
:108B68003C0F0024F1EA00088C6C010801000000A9
:108B780000000000000000000100000001000000EB
:108B8800010000000100000001040000EC66002460
:108B98000000000001000000380F00240000000061
:108BA80001000000340F0024000000000300000052
:108BB800280F00240000000001000000240F0024FA
:108BC80000000000A82400246C2400242025002490
:108BD80000000000E4240024702F00241401750014
:108BE8000000000000000000000000009C0F0024AE
:108BF8006DEC0008946C0108D14B0108E54B0108A5
:108C080002000000940F0024000000000100000092
:108C1800900F0024000000000000000000670024FE
:108C28000000000000000000FC66002400000000B6
:108C38009C3F0024E4240024D83F002403017A0048
:108C480000000000000000000000000028100024C0
:108C5800F1EA00089C6C0108010000000000000017
:108C680000000000010000000100000001000000F9
:108C78000100000001040000046700240000000057
:108C88000100000024100024000000000100000082
:108C9800201000240000000003000000141000242D
:108CA8000000000001000000101000240000000077
:108CB8002C370024F0360024A437002400000000DC
:108CC800683700249C3F002403017F000000000057
:108CD8000000000000000000C4100024F9E20008B1
:108CE800A46C01084800000000000000000000001B
:108CF8000100000001000000010000000100000068
:108D0800010400006C1000240100000002000000B3
:108D18000200000002000000020000000100000044
:108D2800C01000240000000001000000BC10002456
:108D38000000000003000000B01000240000000044
:108D480001000000AC10002400000000442E0024A4
:108D5800082E0024BC2E002400000000802E0024D1
:108D680068370024030184000000000000000000B0
:108D78000000000050110024F1EA0008AC6C010862
:108D880001000000000000000000000001000000D9
:108D980001000000010000000100000001040000C3
:108DA8001467002400000000010000004C1100249A
:108DB800000000000100000048110024000000002D
:108DC800030000003C110024000000000100000026
:108DD8003811002400000000B82300247C2300245C
:108DE8003024002400000000F4230024802E0024F6
:108DF80014018700000000000000000000000000CF
:108E0800B01100246DEC0008B46C0108D14B0108C6
:108E1800E54B010802000000A81100240000000032
:108E280001000000A4110024000000000000000060
:108E380028670024000000000000000024670024C8
:108E480000000000603F0024F42300249C3F00241D
:108E580003018C000000000000000000000000007A
:108E68003C120024F1EA0008BC6C01080100000073
:108E780000000000000000000100000001000000E8
:108E88000100000001000000010400002C6700241C
:108E9800000000000100000038120024000000005B
:108EA800010000003412002400000000030000004C
:108EB80028120024000000000100000024120024F1
:108EC800000000003C36002400360024B43600249C
:108ED8000000000078360024603F00240301910060
:108EE800000000000000000000000000D81200246C
:108EF800F9E20008C46C01089000000000000000BE
:108F08000000000002000000020000000100000054
:108F1800010000000104000080120024010000008C
:108F28000200000002000000020000000200000031
:108F380001000000D412002400000000010000001D
:108F4800D01200240000000003000000C412002416
:108F58000000000001000000C01200240000000012
:108F6800542D0024182D0024CC2D002400000000CE
:108F7800902D00247836002403019600000000009C
:108F8800000000000000000064130024F1EA00085B
:108F9800CC6C010801000000000000000000000087
:108FA80001000000010000000100000001000000B5
:108FB800010400003C6700240000000001000000DC
:108FC8006013002400000000010000005C1300246E
:108FD80000000000030000005013002400000000FF
:108FE800010000004C13002400000000C8220024E7
:108FF8008C220024402300240000000004230024C5
:10900800902D002403019B000000000000000000D8
:1090180000000000F0130024F1EA0008D46C0108F5
:109028000100000000000000000000000100000036
:109038000100000001000000010000000104000020
:109048004C6700240000000001000000EC1300241D
:109058000000000001000000E813002400000000E8
:1090680003000000DC1300240000000001000000E1
:10907800D8130024000000004C35002410350024CB
:10908800C43500240000000088350024042300248F
:109098000301A00000000000000000000000000024
:1090A8008C140024F9E20008DC6C0108200100009F
:1090B80000000000000000000100000001000000A6
:1090C8000100000001000000010400003414002425
:1090D8000100000002000000020000000200000081
:1090E80002000000010000008814002400000000B5
:1090F80001000000841400240000000003000000A8
:1091080078140024000000000100000074140024FA
:1091180000000000642C0024282C0024DC2C0024EF
:1091280000000000A02C0024883500240301A500BD
:1091380000000000000000000000000018150024D6
:10914800F1EA0008E46C01080100000000000000DA
:109158000000000001000000010000000100000004
:1091680001000000010400005C670024000000000A
:109178000100000014150024000000000100000098
:10918800101500240000000003000000041500244E
:10919800000000000100000000150024000000008D
:1091A800D82100249C210024502200240000000023
:1091B80014220024A02C00241401A80000000000A0
:1091C8000000000000000000781500246DEC000885
:1091D800EC6C0108D14B0108E54B010802000000C6
:1091E8007015002400000000010000006C15002428
:1091F800000000000000000070670024000000006C
:10920800000000006C67002400000000243F0024D8
:1092180014220024042300240301AD0000000000F0
:10922800000000000000000004160024F1EA000815
:10923800F46C0108010000000000000000000000BC
:109248000100000001000000010000000100000012
:109258000104000074670024000000000100000001
:10926800001600240000000001000000FC15002486
:109278000000000003000000F015002400000000BA
:1092880001000000EC15002400000000BC3D002493
:10929800803D0024343E002400000000F83D0024F6
:1092A800243F00240301B200000000000000000079
:1092B80000000000A0160024F9E20008FC6C010878
:1092C8002001000000000000000000000100000074
:1092D800010000000100000001000000010400007E
:1092E80048160024010000000200000002000000EF
:1092F8000200000002000000010000009C1600248B
:109308000000000001000000981600240000000082
:10931800030000008C16002400000000010000007B
:109328008816002400000000742B0024382B002429
:10933800EC2B002400000000B02B0024F83D002492
:109348000301B7000000000000000000000000005A
:109358002C170024F1EA0008046D01080100000040
:1093680000000000000000000100000001000000F3
:1093780001000000010000000104000084670024CF
:109388000000000001000000281700240000000071
:109398000100000024170024000000000300000062
:1093A8001817002400000000010000001417002412
:1093B80000000000E8200024AC20002460210024E4
:1093C8000000000024210024B02B00241401BA005E
:1093D8000000000000000000000000008C170024BE
:1093E8006DEC00080C6D0108D14B0108E54B010834
:1093F80002000000841700240000000001000000A3
:109408008017002400000000000000009867002476
:109418000000000000000000946700240000000025
:10942800E83E002424210024243F00240301BF0037
:1094380000000000000000000000000018180024D0
:10944800F1EA0008146D01080100000000000000A6
:109458000000000001000000010000000100000001
:1094680001000000010400009C67002400000000C7
:109478000100000014180024000000000100000092
:109488001018002400000000030000000418002445
:109498000000000001000000001800240000000087
:1094A800281D0024EC1C0024A01D0024000000003E
:1094B800641D0024E83E00240B01C20000000000E7
:1094C80000000000000000008818002435E90008AA
:1094D8001C6D0108070000000700000007000000DD
:1094E8000700000001040000AC6700240000000031
:1094F80001000000841800240000000001000000A2
:10950800801800240000000000000000C06700244C
:109518000000000000000000BC67002400000000FC
:10952800B01C0024641D00240701C50000000000D1
:109538000000000000000000E01800247DDA0008A8
:10954800246D01080000000001000000DC18002460
:109558000000000001000000D818002400000000EE
:1095680000000000C86700240000000000000000A0
:10957800C467002400000000841B0024B01C0024E1
:109588000401CA0000000000000000000000000004
:109598004019002415E100082C6D010801000000A5
:1095A8003C190024000000000100000038190024C4
:1095B8000000000002000000301900240000000034
:1095C800010000002C19002400000000D01A00241B
:1095D800941A0024481B00240C1B0024841B00241C
:1095E8000401CF000000000000000000000000009F
:1095F800A019002415E10008346D010801000000DD
:109608009C190024000000000100000098190024A3
:109618000000000002000000901900240000000073
:10962800010000008C19002400000000081F00241D
:10963800CC1E0024801F0024441F00240C1B00247F
:109648000401D40000000000000000000000000039
:10965800001A00242DDF00083C6D010801000000FD
:10966800FC1900240000000001000000F819002483
:109678000000000002000000F019002400000000B3
:1096880001000000EC19002400000000FC1B00246D
:10969800C01B0024741C0024381C00240C1B00244C
:1096A8000701D700000000000000000000000000D3
:1096B800001A002455E60008446D01084C6D0108A5
:1096C80001000000541A00240000000001000000FE
:1096D800501A00240000000000000000D067002499
:1096E8000000000000000000CC670024000000001B
:1096F800703E0024381C00245C6E0108A1000101A2
:1097080001040000841A002402040000741A0024D2
:10971800604A002401000000010000000100000070
:10972800E00000000100000001000000E00000006F
:10973800E0000000746E0108A000010101040000AF
:10974800C01A002402040000B01A0024F0420024C9
:1097580001000000200100000090000000900000BF
:10976800200100008000000001000000010000004E
:10977800000000009F00000101040000FC1A002402
:1097880002040000EC1A00247040002402000000CB
:109798000200000040070000400700000100000030
:1097A800A00300000100000001000000047101088E
:1097B8009E00010101040000381B0024020400007F
:1097C800281B00247047002401000000010000004D
:1097D8008000000080000000010000008000000000
:1097E8000100000001000000000000009D000001D1
:1097F80001040000741B002402040000641B002400
:10980800E042002404000000040000000002000000
:1098180000020000010000008000000001000000BC
:10982800010000001C7101089C00010101040000F6
:10983800B01B002402040000A01B00248047002461
:1098480001000000010000002001000020010000CC
:1098580001000000200100000100000001000000DC
:10986800347101089B00010101040000EC1B002475
:1098780002040000DC1B0024B042002401000000A8
:1098880080000000800000008000000080000000D0
:1098980001000000010000000100000000000000BD
:1098A8009A00000101040000281C002402040000A2
:1098B800181C002450400024020000000200000090
:1098C800000100000001000001000000800000000D
:1098D80001000000010000004C710108990001011D
:1098E80001040000641C002402040000541C00242D
:1098F80050470024010000000100000001000000A2
:10990800010000000100000001000000010000004B
:1099180001000000000000009800000101040000A0
:10992800A01C002402040000901C0024A042002473
:10993800040000000400000004000000040000000F
:10994800010000000100000001000000010000000B
:10995800647101089700010101040000DC1C002467
:1099680002040000CC1C00249047002401000000E1
:10997800010000002001000020010000010000009B
:109988002001000001000000010000007C710108B6
:109998009600010101040000181D002402040000C3
:1099A800081D0024104300240100000030000000BE
:1099B8000036000000360000300000000100000002
:1099C80001000000200100000000000095000001D7
:1099D80001040000541D002402040000441D00245A
:1099E800804000240100000001000000000C00007D
:1099F800000C000001000000000C00000100000045
:109A0800010000002C770108940001010104000006
:109A1800901D002402040000801D0024A04700249B
:109A2800010000000100000020010000E007000024
:109A380001000000200100000700000007000000EE
:109A4800000000009300000101040000CC1D002468
:109A580002040000BC1D0024004300240400000090
:109A680004000000800400008004000001000000E1
:109A780020010000010000000100000044770108F7
:109A88009200010101040000081E002402040000E5
:109A9800F81D0024304700240100000001000000E8
:109AA800080000001800000001000000030000008A
:109AB8000300000008000000000000009100000101
:109AC80001040000441E002402040000341E002487
:109AD8009042002401000000010000002401000061
:109AE8002401000001000000240100000100000022
:109AF800010000007C7701089000010101040000CA
:109B0800801E002402040000701E0024504A002415
:109B180001000000010000000800000080030000B0
:109B28000100000008000000700000007000000044
:109B3800000000008F00000101040000BC1E00248A
:109B480002040000AC1E002420470024040000008A
:109B580004000000200000002000000001000000B8
:109B680008000000010000000100000094770108CF
:109B78008E00010101040000F81E00240204000008
:109B8800E81E0024D04200240100000080000000EC
:109B98008002000080020000800000000500000034
:109BA8000100000001000000000000008D0000011D
:109BB80001040000341F002402040000241F0024B4
:109BC8006040002402000000020000003201000092
:109BD80032010000010000009900000001000000AF
:109BE80001000000C07701088C0001010104000099
:109BF800701F002402040000601F00246047002436
:109C08000100000001000000050000000500000040
:109C18000100000005000000010000000100000034
:109C2800000000008B00000101040000AC1F0024AC
:109C3800020400009C1F0024C0420024040000000D
:109C480004000000140000001400000001000000DF
:109C5800050000000100000001000000D87701089D
:109C68008A00010101040000E81F0024020400002A
:109C7800D81F0024D0450024010000003000000057
:109C88008004000080040000300000000100000093
:109C98000100000018000000000000008900000119
:109CA80001040000242000240204000014200024E1
:109CB800E04100240100000001000000B0010000A4
:109CC800B001000001000000B00100000100000028
:109CD800010000006078010888000101010400000B
:109CE8006020002402040000502000246049002461
:109CF80001000000010000001800000050010000F1
:109D080001000000180000000E0000000E00000016
:109D18000000000087000001010400009C200024CE
:109D2800020400008C200024C04500240400000028
:109D38000400000060000000600000000100000056
:109D480018000000010000000100000078780108F8
:109D58008600010101040000D8200024020400004C
:109D6800C820002430430024010000002001000026
:109D7800003600000036000020010000010000004D
:109D88000100000030000000000000008500000114
:109D9800010400001421002402040000042100240E
:109DA800904000240100000001000000600600004F
:109DB80060060000010000006006000001000000CD
:109DC8000100000078790108840001010104000005
:109DD800502100240204000040210024C047002430
:109DE80001000000010000003000000050010000E8
:109DF800010000003000000007000000070000001C
:109E08000000000083000001010400008C210024F0
:109E1800020400007C2100242043002404000000E8
:109E280004000000C0000000C000000001000000A5
:109E380030000000010000000100000090790108D6
:109E48008200010101040000C8210024020400006E
:109E5800B8210024904300240100000020010000E4
:109E6800003600000036000020010000010000005C
:109E78000100000030000000000000008100000127
:109E8800010400000422002402040000F42100243C
:109E9800C04000240100000001000000600600002E
:109EA80060060000010000006006000001000000DC
:109EB80001000000907A01088000010101040000FF
:109EC800402200240204000030220024004800241C
:109ED80001000000010000003000000050010000F7
:109EE800010000003000000007000000070000002B
:109EF800000000007F000001010400007C22002413
:109F0800020400006C2200248043002404000000A6
:109F180004000000C0000000C000000001000000B4
:109F2800300000000100000001000000A87A0108CC
:109F38007E00010101040000B82200240204000090
:109F4800A8220024F0430024010000009000000033
:109F5800001B0000001B0000900000000100000032
:109F68000100000030000000000000007D0000013A
:109F780001040000F422002402040000E42200246A
:109F8800F04000240100000001000000200400004F
:109F9800200400000100000020040000010000006F
:109FA80001000000A87B01087C00010101040000F9
:109FB8003023002402040000202300243048002419
:109FC8000100000001000000300000005001000006
:109FD800010000003000000007000000070000003A
:109FE800000000007B000001010400006C23002435
:109FF800020400005C230024E04300240400000065
:10A0080004000000C0000000C000000001000000C3
:10A01800300000000100000001000000C07B0108C2
:10A028007A00010101040000A823002402040000B2
:10A038009823002450440024010000004800000038
:10A04800C0060000C0060000480000000100000033
:10A058000100000018000000000000007900000165
:10A0680001040000E423002402040000D423002497
:10A07800204100240100000001000000100200003F
:10A0880010020000010000001002000001000000A2
:10A0980001000000487C010878000101010400006B
:10A0A8002024002402040000102400247048002406
:10A0B800010000000100000018000000500100002D
:10A0C80001000000180000000E0000000E00000053
:10A0D8000000000077000001010400005C24002457
:10A0E800020400004C240024404400240400000022
:10A0F8000400000060000000600000000100000093
:10A10800180000000100000001000000607C010848
:10A1180076000101010400009824002402040000D4
:10A1280088240024B04400240100000040000000FE
:10A1380000060000000600004000000001000000CA
:10A148000100000018000000000000007500000178
:10A1580001040000D424002402040000C4240024C4
:10A16800504100240100000001000000F00100003F
:10A17800F001000001000000F001000001000000F3
:10A1880001000000E87C01087400010101040000DE
:10A19800102500240204000000250024B0480024F3
:10A1A800010000000100000018000000500100003C
:10A1B80001000000180000000E0000000E00000062
:10A1C8000000000073000001010400004C25002479
:10A1D800020400003C250024A044002404000000E0
:10A1E80004000000600000006000000001000000A2
:10A1F800180000000100000001000000007D0108B7
:10A2080072000101010400008825002402040000F6
:10A218007825002410450024010000007800000083
:10A22800400B0000400B0000780000000100000017
:10A23800010000001800000000000000710000018B
:10A2480001040000C425002402040000B4250024F1
:10A25800804100240100000001000000D00200003D
:10A26800D002000001000000D00200000100000040
:10A2780001000000887D0108700001010104000050
:10A288000026002402040000F0250024F0480024E1
:10A29800010000000100000018000000500100004B
:10A2A80001000000180000000E0000000E00000071
:10A2B800000000006F000001010400003C2600249B
:10A2C800020400002C26002400450024040000009D
:10A2D80004000000600000006000000001000000B1
:10A2E800180000000100000001000000A07D010826
:10A2F8006E00010101040000782600240204000019
:10A308006826002470450024010000007800000041
:10A31800400B0000400B0000780000000100000026
:10A328000100000018000000000000006D0000019E
:10A3380001040000B426002402040000A42600241E
:10A34800B04100240100000001000000D00200001C
:10A35800D002000001000000D0020000010000004F
:10A3680001000000287E01086C00010101040000C2
:10A37800F026002402040000E026002430490024CE
:10A38800010000000100000018000000500100005A
:10A3980001000000180000000E0000000E00000080
:10A3A800000000006B000001010400002C270024BD
:10A3B800020400001C27002460450024040000005B
:10A3C80004000000600000006000000001000000C0
:10A3D800180000000100000001000000407E010894
:10A3E8006A0001010104000068270024020400003B
:10A3F80058270024F046002401000000080000004F
:10A4080040000000400000000800000001000000BB
:10A4180001000000080000000000000069000001C1
:10A4280001040000A427002402040000942700244B
:10A4380070420024010000000100000070000000CC
:10A448007000000001000000700000000100000022
:10A4580001000000787E0108680001010104000085
:10A46800E027002402040000D0270024204A00240A
:10A47800010000000100000008000000C001000009
:10A48800010000000800000038000000380000004B
:10A498000000000067000001010400001C280024DF
:10A4A800020400000C280024E046002404000000F8
:10A4B800040000002000000020000000010000004F
:10A4C800080000000100000001000000907E010863
:10A4D800660001010104000058280024020400005D
:10A4E8004828002430460024010000003000000005
:10A4F800000300000003000030000000010000001D
:10A5080001000000100000000000000065000001CC
:10A518000104000094280024020400008428002478
:10A52800104200240100000001000000600100004A
:10A53800600100000100000060010000010000004F
:10A5480001000000F07E0108640001010104000020
:10A55800D028002402040000C0280024A0490024B8
:10A56800010000000100000010000000C001000010
:10A5780001000000100000001C0000001C0000008A
:10A588000000000063000001010400000C29002401
:10A5980002040000FC2800242046002404000000D7
:10A5A800040000004000000040000000010000001E
:10A5B800100000000100000001000000087F0108F1
:10A5C800620001010104000048290024020400007F
:10A5D80038290024904600240100000028000000CB
:10A5E8008002000080020000280000000100000036
:10A5F80001000000100000000000000061000001E0
:10A6080001040000842900240204000074290024A5
:10A618004042002401000000010000004001000049
:10A62800400100000100000040010000010000009E
:10A6380001000000687F01086000010101040000BA
:10A64800C029002402040000B0290024E0490024A5
:10A65800010000000100000010000000C00100001F
:10A6680001000000100000001C0000001C00000099
:10A67800000000005F00000101040000FC29002424
:10A6880002040000EC290024804600240400000095
:10A69800040000004000000040000000010000002D
:10A6A800100000000100000001000000807F010888
:10A6B8005E00010101040000382A002402040000A1
:10A6C800282A0024B04600240100000028000000C9
:10A6D80028000000780000002800000003000000A7
:10A6E8000300000001000000000000005D00000100
:10A6F80001040000742A002402040000642A0024D3
:10A70800504200240100000001000000C9050000BB
:10A71800C905000001000000C90500000100000093
:10A7280001000000588001085C00010101040000DC
:10A73800B02A002402040000A02A0024004A0024B1
:10A7480001000000010000002800000010090000BE
:10A7580001000000280000003A0000003A00000054
:10A76800708001085B00010101040000EC2A00244C
:10A7780002040000DC2A0024F04900240100000043
:10A788000100000028000000600400000100000033
:10A79800280000001C0000001C0000000000000051
:10A7A8005A00000101040000282B002402040000C4
:10A7B800182B0024A0460024040000000400000018
:10A7C800A0000000A0000000010000002800000018
:10A7D8000100000001000000888001085900010103
:10A7E80001040000642B002402040000542B002400
:10A7F8005043002401000000200100002001000057
:10A80800A005000020010000050000000500000070
:10A8180001000000000000005800000101040000D1
:10A82800A02B002402040000902B0024A040002448
:10A838000100000001000000A15F0000A15F00000E
:10A8480001000000A15F00000100000001000000FD
:10A85800388601085700010101040000DC2B0024A0
:10A8680002040000CC2B0024D04700240100000083
:10A878000100000020010000E007000001000000C6
:10A888002001000007000000070000000000000091
:10A898005600000101040000182C002402040000E6
:10A8A800082C002440430024040000000400000099
:10A8B8008004000080040000010000002001000066
:10A8C8000100000001000000508601085500010148
:10A8D80001040000542C002402040000442C00242D
:10A8E800B043002401000000200100002001000006
:10A8F800A005000020010000050000000500000080
:10A9080001000000000000005400000101040000E4
:10A91800902C002402040000802C0024D040002445
:10A928000100000001000000A15F0000A15F00001D
:10A9380001000000A15F000001000000010000000C
:10A94800008C01085300010101040000CC2C0024F4
:10A9580002040000BC2C0024104800240100000060
:10A968000100000020010000E007000001000000D5
:10A9780020010000070000000700000000000000A0
:10A988005200000101040000082D00240204000008
:10A99800F82C0024A0430024040000000400000058
:10A9A8008004000080040000010000002001000075
:10A9B8000100000001000000188C0108510001018D
:10A9C80001040000442D002402040000342D00245A
:10A9D80010440024010000009000000090000000D6
:10A9E800D0020000900000000500000005000000F3
:10A9F80001000000000000005000000101040000F8
:10AA0800802D002402040000702D00240041002441
:10AA18000100000001000000D12F0000D12F00002C
:10AA280001000000D12F000001000000010000001B
:10AA3800F88E01084F00010101040000BC2D00241C
:10AA480002040000AC2D002440480024010000004E
:10AA58000100000090000000F00300000100000069
:10AA68009000000007000000070000000000000040
:10AA78004E00000101040000F82D0024020400002B
:10AA8800E82D002400440024040000000400000015
:10AA98004002000040020000010000009000000099
:10AAA8000100000001000000108F01084D000101A5
:10AAB80001040000342E002402040000242E002487
:10AAC8007044002401000000480000004800000015
:10AAD80068010000480000000500000005000000B3
:10AAE80001000000000000004C000001010400000B
:10AAF800702E002402040000602E0024304100243F
:10AB08000100000001000000E9170000E91700003B
:10AB180001000000E917000001000000010000002A
:10AB2800889001084B00010101040000AC2E0024AC
:10AB3800020400009C2E002480480024010000002C
:10AB48000100000048000000F003000001000000C0
:10AB5800480000000E0000000E0000000000000089
:10AB68004A00000101040000E82E0024020400004D
:10AB7800D82E0024604400240400000004000000D3
:10AB88002001000020010000010000004800000032
:10AB98000100000001000000A09001084900010127
:10ABA80001040000242F002402040000142F0024B4
:10ABB800D0440024010000004000000040000000D4
:10ABC80040010000400000000500000005000000F2
:10ABD800010000000000000048000001010400001E
:10ABE800602F002402040000502F0024604100243C
:10ABF800010000000100000041150000411500009F
:10AC080001000000411500000100000001000000E3
:10AC1800F091010847000101010400009C2F002465
:10AC2800020400008C2F0024C0480024010000000A
:10AC38000100000040000000800300000100000047
:10AC4800400000000E0000000E00000000000000A0
:10AC58004600000101040000D82F0024020400006F
:10AC6800C82F0024C0440024040000000400000091
:10AC78000001000000010000010000004000000089
:10AC880001000000010000000892010845000101D0
:10AC980001040000143000240204000004300024E1
:10ACA8003045002401000000780000007800000012
:10ACB80058020000780000000500000005000000B0
:10ACC8000100000000000000440000010104000031
:10ACD8005030002402040000403000249041002439
:10ACE8000100000001000000D9270000D92700005A
:10ACF80001000000D9270000010000000100000049
:10AD08007094010843000101010400008C30002404
:10AD1800020400007C3000240049002401000000E7
:10AD2800010000007800000090060000010000000B
:10AD3800780000000E0000000E0000000000000077
:10AD48004200000101040000C83000240204000091
:10AD5800B83000242045002404000000040000004E
:10AD6800E0010000E00100000100000078000000A0
:10AD78000100000001000000889401084100010161
:10AD8800010400000431002402040000F43000240F
:10AD980090450024010000007800000078000000C1
:10ADA80058020000780000000500000005000000BF
:10ADB8000100000000000000400000010104000044
:10ADC800403100240204000030310024C041002436
:10ADD8000100000001000000D9270000D927000069
:10ADE80001000000D9270000010000000100000058
:10ADF800F09601083F000101010400007C310024A5
:10AE0800020400006C3100244049002401000000C5
:10AE1800010000007800000090060000010000001A
:10AE2800780000000E0000000E0000000000000086
:10AE38003E00000101040000B831002402040000B3
:10AE4800A83100248045002404000000040000000C
:10AE5800E0010000E00100000100000078000000AF
:10AE68000100000001000000089701083D000101F1
:10AE780001040000F431002402040000E43100243D
:10AE8800F045002401000000300000003000000000
:10AE9800F000000030000000050000000500000080
:10AEA80001000000000000003C0000010104000057
:10AEB800303200240204000020320024F041002433
:10AEC8000100000001000000F10F0000F10F000078
:10AED80001000000F10F0000010000000100000067
:10AEE800089801083B000101010400006C320024AD
:10AEF800020400005C3200247049002401000000B4
:10AF08000100000030000000A00200000100000065
:10AF1800300000000E0000000E00000000000000DD
:10AF28003A00000101040000A832002402040000D5
:10AF380098320024E04500240400000004000000CA
:10AF4800C0000000C0000000010000003000000048
:10AF580001000000010000002098010839000101EB
:10AF680001040000E432002402040000D43200246A
:10AF780050460024010000003000000030000000AE
:10AF880090000000300000000300000003000000F3
:10AF9800010000000000000038000001010400006A
:10AFA800203300240204000010330024204200242F
:10AFB8000100000001000000F1060000F106000099
:10AFC80001000000F106000001000000010000007F
:10AFD8002099010837000101010400005C330024B6
:10AFE800020400004C330024C04900240100000082
:10AFF8000100000030000000A00500000100000072
:10B00800300000001E0000001E00000038990108F2
:10B0180036000101010400009833002402040000F6
:10B0280088330024B049002401000000010000001A
:10B038003000000040050000010000003000000062
:10B048001C0000001C00000000000000350000018A
:10B0580001040000D433002402040000C433002497
:10B06800404600240400000004000000C000000066
:10B07800C0000000010000003000000001000000D6
:10B08800010000005099010834000101010400008A
:10B098001034002402040000003400241047002467
:10B0A800010000000800000008000000180000006F
:10B0B8000800000003000000030000000100000079
:10B0C8000000000033000001010400004C3400249B
:10B0D800020400003C3400248042002401000000E7
:10B0E8000100000029010000290100000100000002
:10B0F80029010000010000000100000088990108F2
:10B108003200010101040000883400240204000018
:10B1180078340024404A00240100000001000000A7
:10B128000800000090030000010000000800000073
:10B138007200000072000000A099010831000101AE
:10B1480001040000C434002402040000B4340024C4
:10B15800304A00240100000001000000080000003F
:10B16800C0010000010000000800000038000000D5
:10B178003800000000000000300000010104000059
:10B188000035002402040000F034002400470024A5
:10B19800040000000400000020000000200000005F
:10B1A800010000000800000001000000010000008C
:10B1B800B89901082F000101010400003C35002462
:10B1C800020400002C350024D043002401000000B4
:10B1D800300000000036000000360000300000009B
:10B1E8000100000001000000200100000000000034
:10B1F8002E0000010104000078350024020400003C
:10B2080068350024E040002401000000010000002F
:10B21800000C0000000C000001000000000C000001
:10B228000100000001000000689F01082D000101D5
:10B2380001040000B435002402040000A4350024F1
:10B248002048002401000000010000002001000047
:10B25800E0070000010000002001000007000000D6
:10B2680007000000000000002C000001010400009D
:10B27800F035002402040000E0350024C043002417
:10B2880004000000040000008004000080040000A6
:10B298000100000020010000010000000100000082
:10B2A800809F01082B000101010400002C360024B6
:10B2B800020400001C360024304400240100000071
:10B2C80018000000800D0000800D0000180000002C
:10B2D80001000000010000009000000000000000D4
:10B2E8002A0000010104000068360024020400005E
:10B2F800583600241041002401000000010000001D
:10B308000006000000060000010000000006000022
:10B31800010000000100000060A2010829000101ED
:10B3280001040000A436002402040000943600241E
:10B3380050480024010000000100000090000000B7
:10B34800E007000001000000900000000E0000006F
:10B358000E000000000000002800000101040000A9
:10B36800E036002402040000D036002420440024E3
:10B378000400000004000000400200004002000039
:10B388000100000090000000010000000100000022
:10B3980078A2010827000101010400001C370024DD
:10B3A800020400000C37002490440024010000002F
:10B3B80018000000C0060000C006000018000000C9
:10B3C800010000000100000048000000000000002B
:10B3D8002600000101040000583700240204000080
:10B3E800483700244041002401000000010000000B
:10B3F80030030000300300000100000030030000AB
:10B408000100000001000000F0A30108250001016F
:10B41800010400009437002402040000843700244B
:10B4280090480024010000000100000048000000CE
:10B43800F003000001000000480000000E000000BA
:10B448000E000000000000002400000101040000BC
:10B45800D037002402040000C037002480440024B0
:10B46800040000000400000020010000200100008A
:10B478000100000048000000010000000100000079
:10B4880008A4010823000101010400000C3800246D
:10B4980002040000FC370024F044002401000000EE
:10B4A8001800000000060000000600001800000058
:10B4B8000100000001000000400000000000000042
:10B4C80022000001010400004838002402040000A2
:10B4D80038380024704100240100000001000000F9
:10B4E800E0020000E002000001000000E0020000AD
:10B4F800010000000100000058A501082100010119
:10B508000104000084380024020400007438002478
:10B51800D0480024010000000100000040000000A5
:10B528008003000001000000400000000E00000041
:10B538000E000000000000002000000101040000CF
:10B54800C038002402040000B0380024E04400247D
:10B5580004000000040000000001000000010000D9
:10B568000100000040000000010000000100000090
:10B5780070A501081F00010101040000FC38002427
:10B5880002040000EC3800245045002401000000AB
:10B5980018000000400B0000400B000018000000DD
:10B5A8000100000001000000780000000000000019
:10B5B8001E000001010400003839002402040000C4
:10B5C80028390024A04100240100000001000000E7
:10B5D8001005000010050000010000001005000023
:10B5E8000100000001000000D8A701081D000101AA
:10B5F80001040000743900240204000064390024A6
:10B60800104900240100000001000000780000003B
:10B618009006000001000000780000000E00000005
:10B628000E000000000000001C00000101040000E2
:10B63800B039002402040000A03900244045002449
:10B648000400000004000000E0010000E001000028
:10B658000100000078000000010000000100000067
:10B66800F0A701081B00010101040000EC390024C7
:10B6780002040000DC390024B04500240100000069
:10B6880018000000400B0000400B000018000000EC
:10B698000100000001000000780000000000000028
:10B6A8001A00000101040000283A002402040000E6
:10B6B800183A0024D04100240100000001000000D5
:10B6C8001005000010050000010000001005000032
:10B6D800010000000100000058AA0108190001013A
:10B6E80001040000643A002402040000543A0024D3
:10B6F800504900240100000001000000780000000B
:10B708009006000001000000780000000E00000014
:10B718000E000000000000001800000101040000F5
:10B72800A03A002402040000903A0024A045002416
:10B738000400000004000000E0010000E001000037
:10B748000100000078000000010000000100000076
:10B7580070AA01081700010101040000DC3A002466
:10B7680002040000CC3A0024104600240100000026
:10B77800100000000003000000030000100000009B
:10B78800010000000100000030000000000000007F
:10B798001600000101040000183B00240204000008
:10B7A800083B0024004200240100000001000000C2
:10B7B800200200002002000001000000200200001A
:10B7C800010000000100000070AB01081500010134
:10B7D80001040000543B002402040000443B002400
:10B7E8008049002401000000010000003000000032
:10B7F8004005000001000000300000001C000000AF
:10B808001C000000000000001400000101040000FA
:10B81800903B002402040000803B002400460024E2
:10B828000400000004000000C0000000C000000088
:10B8380001000000300000000100000001000000CD
:10B8480088AB01081300010101040000CC3B00246F
:10B8580002040000BC3B00247046002401000000E4
:10B8680010000000000300000003000010000000AA
:10B87800010000000100000030000000000000008E
:10B888001200000101040000083C0024020400002A
:10B89800F83B0024304200240100000001000000B1
:10B8A8002002000020020000010000002002000029
:10B8B800010000000100000088AC0108110001012E
:10B8C80001040000443C002402040000343C00242D
:10B8D800D0490024010000000100000030000000F1
:10B8E8004005000001000000300000001C000000BE
:10B8F8001C0000000000000010000001010400000E
:10B90800803C002402040000703C002460460024AF
:10B918000400000004000000C0000000C000000097
:10B9280001000000300000000100000001000000DC
:10B93800A0AC01080F00010101040000BC3C002478
:10B9480002040000AC3C0024D046002401000000A2
:10B95800080000004001000040010000080000004D
:10B9680001000000010000002800000000000000A5
:10B978000E00000101040000F83C0024020400004D
:10B98800E83C00246042002401000000010000009F
:10B99800B0010000B001000001000000B00100008B
:10B9A800010000000100000078AD01080D00010150
:10B9B80001040000343D002402040000243D00245A
:10B9C800104A0024010000000100000028000000C7
:10B9D800C008000001000000280000003800000036
:10B9E80038000000000000000C0000010104000005
:10B9F800703D002402040000603D0024C04600247D
:10BA08000400000004000000A0000000A0000000E6
:10BA180001000000280000000100000001000000F3
:10BA280090AD01080B00010101040000AC3D0024A9
:10BA3800020400009C3D0024704300240100000023
:10BA48003000000000360000003600003000000022
:10BA580001000000010000002001000000000000BB
:10BA68000A00000101040000E83D0024020400006F
:10BA7800D83D0024B040002401000000010000006F
:10BA8800000C0000000C000001000000000C000089
:10BA9800010000000100000040B301080900010195
:10BAA80001040000243E002402040000143E002487
:10BAB800E047002401000000010000002001000010
:10BAC800E00700000100000020010000070000005E
:10BAD8000700000000000000080000010104000049
:10BAE800603E002402040000503E0024604300240D
:10BAF800040000000400000080040000800400002E
:10BB08000100000020010000010000000100000009
:10BB180058B3010807000101010400009C3E0024FD
:10BB2800020400008C3E002440470024010000006D
:10BB380001000000010000000100000001000000F9
:10BB480001000000010000000100000070B30108BE
:10BB58000600010101040000D83E00240204000090
:10BB6800C83E0024904900240100000001000000A4
:10BB780010000000C00100000100000010000000DB
:10BB88001C0000001C00000088B30108050001012A
:10BB980001040000143F002402040000043F0024B4
:10BBA800B047002401000000010000003000000040
:10BBB80050010000010000003000000007000000F4
:10BBC80007000000A0B301080400010101040000FF
:10BBD800503F002402040000403F0024F0470024A6
:10BBE80001000000010000003000000050010000CA
:10BBF80001000000300000000700000007000000FE
:10BC0800B8B3010803000101010400008C3F0024BF
:10BC1800020400007C3F002460480024010000006A
:10BC280001000000180000005001000001000000A1
:10BC3800180000000E0000000E000000D0B301083C
:10BC48000200010101040000C83F002402040000B2
:10BC5800B83F0024A04800240100000001000000B3
:10BC6800180000005001000001000000180000004A
:10BC78000E0000000E000000E8B3010801000101F9
:10BC8800010400000440002402040000F43F0024E2
:10BC9800E048002401000000010000001800000036
:10BCA8005001000001000000180000000E00000014
:10BCB8000E00000000B401080000010101040000AA
:10BCC80040400024020400003040002420490024A1
:10BCD80001000000010000001800000050010000F1
:10BCE80001000000180000000E0000000E00000017
:10BCF80040088400800000000000000000000000F0
:10BD080040088400990000000000000000000000C6
:10BD180040088400A00300000000000000000000AC
:10BD280040048400000C0000000000000000000037
:10BD380040048400600600000000000000000000CD
:10BD480040048400A15F0000000000000000000023
:10BD580040048400000C0000000000000000000007
:10BD6800400484006006000000000000000000009D
:10BD780040048400A15F00000000000000000000F3
:10BD880040048400000C00000000000000000000D7
:10BD980040048400200400000000000000000000AF
:10BDA80040048400D12F00000000000000000000C3
:10BDB80040048400000600000000000000000000AD
:10BDC8004004840010020000000000000000000091
:10BDD80040048400E9170000000000000000000093
:10BDE8004004840030030000000000000000000050
:10BDF80040048400F0010000000000000000000082
:10BE0800400484004115000000000000000000000C
:10BE180040048400E0020000000000000000000070
:10BE280040048400D0020000000000000000000070
:10BE380040048400D9270000000000000000000032
:10BE4800400484001005000000000000000000000D
:10BE580040048400D0020000000000000000000040
:10BE680040048400D9270000000000000000000002
:10BE780040048400100500000000000000000000DD
:10BE880040048400B0010000000000000000000031
:10BE980040048400F10F00000000000000000000D2
:10BEA80040048400200200000000000000000000A0
:10BEB8004004840060010000000000000000000051
:10BEC80040048400F10600000000000000000000AB
:10BED8004004840020020000000000000000000070
:10BEE8004004840040010000000000000000000041
:10BEF80040048400C90500000000000000000000A4
:10BF080040048400B00100000000000000000000B0
:10BF180040048400700000000000000000000000E1
:10BF28004004840029010000000000000000000017
:10BF3800400484002401000000000000000000000C
:10BF48004010840001000000000000000000000014
:10BF58004004840080000000000000000000000091
:10BF680040108400050000000000000000000000F0
:10BF7800400484008002000000000000000000006F
:10BF88004010840080000000000000000000000055
:10BF98004004840000900000000000000000000041
:10BFA8004010840020010000000000000000000094
:10BFB800400484000036000000000000000000007B
:10BFC8004010840030000000000000000000000065
:10BFD800400484000036000000000000000000005B
:10BFE8004010840020010000000000000000000054
:10BFF80040048400201C0000000000000000000035
:10C008004010840020010000000000000000000033
:10C01800400484000036000000000000000000001A
:10C028004010840030000000000000000000000004
:10C0380040048400003600000000000000000000FA
:10C0480040108400200100000000000000000000F3
:10C0580040048400201C00000000000000000000D4
:10C0680040108400200100000000000000000000D3
:10C0780040048400003600000000000000000000BA
:10C0880040108400300000000000000000000000A4
:10C0980040048400001B00000000000000000000B5
:10C0A8004010840090000000000000000000000024
:10C0B80040048400100E0000000000000000000092
:10C0C8004010840090000000000000000000000004
:10C0D80040048400800D0000000000000000000003
:10C0E800401084001800000000000000000000005C
:10C0F80040048400C00600000000000000000000AA
:10C10800401084004800000000000000000000000B
:10C118004004840008070000000000000000000040
:10C1280040108400480000000000000000000000EB
:10C1380040048400C0060000000000000000000069
:10C1480040108400180000000000000000000000FB
:10C158004004840000060000000000000000000009
:10C1680040108400400000000000000000000000B3
:10C1780040048400400600000000000000000000A9
:10C188004010840040000000000000000000000093
:10C1980040048400000600000000000000000000C9
:10C1A800401084001800000000000000000000009B
:10C1B80040048400400B0000000000000000000064
:10C1C800401084007800000000000000000000001B
:10C1D80040048400B80B00000000000000000000CC
:10C1E80040108400780000000000000000000000FB
:10C1F80040048400400B0000000000000000000024
:10C20800401084001800000000000000000000003A
:10C2180040048400400B0000000000000000000003
:10C2280040108400780000000000000000000000BA
:10C2380040048400B80B000000000000000000006B
:10C24800401084007800000000000000000000009A
:10C2580040048400400B00000000000000000000C3
:10C2680040108400180000000000000000000000DA
:10C27800400484008004000000000000000000006A
:10C2880040108400300000000000000000000000A2
:10C2980040048400B004000000000000000000001A
:10C2A8004010840030000000000000000000000082
:10C2B80040048400000300000000000000000000AB
:10C2C8004010840010000000000000000000000082
:10C2D800400484000003000000000000000000008B
:10C2E8004010840030000000000000000000000042
:10C2F80040048400B00100000000000000000000BD
:10C308004010840030000000000000000000000021
:10C31800400484000003000000000000000000004A
:10C328004010840010000000000000000000000021
:10C3380040048400800200000000000000000000AB
:10C3480040108400280000000000000000000000E9
:10C3580040048400680100000000000000000000A4
:10C3680040108400280000000000000000000000C9
:10C3780040048400400100000000000000000000AC
:10C3880040108400080000000000000000000000C9
:10C39800400484004000000000000000000000008D
:10C3A80040108400080000000000000000000000A9
:10C3B8004004840048000000000000000000000065
:10C3C8004010840008000000000000000000000089
:10C3D8004004840048000000000000000000000045
:10C3E8004004840801000000000000000000000074
:10C3F800400484000100000000000000000000006C
:10C40800400484080500000000000000000000004F
:10C4180040048400800000000000000000000000CC
:10C42800400484002001000000000000000000001B
:10C43800400484002001000000000000000000000B
:10C4480040048400203700000000000000000000C5
:10C4580040048400300900000000000000000000D3
:10C4680040048400300900000000000000000000C3
:10C478004004840020370000000000000000000095
:10C488004004840020370000000000000000000085
:10C498004004840030090000000000000000000093
:10C4A8004004840030090000000000000000000083
:10C4B8004004840020370000000000000000000055
:10C4C8004004840020370000000000000000000045
:10C4D8004004840030090000000000000000000053
:10C4E80040048400901B00000000000000000000D1
:10C4F80040048400406E00000000000000000000BE
:10C5080040048400601200000000000000000000E9
:10C5180040048400601200000000000000000000D9
:10C5280040048400203700000000000000000000E4
:10C5380040048400203700000000000000000000D4
:10C5480040048400601200000000000000000000A9
:10C558004004840060120000000000000000000099
:10C5680040048400003100000000000000000000CA
:10C5780040048400003100000000000000000000BA
:10C588004004840060120000000000000000000069
:10C598004004840060120000000000000000000059
:10C5A80040048400E05B0000000000000000000080
:10C5B80040048400E05B0000000000000000000070
:10C5C8004004840060120000000000000000000029
:10C5D8004004840060120000000000000000000019
:10C5E80040048400E05B0000000000000000000040
:10C5F80040048400E05B0000000000000000000030
:10C6080040048400601200000000000000000000E8
:10C6180040048400C0240000000000000000000066
:10C6280040048400009300000000000000000000A7
:10C6380040048400003100000000000000000000F9
:10C6480040048400003100000000000000000000E9
:10C658004004840000930000000000000000000077
:10C6680040048400C0A80000000000000000000092
:10C678004004840000930000000000000000000057
:10C6880040048400003100000000000000000000A9
:10C6980040048400807A00000000000000000000D0
:10C6A80040048400A00D020000000000000000000B
:10C6B8004004840000EA01000000000000000000BF
:10C6C8004004840000620000000000000000000038
:10C6D8004004840000620000000000000000000028
:10C6E80040048400209601000000000000000000C3
:10C6F80040048400008801000000000000000000E1
:10C708004004840800C4000000000000000000008D
:10C718004004040020B401080000000000000000EC
:10C72800F8C60200010400008C4A00240100000041
:10C73800F8C60200010000000100000040040400E7
:10C74800000000000000000000000000701C020053
:10C7580001040000B84A002401000000701C020017
:10C768000100000001000000CC4A00240000000085
:10C77800E46700244C680024B4680024000000002A
:10C7880000000000000000000000000000000000A1
:10C798000000000000000000000000000000000091
:10C7A8000000000000000000000000000000000081
:08C7B800000000000000000079
:040000050800640982
:00000001FF
